nombre,ruta_completa,ruta_relativa,tamaño_bytes,tamaño_mb,fecha_modificacion,fecha_creacion,extension,hash_md5
listado.txt,/home/elias/Documentos/Embeddings/SIEM/listado.txt,listado.txt,60924,0.06,2025-10-16T13:25:14,2025-10-16T15:09:22.091952,.txt,40364a77bd54b54b70207c726fe7059c
contenido y justificación.docx,/home/elias/Documentos/Embeddings/SIEM/contenido y justificación.docx,contenido y justificación.docx,34796,0.03,2025-10-16T13:21:16,2025-10-16T15:09:22.088592,.docx,00b7114f1b21a086a5976348e4fe5198
Observaciones.docx,/home/elias/Documentos/Embeddings/SIEM/SIEM/Marco_jurídico/Observaciones.docx,SIEM/Marco_jurídico/Observaciones.docx,16367,0.02,2025-10-15T15:54:00,2025-10-16T15:09:53.121521,.docx,b830dd69da677ab0c581d2b5f4582c4e
DOF_300620_Reglas_Comercio_Exterior_2020.docx,/home/elias/Documentos/Embeddings/SIEM/SIEM/ANAM/DOF_300620_Reglas_Comercio_Exterior_2020.docx,SIEM/ANAM/DOF_300620_Reglas_Comercio_Exterior_2020.docx,127647424,121.73,2025-10-16T13:08:10,2025-10-16T15:09:29.783425,.docx,36077d81013d3270fa1779269a0d575c
DOF_140721_ANAM.docx,/home/elias/Documentos/Embeddings/SIEM/SIEM/ANAM/DOF_140721_ANAM.docx,SIEM/ANAM/DOF_140721_ANAM.docx,1417246,1.35,2025-10-16T11:16:52,2025-10-16T15:09:22.315361,.docx,15cca2b7d82fd81e943b43f61f998b8c
imagen_Informe-de-Gestion-Gubernamental_ANAM_2018_2024.docx,/home/elias/Documentos/Embeddings/SIEM/SIEM/ANAM/imagen_Informe-de-Gestion-Gubernamental_ANAM_2018_2024.docx,SIEM/ANAM/imagen_Informe-de-Gestion-Gubernamental_ANAM_2018_2024.docx,511472,0.49,2025-10-16T13:03:48,2025-10-16T15:09:29.796547,.docx,470828a048504f056b2844bc43307135
DOF_211221_Reglamento_ANAM.docx,/home/elias/Documentos/Embeddings/SIEM/SIEM/ANAM/DOF_211221_Reglamento_ANAM.docx,SIEM/ANAM/DOF_211221_Reglamento_ANAM.docx,14685570,14.01,2025-10-16T11:35:36,2025-10-16T15:09:23.410546,.docx,2d4f931b6ea20ae9144bfec01d79c755
DOF_210122_Vehiculos_procedencia_extr.docx,/home/elias/Documentos/Embeddings/SIEM/SIEM/ANAM/DOF_210122_Vehiculos_procedencia_extr.docx,SIEM/ANAM/DOF_210122_Vehiculos_procedencia_extr.docx,104772,0.1,2025-10-16T11:28:54,2025-10-16T15:09:23.045808,.docx,5707a1b02fb4b3fd86f55d3a94a6322b
DOF_220224_Codigo_de_conducta_ANAM.docx,/home/elias/Documentos/Embeddings/SIEM/SIEM/ANAM/DOF_220224_Codigo_de_conducta_ANAM.docx,SIEM/ANAM/DOF_220224_Codigo_de_conducta_ANAM.docx,2717765,2.59,2025-10-16T11:37:26,2025-10-16T15:09:23.478853,.docx,5ef3778d3140c4b14faf6d530be49a9d
DOF_1703_22_Circunscripción_Aduanas_mod.docx,/home/elias/Documentos/Embeddings/SIEM/SIEM/ANAM/DOF_1703_22_Circunscripción_Aduanas_mod.docx,SIEM/ANAM/DOF_1703_22_Circunscripción_Aduanas_mod.docx,547399,0.52,2025-10-16T11:14:52,2025-10-16T15:09:22.329919,.docx,4bc7670ad0912ae28699e485e23a1be4
DOF_121121_Ley_Aduanera.docx,/home/elias/Documentos/Embeddings/SIEM/SIEM/ANAM/DOF_121121_Ley_Aduanera.docx,SIEM/ANAM/DOF_121121_Ley_Aduanera.docx,1708443,1.63,2025-10-16T11:16:28,2025-10-16T15:09:22.279350,.docx,b45b3b36b4bd9c378be05a3dc82f44dd
DOF_241221_Reglas_Comercio_Exterior_2022.docx,/home/elias/Documentos/Embeddings/SIEM/SIEM/ANAM/DOF_241221_Reglas_Comercio_Exterior_2022.docx,SIEM/ANAM/DOF_241221_Reglas_Comercio_Exterior_2022.docx,88518498,84.42,2025-10-16T12:30:32,2025-10-16T15:09:26.557149,.docx,318c157c569b4fc677590cef9f281242
DOF_240619_Reglas_Comercio_Exterior_2019.docx,/home/elias/Documentos/Embeddings/SIEM/SIEM/ANAM/DOF_240619_Reglas_Comercio_Exterior_2019.docx,SIEM/ANAM/DOF_240619_Reglas_Comercio_Exterior_2019.docx,29418422,28.06,2025-10-16T11:47:26,2025-10-16T15:09:24.207626,.docx,f4c029e52b70dfd1f00816dc2b765863
DOF_181217_Reglas_Comercio_Exterior_2018.docx,/home/elias/Documentos/Embeddings/SIEM/SIEM/ANAM/DOF_181217_Reglas_Comercio_Exterior_2018.docx,SIEM/ANAM/DOF_181217_Reglas_Comercio_Exterior_2018.docx,27888596,26.6,2025-10-16T11:28:18,2025-10-16T15:09:23.021532,.docx,41c4411210f5a5322a065a041cb32b02
DOF_010322_Circunscripción_Aduanas.docx,/home/elias/Documentos/Embeddings/SIEM/SIEM/ANAM/DOF_010322_Circunscripción_Aduanas.docx,SIEM/ANAM/DOF_010322_Circunscripción_Aduanas.docx,2100160,2.0,2025-10-16T11:16:04,2025-10-16T15:09:22.206582,.docx,20739f84b9982fb3026cb5f0566677ee
DOF_190122_Vehiculos_procedencia_extr.docx,/home/elias/Documentos/Embeddings/SIEM/SIEM/ANAM/DOF_190122_Vehiculos_procedencia_extr.docx,SIEM/ANAM/DOF_190122_Vehiculos_procedencia_extr.docx,798626,0.76,2025-10-16T11:28:48,2025-10-16T15:09:23.042630,.docx,ec795015f264d0956a272227bf403bff
Copia_09_01_1995.docx,/home/elias/Documentos/Embeddings/SIEM/SIEM/Marco_jurídico/02_Tratados_internacionales/Comercio_exterior_paises_con_tratados_firmados/TLC_capítulos_de_inversión/Copia_09_01_1995.docx,SIEM/Marco_jurídico/02_Tratados_internacionales/Comercio_exterior_paises_con_tratados_firmados/TLC_capítulos_de_inversión/Copia_09_01_1995.docx,78220,0.07,2025-10-15T11:28:46,2025-10-16T15:10:07.384298,.docx,c2b5cb591e0d1b4fce681be96c8d496e
Copia_29_04_2016.docx,/home/elias/Documentos/Embeddings/SIEM/SIEM/Marco_jurídico/02_Tratados_internacionales/Comercio_exterior_paises_con_tratados_firmados/TLC_capítulos_de_inversión/Copia_29_04_2016.docx,SIEM/Marco_jurídico/02_Tratados_internacionales/Comercio_exterior_paises_con_tratados_firmados/TLC_capítulos_de_inversión/Copia_29_04_2016.docx,84039,0.08,2025-10-15T11:28:54,2025-10-16T15:10:07.386750,.docx,7ff164697e8c4f8e817e30973d24e6ec
Kuwait.docx,/home/elias/Documentos/Embeddings/SIEM/SIEM/Marco_jurídico/02_Tratados_internacionales/Comercio_exterior_paises_con_tratados_firmados/Acuerdos_internacionales_inversión/Acuerdos_de_promoción_protección_reciproca_inversiones/Kuwait.docx,SIEM/Marco_jurídico/02_Tratados_internacionales/Comercio_exterior_paises_con_tratados_firmados/Acuerdos_internacionales_inversión/Acuerdos_de_promoción_protección_reciproca_inversiones/Kuwait.docx,2908929,2.77,2025-10-14T11:46:58,2025-10-16T15:09:58.816811,.docx,9e5540a748eecc3eaf572b4df0ec101c
Grecia.docx,/home/elias/Documentos/Embeddings/SIEM/SIEM/Marco_jurídico/02_Tratados_internacionales/Comercio_exterior_paises_con_tratados_firmados/Acuerdos_internacionales_inversión/Acuerdos_de_promoción_protección_reciproca_inversiones/Grecia.docx,SIEM/Marco_jurídico/02_Tratados_internacionales/Comercio_exterior_paises_con_tratados_firmados/Acuerdos_internacionales_inversión/Acuerdos_de_promoción_protección_reciproca_inversiones/Grecia.docx,2009842,1.92,2025-10-14T11:43:04,2025-10-16T15:09:58.545822,.docx,24cc21fc3ea380e54602526054b681de
China.docx,/home/elias/Documentos/Embeddings/SIEM/SIEM/Marco_jurídico/02_Tratados_internacionales/Comercio_exterior_paises_con_tratados_firmados/Acuerdos_internacionales_inversión/Acuerdos_de_promoción_protección_reciproca_inversiones/China.docx,SIEM/Marco_jurídico/02_Tratados_internacionales/Comercio_exterior_paises_con_tratados_firmados/Acuerdos_internacionales_inversión/Acuerdos_de_promoción_protección_reciproca_inversiones/China.docx,2730740,2.6,2025-10-14T11:35:22,2025-10-16T15:09:58.015657,.docx,22fb4c91a7c3cd103b1c35a711d4bd30
Corea.docx,/home/elias/Documentos/Embeddings/SIEM/SIEM/Marco_jurídico/02_Tratados_internacionales/Comercio_exterior_paises_con_tratados_firmados/Acuerdos_internacionales_inversión/Acuerdos_de_promoción_protección_reciproca_inversiones/Corea.docx,SIEM/Marco_jurídico/02_Tratados_internacionales/Comercio_exterior_paises_con_tratados_firmados/Acuerdos_internacionales_inversión/Acuerdos_de_promoción_protección_reciproca_inversiones/Corea.docx,2307427,2.2,2025-10-14T11:36:10,2025-10-16T15:09:58.073629,.docx,d5d539260319084a6417653be7c089ed
Cuba.docx,/home/elias/Documentos/Embeddings/SIEM/SIEM/Marco_jurídico/02_Tratados_internacionales/Comercio_exterior_paises_con_tratados_firmados/Acuerdos_internacionales_inversión/Acuerdos_de_promoción_protección_reciproca_inversiones/Cuba.docx,SIEM/Marco_jurídico/02_Tratados_internacionales/Comercio_exterior_paises_con_tratados_firmados/Acuerdos_internacionales_inversión/Acuerdos_de_promoción_protección_reciproca_inversiones/Cuba.docx,2612547,2.49,2025-10-14T11:37:12,2025-10-16T15:09:58.139074,.docx,605bf5e960ee8238df4a424952a926ab
Turquia.docx,/home/elias/Documentos/Embeddings/SIEM/SIEM/Marco_jurídico/02_Tratados_internacionales/Comercio_exterior_paises_con_tratados_firmados/Acuerdos_internacionales_inversión/Acuerdos_de_promoción_protección_reciproca_inversiones/Turquia.docx,SIEM/Marco_jurídico/02_Tratados_internacionales/Comercio_exterior_paises_con_tratados_firmados/Acuerdos_internacionales_inversión/Acuerdos_de_promoción_protección_reciproca_inversiones/Turquia.docx,3337525,3.18,2025-10-14T11:55:50,2025-10-16T15:09:59.397048,.docx,52eb4a6959ffe5cfc1696100c125c6a6
Portugal.docx,/home/elias/Documentos/Embeddings/SIEM/SIEM/Marco_jurídico/02_Tratados_internacionales/Comercio_exterior_paises_con_tratados_firmados/Acuerdos_internacionales_inversión/Acuerdos_de_promoción_protección_reciproca_inversiones/Portugal.docx,SIEM/Marco_jurídico/02_Tratados_internacionales/Comercio_exterior_paises_con_tratados_firmados/Acuerdos_internacionales_inversión/Acuerdos_de_promoción_protección_reciproca_inversiones/Portugal.docx,2089436,1.99,2025-10-14T11:48:36,2025-10-16T15:09:58.924752,.docx,1374e17fe7bca0379ce01d7c06378c52
Reino_unido.docx,/home/elias/Documentos/Embeddings/SIEM/SIEM/Marco_jurídico/02_Tratados_internacionales/Comercio_exterior_paises_con_tratados_firmados/Acuerdos_internacionales_inversión/Acuerdos_de_promoción_protección_reciproca_inversiones/Reino_unido.docx,SIEM/Marco_jurídico/02_Tratados_internacionales/Comercio_exterior_paises_con_tratados_firmados/Acuerdos_internacionales_inversión/Acuerdos_de_promoción_protección_reciproca_inversiones/Reino_unido.docx,2756202,2.63,2025-10-14T11:49:42,2025-10-16T15:09:58.994026,.docx,4f58118dae5e1fad1c9a024c4cfb6f52
Argentina.docx,/home/elias/Documentos/Embeddings/SIEM/SIEM/Marco_jurídico/02_Tratados_internacionales/Comercio_exterior_paises_con_tratados_firmados/Acuerdos_internacionales_inversión/Acuerdos_de_promoción_protección_reciproca_inversiones/Argentina.docx,SIEM/Marco_jurídico/02_Tratados_internacionales/Comercio_exterior_paises_con_tratados_firmados/Acuerdos_internacionales_inversión/Acuerdos_de_promoción_protección_reciproca_inversiones/Argentina.docx,2124388,2.03,2025-10-14T11:31:02,2025-10-16T15:09:57.699414,.docx,3a88329dd58d5ede901b3cdda74fdf51
Alemania.docx,/home/elias/Documentos/Embeddings/SIEM/SIEM/Marco_jurídico/02_Tratados_internacionales/Comercio_exterior_paises_con_tratados_firmados/Acuerdos_internacionales_inversión/Acuerdos_de_promoción_protección_reciproca_inversiones/Alemania.docx,SIEM/Marco_jurídico/02_Tratados_internacionales/Comercio_exterior_paises_con_tratados_firmados/Acuerdos_internacionales_inversión/Acuerdos_de_promoción_protección_reciproca_inversiones/Alemania.docx,1969756,1.88,2025-10-14T11:30:24,2025-10-16T15:09:57.646005,.docx,e16c5b0636b1ba3c551d1fea4278b2d6
Finlandia.docx,/home/elias/Documentos/Embeddings/SIEM/SIEM/Marco_jurídico/02_Tratados_internacionales/Comercio_exterior_paises_con_tratados_firmados/Acuerdos_internacionales_inversión/Acuerdos_de_promoción_protección_reciproca_inversiones/Finlandia.docx,SIEM/Marco_jurídico/02_Tratados_internacionales/Comercio_exterior_paises_con_tratados_firmados/Acuerdos_internacionales_inversión/Acuerdos_de_promoción_protección_reciproca_inversiones/Finlandia.docx,2021544,1.93,2025-10-14T11:41:40,2025-10-16T15:09:58.452845,.docx,5a11a1510c5981302c005b28f1c2b78f
Trinidad_tobago.docx,/home/elias/Documentos/Embeddings/SIEM/SIEM/Marco_jurídico/02_Tratados_internacionales/Comercio_exterior_paises_con_tratados_firmados/Acuerdos_internacionales_inversión/Acuerdos_de_promoción_protección_reciproca_inversiones/Trinidad_tobago.docx,SIEM/Marco_jurídico/02_Tratados_internacionales/Comercio_exterior_paises_con_tratados_firmados/Acuerdos_internacionales_inversión/Acuerdos_de_promoción_protección_reciproca_inversiones/Trinidad_tobago.docx,2778432,2.65,2025-10-14T11:54:38,2025-10-16T15:09:59.312569,.docx,6b37b49dd94ab52f9aad1fc1ce91d153
Francia.docx,/home/elias/Documentos/Embeddings/SIEM/SIEM/Marco_jurídico/02_Tratados_internacionales/Comercio_exterior_paises_con_tratados_firmados/Acuerdos_internacionales_inversión/Acuerdos_de_promoción_protección_reciproca_inversiones/Francia.docx,SIEM/Marco_jurídico/02_Tratados_internacionales/Comercio_exterior_paises_con_tratados_firmados/Acuerdos_internacionales_inversión/Acuerdos_de_promoción_protección_reciproca_inversiones/Francia.docx,1612884,1.54,2025-10-14T11:42:16,2025-10-16T15:09:58.494300,.docx,a3ba797d4c177ce17bc89046c2de5266
Emriatos_arabes.docx,/home/elias/Documentos/Embeddings/SIEM/SIEM/Marco_jurídico/02_Tratados_internacionales/Comercio_exterior_paises_con_tratados_firmados/Acuerdos_internacionales_inversión/Acuerdos_de_promoción_protección_reciproca_inversiones/Emriatos_arabes.docx,SIEM/Marco_jurídico/02_Tratados_internacionales/Comercio_exterior_paises_con_tratados_firmados/Acuerdos_internacionales_inversión/Acuerdos_de_promoción_protección_reciproca_inversiones/Emriatos_arabes.docx,3366945,3.21,2025-10-14T11:39:00,2025-10-16T15:09:58.270715,.docx,680b1318ca2505b10b00a8ccda13af03
Dinamarca.docx,/home/elias/Documentos/Embeddings/SIEM/SIEM/Marco_jurídico/02_Tratados_internacionales/Comercio_exterior_paises_con_tratados_firmados/Acuerdos_internacionales_inversión/Acuerdos_de_promoción_protección_reciproca_inversiones/Dinamarca.docx,SIEM/Marco_jurídico/02_Tratados_internacionales/Comercio_exterior_paises_con_tratados_firmados/Acuerdos_internacionales_inversión/Acuerdos_de_promoción_protección_reciproca_inversiones/Dinamarca.docx,1871694,1.78,2025-10-14T11:37:52,2025-10-16T15:09:58.186299,.docx,697a529c37c350bc5315e886ac218fe1
Austria.docx,/home/elias/Documentos/Embeddings/SIEM/SIEM/Marco_jurídico/02_Tratados_internacionales/Comercio_exterior_paises_con_tratados_firmados/Acuerdos_internacionales_inversión/Acuerdos_de_promoción_protección_reciproca_inversiones/Austria.docx,SIEM/Marco_jurídico/02_Tratados_internacionales/Comercio_exterior_paises_con_tratados_firmados/Acuerdos_internacionales_inversión/Acuerdos_de_promoción_protección_reciproca_inversiones/Austria.docx,2221744,2.12,2025-10-14T11:31:48,2025-10-16T15:09:57.755473,.docx,ac471e0e4f61e9f0b17df6148b963e56
España.docx,/home/elias/Documentos/Embeddings/SIEM/SIEM/Marco_jurídico/02_Tratados_internacionales/Comercio_exterior_paises_con_tratados_firmados/Acuerdos_internacionales_inversión/Acuerdos_de_promoción_protección_reciproca_inversiones/España.docx,SIEM/Marco_jurídico/02_Tratados_internacionales/Comercio_exterior_paises_con_tratados_firmados/Acuerdos_internacionales_inversión/Acuerdos_de_promoción_protección_reciproca_inversiones/España.docx,2186905,2.09,2025-10-14T11:40:54,2025-10-16T15:09:58.401392,.docx,6bd07f46457e1ffa80e255f504f42367
Singapur.docx,/home/elias/Documentos/Embeddings/SIEM/SIEM/Marco_jurídico/02_Tratados_internacionales/Comercio_exterior_paises_con_tratados_firmados/Acuerdos_internacionales_inversión/Acuerdos_de_promoción_protección_reciproca_inversiones/Singapur.docx,SIEM/Marco_jurídico/02_Tratados_internacionales/Comercio_exterior_paises_con_tratados_firmados/Acuerdos_internacionales_inversión/Acuerdos_de_promoción_protección_reciproca_inversiones/Singapur.docx,3231698,3.08,2025-10-14T11:51:44,2025-10-16T15:09:59.131413,.docx,8a385038820553e1dbe9df83a5c5d116
Italia.docx,/home/elias/Documentos/Embeddings/SIEM/SIEM/Marco_jurídico/02_Tratados_internacionales/Comercio_exterior_paises_con_tratados_firmados/Acuerdos_internacionales_inversión/Acuerdos_de_promoción_protección_reciproca_inversiones/Italia.docx,SIEM/Marco_jurídico/02_Tratados_internacionales/Comercio_exterior_paises_con_tratados_firmados/Acuerdos_internacionales_inversión/Acuerdos_de_promoción_protección_reciproca_inversiones/Italia.docx,2012773,1.92,2025-10-14T11:45:56,2025-10-16T15:09:58.743659,.docx,6eba118501aa58139111cdb03df90975
Belgica y Luxemburgo.docx,/home/elias/Documentos/Embeddings/SIEM/SIEM/Marco_jurídico/02_Tratados_internacionales/Comercio_exterior_paises_con_tratados_firmados/Acuerdos_internacionales_inversión/Acuerdos_de_promoción_protección_reciproca_inversiones/Belgica y Luxemburgo.docx,SIEM/Marco_jurídico/02_Tratados_internacionales/Comercio_exterior_paises_con_tratados_firmados/Acuerdos_internacionales_inversión/Acuerdos_de_promoción_protección_reciproca_inversiones/Belgica y Luxemburgo.docx,1966157,1.88,2025-10-14T11:34:24,2025-10-16T15:09:57.946624,.docx,836e8624d555bf28ae5a597e9d1dea44
Hong_kong.docx,/home/elias/Documentos/Embeddings/SIEM/SIEM/Marco_jurídico/02_Tratados_internacionales/Comercio_exterior_paises_con_tratados_firmados/Acuerdos_internacionales_inversión/Acuerdos_de_promoción_protección_reciproca_inversiones/Hong_kong.docx,SIEM/Marco_jurídico/02_Tratados_internacionales/Comercio_exterior_paises_con_tratados_firmados/Acuerdos_internacionales_inversión/Acuerdos_de_promoción_protección_reciproca_inversiones/Hong_kong.docx,3502425,3.34,2025-10-14T11:44:18,2025-10-16T15:09:58.633530,.docx,1769ea648745e0365d7d123462bb61b4
Suiza.docx,/home/elias/Documentos/Embeddings/SIEM/SIEM/Marco_jurídico/02_Tratados_internacionales/Comercio_exterior_paises_con_tratados_firmados/Acuerdos_internacionales_inversión/Acuerdos_de_promoción_protección_reciproca_inversiones/Suiza.docx,SIEM/Marco_jurídico/02_Tratados_internacionales/Comercio_exterior_paises_con_tratados_firmados/Acuerdos_internacionales_inversión/Acuerdos_de_promoción_protección_reciproca_inversiones/Suiza.docx,2257741,2.15,2025-10-14T11:53:30,2025-10-16T15:09:59.242868,.docx,8465c9d6f1003a3b488942d4b30abcab
Eslovaquia.docx,/home/elias/Documentos/Embeddings/SIEM/SIEM/Marco_jurídico/02_Tratados_internacionales/Comercio_exterior_paises_con_tratados_firmados/Acuerdos_internacionales_inversión/Acuerdos_de_promoción_protección_reciproca_inversiones/Eslovaquia.docx,SIEM/Marco_jurídico/02_Tratados_internacionales/Comercio_exterior_paises_con_tratados_firmados/Acuerdos_internacionales_inversión/Acuerdos_de_promoción_protección_reciproca_inversiones/Eslovaquia.docx,2993540,2.85,2025-10-14T11:40:06,2025-10-16T15:09:58.346396,.docx,f92015c79c990b373f534f31bdf254e6
Belarus.docx,/home/elias/Documentos/Embeddings/SIEM/SIEM/Marco_jurídico/02_Tratados_internacionales/Comercio_exterior_paises_con_tratados_firmados/Acuerdos_internacionales_inversión/Acuerdos_de_promoción_protección_reciproca_inversiones/Belarus.docx,SIEM/Marco_jurídico/02_Tratados_internacionales/Comercio_exterior_paises_con_tratados_firmados/Acuerdos_internacionales_inversión/Acuerdos_de_promoción_protección_reciproca_inversiones/Belarus.docx,2718497,2.59,2025-10-14T11:33:42,2025-10-16T15:09:57.896976,.docx,b3459796d18761b7db15003c1a84dbf1
Uruguay.docx,/home/elias/Documentos/Embeddings/SIEM/SIEM/Marco_jurídico/02_Tratados_internacionales/Comercio_exterior_paises_con_tratados_firmados/Acuerdos_internacionales_inversión/Acuerdos_de_promoción_protección_reciproca_inversiones/Uruguay.docx,SIEM/Marco_jurídico/02_Tratados_internacionales/Comercio_exterior_paises_con_tratados_firmados/Acuerdos_internacionales_inversión/Acuerdos_de_promoción_protección_reciproca_inversiones/Uruguay.docx,1811755,1.73,2025-10-14T11:56:38,2025-10-16T15:09:59.443771,.docx,142dab2732fd845bb48671c64ee5d84e
Bahren.docx,/home/elias/Documentos/Embeddings/SIEM/SIEM/Marco_jurídico/02_Tratados_internacionales/Comercio_exterior_paises_con_tratados_firmados/Acuerdos_internacionales_inversión/Acuerdos_de_promoción_protección_reciproca_inversiones/Bahren.docx,SIEM/Marco_jurídico/02_Tratados_internacionales/Comercio_exterior_paises_con_tratados_firmados/Acuerdos_internacionales_inversión/Acuerdos_de_promoción_protección_reciproca_inversiones/Bahren.docx,2896588,2.76,2025-10-14T11:32:48,2025-10-16T15:09:57.828588,.docx,ef2efd8a70153fd735f334a5c3509f00
Republica_checa.docx,/home/elias/Documentos/Embeddings/SIEM/SIEM/Marco_jurídico/02_Tratados_internacionales/Comercio_exterior_paises_con_tratados_firmados/Acuerdos_internacionales_inversión/Acuerdos_de_promoción_protección_reciproca_inversiones/Republica_checa.docx,SIEM/Marco_jurídico/02_Tratados_internacionales/Comercio_exterior_paises_con_tratados_firmados/Acuerdos_internacionales_inversión/Acuerdos_de_promoción_protección_reciproca_inversiones/Republica_checa.docx,2232009,2.13,2025-10-14T11:50:32,2025-10-16T15:09:59.049999,.docx,67e7ffab800e1ba85e85f686b400dda3
Islandia.docx,/home/elias/Documentos/Embeddings/SIEM/SIEM/Marco_jurídico/02_Tratados_internacionales/Comercio_exterior_paises_con_tratados_firmados/Acuerdos_internacionales_inversión/Acuerdos_de_promoción_protección_reciproca_inversiones/Islandia.docx,SIEM/Marco_jurídico/02_Tratados_internacionales/Comercio_exterior_paises_con_tratados_firmados/Acuerdos_internacionales_inversión/Acuerdos_de_promoción_protección_reciproca_inversiones/Islandia.docx,2348517,2.24,2025-10-14T11:45:12,2025-10-16T15:09:58.692492,.docx,c2d68be1bcc5654780bef8fc6b3ff7c0
Paises_bajos.docx,/home/elias/Documentos/Embeddings/SIEM/SIEM/Marco_jurídico/02_Tratados_internacionales/Comercio_exterior_paises_con_tratados_firmados/Acuerdos_internacionales_inversión/Acuerdos_de_promoción_protección_reciproca_inversiones/Paises_bajos.docx,SIEM/Marco_jurídico/02_Tratados_internacionales/Comercio_exterior_paises_con_tratados_firmados/Acuerdos_internacionales_inversión/Acuerdos_de_promoción_protección_reciproca_inversiones/Paises_bajos.docx,2196072,2.09,2025-10-14T11:47:50,2025-10-16T15:09:58.872169,.docx,ffceb854aa786890d2fab792f904eb29
Suecia.docx,/home/elias/Documentos/Embeddings/SIEM/SIEM/Marco_jurídico/02_Tratados_internacionales/Comercio_exterior_paises_con_tratados_firmados/Acuerdos_internacionales_inversión/Acuerdos_de_promoción_protección_reciproca_inversiones/Suecia.docx,SIEM/Marco_jurídico/02_Tratados_internacionales/Comercio_exterior_paises_con_tratados_firmados/Acuerdos_internacionales_inversión/Acuerdos_de_promoción_protección_reciproca_inversiones/Suecia.docx,2171518,2.07,2025-10-14T11:52:40,2025-10-16T15:09:59.186156,.docx,9f25e3ffe3c939c4a07e9a5cab3cb307
Protocolo_Exportaci_n_de_tabaco__Espa_ol_.docx,/home/elias/Documentos/Embeddings/SIEM/SIEM/Marco_jurídico/02_Tratados_internacionales/Comercio_exterior_paises_con_tratados_firmados/Tratdos_firmados_con_méxico/América_latina/Asia_pacífico/Protocolo_Exportaci_n_de_tabaco__Espa_ol_.docx,SIEM/Marco_jurídico/02_Tratados_internacionales/Comercio_exterior_paises_con_tratados_firmados/Tratdos_firmados_con_méxico/América_latina/Asia_pacífico/Protocolo_Exportaci_n_de_tabaco__Espa_ol_.docx,220838,0.21,2025-10-14T17:58:02,2025-10-16T15:10:15.826903,.docx,5f716e7e274fa822b245795445f87aa3
SE_decision_6_Japon.docx,/home/elias/Documentos/Embeddings/SIEM/SIEM/Marco_jurídico/02_Tratados_internacionales/Comercio_exterior_paises_con_tratados_firmados/Tratdos_firmados_con_méxico/América_latina/Asia_pacífico/SE_decision_6_Japon.docx,SIEM/Marco_jurídico/02_Tratados_internacionales/Comercio_exterior_paises_con_tratados_firmados/Tratdos_firmados_con_méxico/América_latina/Asia_pacífico/SE_decision_6_Japon.docx,86376,0.08,2025-10-14T17:45:28,2025-10-16T15:10:15.944383,.docx,b2206fb6b07a47fcaf0e277ff5d6bb18
Protocolo_para_la_exportacion_de_arandanos_a_China__Espa_ol_.docx,/home/elias/Documentos/Embeddings/SIEM/SIEM/Marco_jurídico/02_Tratados_internacionales/Comercio_exterior_paises_con_tratados_firmados/Tratdos_firmados_con_méxico/América_latina/Asia_pacífico/Protocolo_para_la_exportacion_de_arandanos_a_China__Espa_ol_.docx,SIEM/Marco_jurídico/02_Tratados_internacionales/Comercio_exterior_paises_con_tratados_firmados/Tratdos_firmados_con_méxico/América_latina/Asia_pacífico/Protocolo_para_la_exportacion_de_arandanos_a_China__Espa_ol_.docx,298020,0.28,2025-10-14T17:59:40,2025-10-16T15:10:15.855657,.docx,2572cc7fbcc622b020a43552b33f09ec
Protocolo__Banano_M_xico_China__Espa_ol_.docx,/home/elias/Documentos/Embeddings/SIEM/SIEM/Marco_jurídico/02_Tratados_internacionales/Comercio_exterior_paises_con_tratados_firmados/Tratdos_firmados_con_méxico/América_latina/Asia_pacífico/Protocolo__Banano_M_xico_China__Espa_ol_.docx,SIEM/Marco_jurídico/02_Tratados_internacionales/Comercio_exterior_paises_con_tratados_firmados/Tratdos_firmados_con_méxico/América_latina/Asia_pacífico/Protocolo__Banano_M_xico_China__Espa_ol_.docx,336077,0.32,2025-10-14T17:55:12,2025-10-16T15:10:15.864504,.docx,ced02e73559c37275c00aab022d0f785
Se_decision_4_Japon.docx,/home/elias/Documentos/Embeddings/SIEM/SIEM/Marco_jurídico/02_Tratados_internacionales/Comercio_exterior_paises_con_tratados_firmados/Tratdos_firmados_con_méxico/América_latina/Asia_pacífico/Se_decision_4_Japon.docx,SIEM/Marco_jurídico/02_Tratados_internacionales/Comercio_exterior_paises_con_tratados_firmados/Tratdos_firmados_con_méxico/América_latina/Asia_pacífico/Se_decision_4_Japon.docx,26817,0.03,2025-10-14T17:44:32,2025-10-16T15:10:15.934408,.docx,c81c5a2c23ee15c22e3c895bebb74b9b
Protocolo_para_exportaci_n_de_Sorgo_a_China__Espa_ol_.docx,/home/elias/Documentos/Embeddings/SIEM/SIEM/Marco_jurídico/02_Tratados_internacionales/Comercio_exterior_paises_con_tratados_firmados/Tratdos_firmados_con_méxico/América_latina/Asia_pacífico/Protocolo_para_exportaci_n_de_Sorgo_a_China__Espa_ol_.docx,SIEM/Marco_jurídico/02_Tratados_internacionales/Comercio_exterior_paises_con_tratados_firmados/Tratdos_firmados_con_méxico/América_latina/Asia_pacífico/Protocolo_para_exportaci_n_de_Sorgo_a_China__Espa_ol_.docx,126511,0.12,2025-10-14T17:58:34,2025-10-16T15:10:15.847769,.docx,754adc6882619d7360d5905da16a3527
SE_decision_1_Japon.docx,/home/elias/Documentos/Embeddings/SIEM/SIEM/Marco_jurídico/02_Tratados_internacionales/Comercio_exterior_paises_con_tratados_firmados/Tratdos_firmados_con_méxico/América_latina/Asia_pacífico/SE_decision_1_Japon.docx,SIEM/Marco_jurídico/02_Tratados_internacionales/Comercio_exterior_paises_con_tratados_firmados/Tratdos_firmados_con_méxico/América_latina/Asia_pacífico/SE_decision_1_Japon.docx,114429,0.11,2025-10-14T17:44:26,2025-10-16T15:10:15.933407,.docx,6e559d3b81cb4e76a30e036fdc5e3b72
Protocolo_exportaci_n_de_zarzarmora_y_frambuesa__Espa_ol_.docx,/home/elias/Documentos/Embeddings/SIEM/SIEM/Marco_jurídico/02_Tratados_internacionales/Comercio_exterior_paises_con_tratados_firmados/Tratdos_firmados_con_méxico/América_latina/Asia_pacífico/Protocolo_exportaci_n_de_zarzarmora_y_frambuesa__Espa_ol_.docx,SIEM/Marco_jurídico/02_Tratados_internacionales/Comercio_exterior_paises_con_tratados_firmados/Tratdos_firmados_con_méxico/América_latina/Asia_pacífico/Protocolo_exportaci_n_de_zarzarmora_y_frambuesa__Espa_ol_.docx,645938,0.62,2025-10-14T18:00:14,2025-10-16T15:10:15.843821,.docx,c6f9e1844f12bb7c5f6ce91fada339b1
SE_decision_7_Japon.docx,/home/elias/Documentos/Embeddings/SIEM/SIEM/Marco_jurídico/02_Tratados_internacionales/Comercio_exterior_paises_con_tratados_firmados/Tratdos_firmados_con_méxico/América_latina/Asia_pacífico/SE_decision_7_Japon.docx,SIEM/Marco_jurídico/02_Tratados_internacionales/Comercio_exterior_paises_con_tratados_firmados/Tratdos_firmados_con_méxico/América_latina/Asia_pacífico/SE_decision_7_Japon.docx,131313,0.13,2025-10-14T17:43:58,2025-10-16T15:10:15.948267,.docx,866673487f7b4c64391f95650a1a8dd4
Protocolo_de_Aguacate_para_China.docx,/home/elias/Documentos/Embeddings/SIEM/SIEM/Marco_jurídico/02_Tratados_internacionales/Comercio_exterior_paises_con_tratados_firmados/Tratdos_firmados_con_méxico/América_latina/Asia_pacífico/Protocolo_de_Aguacate_para_China.docx,SIEM/Marco_jurídico/02_Tratados_internacionales/Comercio_exterior_paises_con_tratados_firmados/Tratdos_firmados_con_méxico/América_latina/Asia_pacífico/Protocolo_de_Aguacate_para_China.docx,2599836,2.48,2025-10-14T18:00:58,2025-10-16T15:10:15.754772,.docx,256262987b9a42d782b2d90204cf6f3d
SE_decision_5_Japon.docx,/home/elias/Documentos/Embeddings/SIEM/SIEM/Marco_jurídico/02_Tratados_internacionales/Comercio_exterior_paises_con_tratados_firmados/Tratdos_firmados_con_méxico/América_latina/Asia_pacífico/SE_decision_5_Japon.docx,SIEM/Marco_jurídico/02_Tratados_internacionales/Comercio_exterior_paises_con_tratados_firmados/Tratdos_firmados_con_méxico/América_latina/Asia_pacífico/SE_decision_5_Japon.docx,277954,0.27,2025-10-14T17:45:10,2025-10-16T15:10:15.941767,.docx,6164aff39850fe84ec72f2a6c4dbb77d
Protocolo_Exportaci_n_de_Ma_z__Espa_ol_.docx,/home/elias/Documentos/Embeddings/SIEM/SIEM/Marco_jurídico/02_Tratados_internacionales/Comercio_exterior_paises_con_tratados_firmados/Tratdos_firmados_con_méxico/América_latina/Asia_pacífico/Protocolo_Exportaci_n_de_Ma_z__Espa_ol_.docx,SIEM/Marco_jurídico/02_Tratados_internacionales/Comercio_exterior_paises_con_tratados_firmados/Tratdos_firmados_con_méxico/América_latina/Asia_pacífico/Protocolo_Exportaci_n_de_Ma_z__Espa_ol_.docx,603413,0.58,2025-10-14T17:57:40,2025-10-16T15:10:15.820914,.docx,73b11296348e65e241da8072c0b0b571
Protocolo_de_uva_de_mesa_para_China.docx,/home/elias/Documentos/Embeddings/SIEM/SIEM/Marco_jurídico/02_Tratados_internacionales/Comercio_exterior_paises_con_tratados_firmados/Tratdos_firmados_con_méxico/América_latina/Asia_pacífico/Protocolo_de_uva_de_mesa_para_China.docx,SIEM/Marco_jurídico/02_Tratados_internacionales/Comercio_exterior_paises_con_tratados_firmados/Tratdos_firmados_con_méxico/América_latina/Asia_pacífico/Protocolo_de_uva_de_mesa_para_China.docx,1988717,1.9,2025-10-14T17:57:16,2025-10-16T15:10:15.805070,.docx,ad686b4ec3a4af21431cdc909b4b06a7
Decision_2_Reglas_y_Procedimientos_de_la_Comision_Libre.docx,/home/elias/Documentos/Embeddings/SIEM/SIEM/Marco_jurídico/02_Tratados_internacionales/Comercio_exterior_paises_con_tratados_firmados/Tratdos_firmados_con_méxico/América_latina/Iniciativas_regionales/Alianza_del_pacífico/Decision_2_Reglas_y_Procedimientos_de_la_Comision_Libre.docx,SIEM/Marco_jurídico/02_Tratados_internacionales/Comercio_exterior_paises_con_tratados_firmados/Tratdos_firmados_con_méxico/América_latina/Iniciativas_regionales/Alianza_del_pacífico/Decision_2_Reglas_y_Procedimientos_de_la_Comision_Libre.docx,97956,0.09,2025-10-14T16:25:32,2025-10-16T15:10:23.353100,.docx,62876bab6bfb6a28cd959e0206d37953
Decision_1_de_la_Comision_de_Libre_Comercio.docx,/home/elias/Documentos/Embeddings/SIEM/SIEM/Marco_jurídico/02_Tratados_internacionales/Comercio_exterior_paises_con_tratados_firmados/Tratdos_firmados_con_méxico/América_latina/Iniciativas_regionales/Alianza_del_pacífico/Decision_1_de_la_Comision_de_Libre_Comercio.docx,SIEM/Marco_jurídico/02_Tratados_internacionales/Comercio_exterior_paises_con_tratados_firmados/Tratdos_firmados_con_méxico/América_latina/Iniciativas_regionales/Alianza_del_pacífico/Decision_1_de_la_Comision_de_Libre_Comercio.docx,132955,0.13,2025-10-14T16:25:14,2025-10-16T15:10:23.341558,.docx,667d55ccdfdf6847302f1fc59102d44c
Decision_3_Por_la_que_se_aprueban_las_Reglas_de_Procedimiento_de_los_T._....docx,/home/elias/Documentos/Embeddings/SIEM/SIEM/Marco_jurídico/02_Tratados_internacionales/Comercio_exterior_paises_con_tratados_firmados/Tratdos_firmados_con_méxico/América_latina/Iniciativas_regionales/Alianza_del_pacífico/Decision_3_Por_la_que_se_aprueban_las_Reglas_de_Procedimiento_de_los_T._....docx,SIEM/Marco_jurídico/02_Tratados_internacionales/Comercio_exterior_paises_con_tratados_firmados/Tratdos_firmados_con_méxico/América_latina/Iniciativas_regionales/Alianza_del_pacífico/Decision_3_Por_la_que_se_aprueban_las_Reglas_de_Procedimiento_de_los_T._....docx,208783,0.2,2025-10-14T16:26:04,2025-10-16T15:10:23.368043,.docx,e08f410e2f46bee5db9689b7838b01d5
Decision5-FTC-s.docx,/home/elias/Documentos/Embeddings/SIEM/SIEM/Marco_jurídico/02_Tratados_internacionales/Comercio_exterior_paises_con_tratados_firmados/Tratdos_firmados_con_méxico/América_latina/Iniciativas_regionales/Alianza_del_pacífico/Decision5-FTC-s.docx,SIEM/Marco_jurídico/02_Tratados_internacionales/Comercio_exterior_paises_con_tratados_firmados/Tratdos_firmados_con_méxico/América_latina/Iniciativas_regionales/Alianza_del_pacífico/Decision5-FTC-s.docx,407335,0.39,2025-10-14T16:26:48,2025-10-16T15:10:23.334562,.docx,98092651d968c9de24061e2601f604c0
Acuerdo Marco de la Alianza del Pacífico.docx,/home/elias/Documentos/Embeddings/SIEM/SIEM/Marco_jurídico/02_Tratados_internacionales/Comercio_exterior_paises_con_tratados_firmados/Tratdos_firmados_con_méxico/América_latina/Iniciativas_regionales/Alianza_del_pacífico/Acuerdo Marco de la Alianza del Pacífico.docx,SIEM/Marco_jurídico/02_Tratados_internacionales/Comercio_exterior_paises_con_tratados_firmados/Tratdos_firmados_con_méxico/América_latina/Iniciativas_regionales/Alianza_del_pacífico/Acuerdo Marco de la Alianza del Pacífico.docx,1010776,0.96,2025-10-14T16:32:50,2025-10-16T15:10:22.801308,.docx,7b6c6a22647c198529159f9b152a3fa7
Decision_4_Procedimiento_Gral.emision_y_recepcion_certificados_origen.docx,/home/elias/Documentos/Embeddings/SIEM/SIEM/Marco_jurídico/02_Tratados_internacionales/Comercio_exterior_paises_con_tratados_firmados/Tratdos_firmados_con_méxico/América_latina/Iniciativas_regionales/Alianza_del_pacífico/Decision_4_Procedimiento_Gral.emision_y_recepcion_certificados_origen.docx,SIEM/Marco_jurídico/02_Tratados_internacionales/Comercio_exterior_paises_con_tratados_firmados/Tratdos_firmados_con_méxico/América_latina/Iniciativas_regionales/Alianza_del_pacífico/Decision_4_Procedimiento_Gral.emision_y_recepcion_certificados_origen.docx,98392,0.09,2025-10-14T16:26:18,2025-10-16T15:10:23.378023,.docx,ac9baec849415413c65aad71a52c3a0e
Segundo_Protocolo_Modificatorio_del_PA.docx,/home/elias/Documentos/Embeddings/SIEM/SIEM/Marco_jurídico/02_Tratados_internacionales/Comercio_exterior_paises_con_tratados_firmados/Tratdos_firmados_con_méxico/América_latina/Iniciativas_regionales/Alianza_del_pacífico/Segundo_Protocolo_Modificatorio_del_PA.docx,SIEM/Marco_jurídico/02_Tratados_internacionales/Comercio_exterior_paises_con_tratados_firmados/Tratdos_firmados_con_méxico/América_latina/Iniciativas_regionales/Alianza_del_pacífico/Segundo_Protocolo_Modificatorio_del_PA.docx,378110,0.36,2025-10-14T16:40:06,2025-10-16T15:10:23.866182,.docx,05b0c588a653cdd2fd774178503c572e
PRIMER_PROTOCOLO_MODIFICATORIO__Paracas_3_de_julio_de_2015.docx,/home/elias/Documentos/Embeddings/SIEM/SIEM/Marco_jurídico/02_Tratados_internacionales/Comercio_exterior_paises_con_tratados_firmados/Tratdos_firmados_con_méxico/América_latina/Iniciativas_regionales/Alianza_del_pacífico/PRIMER_PROTOCOLO_MODIFICATORIO__Paracas_3_de_julio_de_2015.docx,SIEM/Marco_jurídico/02_Tratados_internacionales/Comercio_exterior_paises_con_tratados_firmados/Tratdos_firmados_con_méxico/América_latina/Iniciativas_regionales/Alianza_del_pacífico/PRIMER_PROTOCOLO_MODIFICATORIO__Paracas_3_de_julio_de_2015.docx,410642,0.39,2025-10-14T16:39:24,2025-10-16T15:10:23.779043,.docx,4d7c08c4342de8d1f08c2edc3f00bda4
protocolo adicional al acuerdo marco.docx,/home/elias/Documentos/Embeddings/SIEM/SIEM/Marco_jurídico/02_Tratados_internacionales/Comercio_exterior_paises_con_tratados_firmados/Tratdos_firmados_con_méxico/América_latina/Iniciativas_regionales/Alianza_del_pacífico/protocolo adicional al acuerdo marco.docx,SIEM/Marco_jurídico/02_Tratados_internacionales/Comercio_exterior_paises_con_tratados_firmados/Tratdos_firmados_con_méxico/América_latina/Iniciativas_regionales/Alianza_del_pacífico/protocolo adicional al acuerdo marco.docx,2358236,2.25,2025-10-14T16:35:42,2025-10-16T15:10:23.856389,.docx,4014dd73b60e19d77a2ee19bda94d505
Decisi_n_No._9_Rreglamentaciones_Uniformes.docx,/home/elias/Documentos/Embeddings/SIEM/SIEM/Marco_jurídico/02_Tratados_internacionales/Comercio_exterior_paises_con_tratados_firmados/Tratdos_firmados_con_méxico/América_latina/Iniciativas_regionales/Decisiones_TLC_centro/imagenes_tablas/Decisi_n_No._9_Rreglamentaciones_Uniformes.docx,SIEM/Marco_jurídico/02_Tratados_internacionales/Comercio_exterior_paises_con_tratados_firmados/Tratdos_firmados_con_méxico/América_latina/Iniciativas_regionales/Decisiones_TLC_centro/imagenes_tablas/Decisi_n_No._9_Rreglamentaciones_Uniformes.docx,612116,0.58,2025-10-14T17:02:58,2025-10-16T15:10:28.089258,.docx,46ab58bc109bda4b8b83b36003f12b4c
SE_decision_2_centroamerica.docx,/home/elias/Documentos/Embeddings/SIEM/SIEM/Marco_jurídico/02_Tratados_internacionales/Comercio_exterior_paises_con_tratados_firmados/Tratdos_firmados_con_méxico/América_latina/Iniciativas_regionales/Decisiones_TLC_centro/imagenes_tablas/SE_decision_2_centroamerica.docx,SIEM/Marco_jurídico/02_Tratados_internacionales/Comercio_exterior_paises_con_tratados_firmados/Tratdos_firmados_con_méxico/América_latina/Iniciativas_regionales/Decisiones_TLC_centro/imagenes_tablas/SE_decision_2_centroamerica.docx,39456,0.04,2025-10-14T17:04:12,2025-10-16T15:10:28.217753,.docx,8f0e7254264250108781119cb6544b43
Decisi_n_No.11_Lista_de_Panelistas_No_Parte.docx,/home/elias/Documentos/Embeddings/SIEM/SIEM/Marco_jurídico/02_Tratados_internacionales/Comercio_exterior_paises_con_tratados_firmados/Tratdos_firmados_con_méxico/América_latina/Iniciativas_regionales/Decisiones_TLC_centro/imagenes_tablas/Decisi_n_No.11_Lista_de_Panelistas_No_Parte.docx,SIEM/Marco_jurídico/02_Tratados_internacionales/Comercio_exterior_paises_con_tratados_firmados/Tratdos_firmados_con_méxico/América_latina/Iniciativas_regionales/Decisiones_TLC_centro/imagenes_tablas/Decisi_n_No.11_Lista_de_Panelistas_No_Parte.docx,323623,0.31,2025-10-14T17:05:56,2025-10-16T15:10:27.614004,.docx,68682f6f5f154727326689fdc97b69ab
SE_decision_6_centroamerica.docx,/home/elias/Documentos/Embeddings/SIEM/SIEM/Marco_jurídico/02_Tratados_internacionales/Comercio_exterior_paises_con_tratados_firmados/Tratdos_firmados_con_méxico/América_latina/Iniciativas_regionales/Decisiones_TLC_centro/imagenes_tablas/SE_decision_6_centroamerica.docx,SIEM/Marco_jurídico/02_Tratados_internacionales/Comercio_exterior_paises_con_tratados_firmados/Tratdos_firmados_con_méxico/América_latina/Iniciativas_regionales/Decisiones_TLC_centro/imagenes_tablas/SE_decision_6_centroamerica.docx,336884,0.32,2025-10-14T16:57:16,2025-10-16T15:10:28.259085,.docx,153355dc1b84e6c11f8097e6f6bfd5b5
Decisi_n_No._10_Lista_Indicativa_de_Panelistas_Parte.docx,/home/elias/Documentos/Embeddings/SIEM/SIEM/Marco_jurídico/02_Tratados_internacionales/Comercio_exterior_paises_con_tratados_firmados/Tratdos_firmados_con_méxico/América_latina/Iniciativas_regionales/Decisiones_TLC_centro/imagenes_tablas/Decisi_n_No._10_Lista_Indicativa_de_Panelistas_Parte.docx,SIEM/Marco_jurídico/02_Tratados_internacionales/Comercio_exterior_paises_con_tratados_firmados/Tratdos_firmados_con_méxico/América_latina/Iniciativas_regionales/Decisiones_TLC_centro/imagenes_tablas/Decisi_n_No._10_Lista_Indicativa_de_Panelistas_Parte.docx,270242,0.26,2025-10-14T17:03:06,2025-10-16T15:10:27.621011,.docx,05e6c2105f1c8f068f5fe7c74e98628c
SE_decision_1_centroamerica.docx,/home/elias/Documentos/Embeddings/SIEM/SIEM/Marco_jurídico/02_Tratados_internacionales/Comercio_exterior_paises_con_tratados_firmados/Tratdos_firmados_con_méxico/América_latina/Iniciativas_regionales/Decisiones_TLC_centro/imagenes_tablas/SE_decision_1_centroamerica.docx,SIEM/Marco_jurídico/02_Tratados_internacionales/Comercio_exterior_paises_con_tratados_firmados/Tratdos_firmados_con_méxico/América_latina/Iniciativas_regionales/Decisiones_TLC_centro/imagenes_tablas/SE_decision_1_centroamerica.docx,4196808,4.0,2025-10-14T17:04:06,2025-10-16T15:10:28.216311,.docx,2470d4367b6488801fbea8f6b41a9668
Decisi_n_No._7_Comite_Servicios_Inversion.docx,/home/elias/Documentos/Embeddings/SIEM/SIEM/Marco_jurídico/02_Tratados_internacionales/Comercio_exterior_paises_con_tratados_firmados/Tratdos_firmados_con_méxico/América_latina/Iniciativas_regionales/Decisiones_TLC_centro/imagenes_tablas/Decisi_n_No._7_Comite_Servicios_Inversion.docx,SIEM/Marco_jurídico/02_Tratados_internacionales/Comercio_exterior_paises_con_tratados_firmados/Tratdos_firmados_con_méxico/América_latina/Iniciativas_regionales/Decisiones_TLC_centro/imagenes_tablas/Decisi_n_No._7_Comite_Servicios_Inversion.docx,631527,0.6,2025-10-14T16:57:26,2025-10-16T15:10:27.662532,.docx,8fc5e3f362c817357281c7145708e55d
SE_decision_3_centroamerica.docx,/home/elias/Documentos/Embeddings/SIEM/SIEM/Marco_jurídico/02_Tratados_internacionales/Comercio_exterior_paises_con_tratados_firmados/Tratdos_firmados_con_méxico/América_latina/Iniciativas_regionales/Decisiones_TLC_centro/imagenes_tablas/SE_decision_3_centroamerica.docx,SIEM/Marco_jurídico/02_Tratados_internacionales/Comercio_exterior_paises_con_tratados_firmados/Tratdos_firmados_con_méxico/América_latina/Iniciativas_regionales/Decisiones_TLC_centro/imagenes_tablas/SE_decision_3_centroamerica.docx,46860,0.04,2025-10-14T17:04:24,2025-10-16T15:10:28.219280,.docx,1137fe6dd7eb60aa5188a1a3c758cc87
SE_decision_5-centroamerica.docx,/home/elias/Documentos/Embeddings/SIEM/SIEM/Marco_jurídico/02_Tratados_internacionales/Comercio_exterior_paises_con_tratados_firmados/Tratdos_firmados_con_méxico/América_latina/Iniciativas_regionales/Decisiones_TLC_centro/imagenes_tablas/SE_decision_5-centroamerica.docx,SIEM/Marco_jurídico/02_Tratados_internacionales/Comercio_exterior_paises_con_tratados_firmados/Tratdos_firmados_con_méxico/América_latina/Iniciativas_regionales/Decisiones_TLC_centro/imagenes_tablas/SE_decision_5-centroamerica.docx,1053505,1.0,2025-10-14T17:05:48,2025-10-16T15:10:28.250283,.docx,bb96f5864a017834ad1e4a87ab73a08c
SE_decision_4_centroamerica.docx,/home/elias/Documentos/Embeddings/SIEM/SIEM/Marco_jurídico/02_Tratados_internacionales/Comercio_exterior_paises_con_tratados_firmados/Tratdos_firmados_con_méxico/América_latina/Iniciativas_regionales/Decisiones_TLC_centro/imagenes_tablas/SE_decision_4_centroamerica.docx,SIEM/Marco_jurídico/02_Tratados_internacionales/Comercio_exterior_paises_con_tratados_firmados/Tratdos_firmados_con_méxico/América_latina/Iniciativas_regionales/Decisiones_TLC_centro/imagenes_tablas/SE_decision_4_centroamerica.docx,155430,0.15,2025-10-14T17:04:38,2025-10-16T15:10:28.223523,.docx,1e9abd7b4cba0fedcc129ae2923eecf2
Decisi_n_No._8_Modificaciones_Anexo_4.3_RO.docx,/home/elias/Documentos/Embeddings/SIEM/SIEM/Marco_jurídico/02_Tratados_internacionales/Comercio_exterior_paises_con_tratados_firmados/Tratdos_firmados_con_méxico/América_latina/Iniciativas_regionales/Decisiones_TLC_centro/imagenes_tablas/Decisi_n_No._8_Modificaciones_Anexo_4.3_RO.docx,SIEM/Marco_jurídico/02_Tratados_internacionales/Comercio_exterior_paises_con_tratados_firmados/Tratdos_firmados_con_méxico/América_latina/Iniciativas_regionales/Decisiones_TLC_centro/imagenes_tablas/Decisi_n_No._8_Modificaciones_Anexo_4.3_RO.docx,16591036,15.82,2025-10-14T17:02:26,2025-10-16T15:10:28.073388,.docx,27b5b6e216c4b2d6fe1c22c38dee495b
SE_Acuerdo_Cooperacion_Economica_Comercial-Turquia1998_Europa.docx,/home/elias/Documentos/Embeddings/SIEM/SIEM/Marco_jurídico/02_Tratados_internacionales/Comercio_exterior_paises_con_tratados_firmados/Tratdos_firmados_con_méxico/América_latina/Europa/Cooperación_acuerdos_bilaterales/SE_Acuerdo_Cooperacion_Economica_Comercial-Turquia1998_Europa.docx,SIEM/Marco_jurídico/02_Tratados_internacionales/Comercio_exterior_paises_con_tratados_firmados/Tratdos_firmados_con_méxico/América_latina/Europa/Cooperación_acuerdos_bilaterales/SE_Acuerdo_Cooperacion_Economica_Comercial-Turquia1998_Europa.docx,93749,0.09,2025-10-15T10:29:40,2025-10-16T15:10:16.877166,.docx,4053a36c435974dd6257b5f5437c89dc
SE_Carta_Intencion_MateriasPrimas_Europa.docx,/home/elias/Documentos/Embeddings/SIEM/SIEM/Marco_jurídico/02_Tratados_internacionales/Comercio_exterior_paises_con_tratados_firmados/Tratdos_firmados_con_méxico/América_latina/Europa/Cooperación_acuerdos_bilaterales/SE_Carta_Intencion_MateriasPrimas_Europa.docx,SIEM/Marco_jurídico/02_Tratados_internacionales/Comercio_exterior_paises_con_tratados_firmados/Tratdos_firmados_con_méxico/América_latina/Europa/Cooperación_acuerdos_bilaterales/SE_Carta_Intencion_MateriasPrimas_Europa.docx,28513,0.03,2025-10-15T10:30:56,2025-10-16T15:10:16.884273,.docx,344f2187900a2d62b2c37380475e56d8
SE_Acuerdo_Rumania_Relaciones_Economicas_Bilaterales2007_Europa.docx,/home/elias/Documentos/Embeddings/SIEM/SIEM/Marco_jurídico/02_Tratados_internacionales/Comercio_exterior_paises_con_tratados_firmados/Tratdos_firmados_con_méxico/América_latina/Europa/Cooperación_acuerdos_bilaterales/SE_Acuerdo_Rumania_Relaciones_Economicas_Bilaterales2007_Europa.docx,SIEM/Marco_jurídico/02_Tratados_internacionales/Comercio_exterior_paises_con_tratados_firmados/Tratdos_firmados_con_méxico/América_latina/Europa/Cooperación_acuerdos_bilaterales/SE_Acuerdo_Rumania_Relaciones_Economicas_Bilaterales2007_Europa.docx,73008,0.07,2025-10-15T10:30:22,2025-10-16T15:10:16.881237,.docx,5b981f9596508ff86376a3649ef96407
SE_Acuerdo_Mexico-Belarus_Europa.docx,/home/elias/Documentos/Embeddings/SIEM/SIEM/Marco_jurídico/02_Tratados_internacionales/Comercio_exterior_paises_con_tratados_firmados/Tratdos_firmados_con_méxico/América_latina/Europa/Cooperación_acuerdos_bilaterales/SE_Acuerdo_Mexico-Belarus_Europa.docx,SIEM/Marco_jurídico/02_Tratados_internacionales/Comercio_exterior_paises_con_tratados_firmados/Tratdos_firmados_con_méxico/América_latina/Europa/Cooperación_acuerdos_bilaterales/SE_Acuerdo_Mexico-Belarus_Europa.docx,68854,0.07,2025-10-15T10:29:56,2025-10-16T15:10:16.879176,.docx,39cc50dedf5ec038ec4554df9d1bb9de
SE_Republica_Eslovaca_MOU_ComisionConjunta2006_Europa.docx,/home/elias/Documentos/Embeddings/SIEM/SIEM/Marco_jurídico/02_Tratados_internacionales/Comercio_exterior_paises_con_tratados_firmados/Tratdos_firmados_con_méxico/América_latina/Europa/Cooperación_acuerdos_bilaterales/SE_Republica_Eslovaca_MOU_ComisionConjunta2006_Europa.docx,SIEM/Marco_jurídico/02_Tratados_internacionales/Comercio_exterior_paises_con_tratados_firmados/Tratdos_firmados_con_méxico/América_latina/Europa/Cooperación_acuerdos_bilaterales/SE_Republica_Eslovaca_MOU_ComisionConjunta2006_Europa.docx,86763,0.08,2025-10-15T10:32:26,2025-10-16T15:10:16.891065,.docx,76a528668a52dae8948491eac3557396
SE_Acuerdo_Comercio_Cooperacion_Economica_Mexico-Ucrania2003_Europa.docx,/home/elias/Documentos/Embeddings/SIEM/SIEM/Marco_jurídico/02_Tratados_internacionales/Comercio_exterior_paises_con_tratados_firmados/Tratdos_firmados_con_méxico/América_latina/Europa/Cooperación_acuerdos_bilaterales/SE_Acuerdo_Comercio_Cooperacion_Economica_Mexico-Ucrania2003_Europa.docx,SIEM/Marco_jurídico/02_Tratados_internacionales/Comercio_exterior_paises_con_tratados_firmados/Tratdos_firmados_con_méxico/América_latina/Europa/Cooperación_acuerdos_bilaterales/SE_Acuerdo_Comercio_Cooperacion_Economica_Mexico-Ucrania2003_Europa.docx,99488,0.09,2025-10-15T10:29:04,2025-10-16T15:10:16.874512,.docx,6c2276a7e10aba624dacd64810b9b1a8
SE_R_Checa_Acuerdo_GTAN_2006_Europa.docx,/home/elias/Documentos/Embeddings/SIEM/SIEM/Marco_jurídico/02_Tratados_internacionales/Comercio_exterior_paises_con_tratados_firmados/Tratdos_firmados_con_méxico/América_latina/Europa/Cooperación_acuerdos_bilaterales/SE_R_Checa_Acuerdo_GTAN_2006_Europa.docx,SIEM/Marco_jurídico/02_Tratados_internacionales/Comercio_exterior_paises_con_tratados_firmados/Tratdos_firmados_con_méxico/América_latina/Europa/Cooperación_acuerdos_bilaterales/SE_R_Checa_Acuerdo_GTAN_2006_Europa.docx,91923,0.09,2025-10-15T10:31:46,2025-10-16T15:10:16.893597,.docx,e4de85915757735fe7a80983098f2888
SE_MoU_Mexico-Suiza_Europa.docx,/home/elias/Documentos/Embeddings/SIEM/SIEM/Marco_jurídico/02_Tratados_internacionales/Comercio_exterior_paises_con_tratados_firmados/Tratdos_firmados_con_méxico/América_latina/Europa/Cooperación_acuerdos_bilaterales/SE_MoU_Mexico-Suiza_Europa.docx,SIEM/Marco_jurídico/02_Tratados_internacionales/Comercio_exterior_paises_con_tratados_firmados/Tratdos_firmados_con_méxico/América_latina/Europa/Cooperación_acuerdos_bilaterales/SE_MoU_Mexico-Suiza_Europa.docx,85189,0.08,2025-10-15T10:31:14,2025-10-16T15:10:16.887523,.docx,c0c2304571bd5673629eea8f3f828b9c
SE_Carta_Intencion_DialogoPYME_Europa.docx,/home/elias/Documentos/Embeddings/SIEM/SIEM/Marco_jurídico/02_Tratados_internacionales/Comercio_exterior_paises_con_tratados_firmados/Tratdos_firmados_con_méxico/América_latina/Europa/Cooperación_acuerdos_bilaterales/SE_Carta_Intencion_DialogoPYME_Europa.docx,SIEM/Marco_jurídico/02_Tratados_internacionales/Comercio_exterior_paises_con_tratados_firmados/Tratdos_firmados_con_méxico/América_latina/Europa/Cooperación_acuerdos_bilaterales/SE_Carta_Intencion_DialogoPYME_Europa.docx,28610,0.03,2025-10-15T10:30:44,2025-10-16T15:10:16.883324,.docx,cff4ce1ddd2b576b0e439c80242b252f
SE_MOU_Portugal_GTAN_2009_Europa.docx,/home/elias/Documentos/Embeddings/SIEM/SIEM/Marco_jurídico/02_Tratados_internacionales/Comercio_exterior_paises_con_tratados_firmados/Tratdos_firmados_con_méxico/América_latina/Europa/Cooperación_acuerdos_bilaterales/SE_MOU_Portugal_GTAN_2009_Europa.docx,SIEM/Marco_jurídico/02_Tratados_internacionales/Comercio_exterior_paises_con_tratados_firmados/Tratdos_firmados_con_méxico/América_latina/Europa/Cooperación_acuerdos_bilaterales/SE_MOU_Portugal_GTAN_2009_Europa.docx,35758,0.03,2025-10-15T10:31:24,2025-10-16T15:10:16.888661,.docx,d563a1b1a6a33865e2d8bded682a2bc3
SE_Carta_Intencion_Cooperacion_Europa.docx,/home/elias/Documentos/Embeddings/SIEM/SIEM/Marco_jurídico/02_Tratados_internacionales/Comercio_exterior_paises_con_tratados_firmados/Tratdos_firmados_con_méxico/América_latina/Europa/Cooperación_acuerdos_bilaterales/SE_Carta_Intencion_Cooperacion_Europa.docx,SIEM/Marco_jurídico/02_Tratados_internacionales/Comercio_exterior_paises_con_tratados_firmados/Tratdos_firmados_con_méxico/América_latina/Europa/Cooperación_acuerdos_bilaterales/SE_Carta_Intencion_Cooperacion_Europa.docx,33996,0.03,2025-10-15T10:30:36,2025-10-16T15:10:16.882353,.docx,febbaeaef709681799733f5dfe0eb201
Copia_06_10_2005.docx,/home/elias/Documentos/Embeddings/SIEM/SIEM/Marco_jurídico/02_Tratados_internacionales/Comercio_exterior_paises_con_tratados_firmados/Tratdos_firmados_con_méxico/América_latina/Mercosur/Brasil/Copia_06_10_2005.docx,SIEM/Marco_jurídico/02_Tratados_internacionales/Comercio_exterior_paises_con_tratados_firmados/Tratdos_firmados_con_méxico/América_latina/Mercosur/Brasil/Copia_06_10_2005.docx,57536,0.05,2025-10-14T16:00:52,2025-10-16T15:10:29.476920,.docx,4d479ed2062c2a30745954d85a17b8fd
Decision7_Costa_Rica.docx,/home/elias/Documentos/Embeddings/SIEM/SIEM/Marco_jurídico/02_Tratados_internacionales/Comercio_exterior_paises_con_tratados_firmados/Tratdos_firmados_con_méxico/América_latina/Iniciativas_bilaterales/Costa_Rica/Decision7_Costa_Rica.docx,SIEM/Marco_jurídico/02_Tratados_internacionales/Comercio_exterior_paises_con_tratados_firmados/Tratdos_firmados_con_méxico/América_latina/Iniciativas_bilaterales/Costa_Rica/Decision7_Costa_Rica.docx,20199,0.02,2025-10-14T14:52:34,2025-10-16T15:10:19.410794,.docx,4e40464a4f9632f6ea2719b560aea518
Decision17_Costa_Rica.docx,/home/elias/Documentos/Embeddings/SIEM/SIEM/Marco_jurídico/02_Tratados_internacionales/Comercio_exterior_paises_con_tratados_firmados/Tratdos_firmados_con_méxico/América_latina/Iniciativas_bilaterales/Costa_Rica/Decision17_Costa_Rica.docx,SIEM/Marco_jurídico/02_Tratados_internacionales/Comercio_exterior_paises_con_tratados_firmados/Tratdos_firmados_con_méxico/América_latina/Iniciativas_bilaterales/Costa_Rica/Decision17_Costa_Rica.docx,28714,0.03,2025-10-14T14:53:46,2025-10-16T15:10:19.355149,.docx,9b2eb454c7d160c3b080e6de20fdaf52
Decision3_Costa_Rica.docx,/home/elias/Documentos/Embeddings/SIEM/SIEM/Marco_jurídico/02_Tratados_internacionales/Comercio_exterior_paises_con_tratados_firmados/Tratdos_firmados_con_méxico/América_latina/Iniciativas_bilaterales/Costa_Rica/Decision3_Costa_Rica.docx,SIEM/Marco_jurídico/02_Tratados_internacionales/Comercio_exterior_paises_con_tratados_firmados/Tratdos_firmados_con_méxico/América_latina/Iniciativas_bilaterales/Costa_Rica/Decision3_Costa_Rica.docx,118223,0.11,2025-10-14T14:51:56,2025-10-16T15:10:19.399765,.docx,2263108f38bca3807b31668520fdbdef
Decision13_Costa_Rica.docx,/home/elias/Documentos/Embeddings/SIEM/SIEM/Marco_jurídico/02_Tratados_internacionales/Comercio_exterior_paises_con_tratados_firmados/Tratdos_firmados_con_méxico/América_latina/Iniciativas_bilaterales/Costa_Rica/Decision13_Costa_Rica.docx,SIEM/Marco_jurídico/02_Tratados_internacionales/Comercio_exterior_paises_con_tratados_firmados/Tratdos_firmados_con_méxico/América_latina/Iniciativas_bilaterales/Costa_Rica/Decision13_Costa_Rica.docx,27683,0.03,2025-10-14T14:53:18,2025-10-16T15:10:19.324650,.docx,4de5e68d762b392f44348d879fa31ea0
Decision6_Costa_Rica.docx,/home/elias/Documentos/Embeddings/SIEM/SIEM/Marco_jurídico/02_Tratados_internacionales/Comercio_exterior_paises_con_tratados_firmados/Tratdos_firmados_con_méxico/América_latina/Iniciativas_bilaterales/Costa_Rica/Decision6_Costa_Rica.docx,SIEM/Marco_jurídico/02_Tratados_internacionales/Comercio_exterior_paises_con_tratados_firmados/Tratdos_firmados_con_méxico/América_latina/Iniciativas_bilaterales/Costa_Rica/Decision6_Costa_Rica.docx,27032,0.03,2025-10-14T14:53:06,2025-10-16T15:10:19.408631,.docx,87ee2b58e1048120d4f05f7b37c22c38
Decision2_Costa_Rica.docx,/home/elias/Documentos/Embeddings/SIEM/SIEM/Marco_jurídico/02_Tratados_internacionales/Comercio_exterior_paises_con_tratados_firmados/Tratdos_firmados_con_méxico/América_latina/Iniciativas_bilaterales/Costa_Rica/Decision2_Costa_Rica.docx,SIEM/Marco_jurídico/02_Tratados_internacionales/Comercio_exterior_paises_con_tratados_firmados/Tratdos_firmados_con_méxico/América_latina/Iniciativas_bilaterales/Costa_Rica/Decision2_Costa_Rica.docx,26608,0.03,2025-10-14T14:51:30,2025-10-16T15:10:19.396487,.docx,e7bd9bda3ecab7a496ef9f7bae7b13b1
Decision5_Costa_Rica.docx,/home/elias/Documentos/Embeddings/SIEM/SIEM/Marco_jurídico/02_Tratados_internacionales/Comercio_exterior_paises_con_tratados_firmados/Tratdos_firmados_con_méxico/América_latina/Iniciativas_bilaterales/Costa_Rica/Decision5_Costa_Rica.docx,SIEM/Marco_jurídico/02_Tratados_internacionales/Comercio_exterior_paises_con_tratados_firmados/Tratdos_firmados_con_méxico/América_latina/Iniciativas_bilaterales/Costa_Rica/Decision5_Costa_Rica.docx,29042,0.03,2025-10-14T14:52:28,2025-10-16T15:10:19.406304,.docx,a60ccec6ae8d5e7aff91b9f11a24659a
Decision15_Costa_Rica.docx,/home/elias/Documentos/Embeddings/SIEM/SIEM/Marco_jurídico/02_Tratados_internacionales/Comercio_exterior_paises_con_tratados_firmados/Tratdos_firmados_con_méxico/América_latina/Iniciativas_bilaterales/Costa_Rica/Decision15_Costa_Rica.docx,SIEM/Marco_jurídico/02_Tratados_internacionales/Comercio_exterior_paises_con_tratados_firmados/Tratdos_firmados_con_méxico/América_latina/Iniciativas_bilaterales/Costa_Rica/Decision15_Costa_Rica.docx,16766,0.02,2025-10-14T14:53:32,2025-10-16T15:10:19.348633,.docx,2a034f3df01b0a86321924fbd880de6c
Decision14_Costa_Rica.docx,/home/elias/Documentos/Embeddings/SIEM/SIEM/Marco_jurídico/02_Tratados_internacionales/Comercio_exterior_paises_con_tratados_firmados/Tratdos_firmados_con_méxico/América_latina/Iniciativas_bilaterales/Costa_Rica/Decision14_Costa_Rica.docx,SIEM/Marco_jurídico/02_Tratados_internacionales/Comercio_exterior_paises_con_tratados_firmados/Tratdos_firmados_con_méxico/América_latina/Iniciativas_bilaterales/Costa_Rica/Decision14_Costa_Rica.docx,17421,0.02,2025-10-14T14:53:26,2025-10-16T15:10:19.327541,.docx,8f840fefce1451680588003a7d65230e
Decision8_Costa_Rica.docx,/home/elias/Documentos/Embeddings/SIEM/SIEM/Marco_jurídico/02_Tratados_internacionales/Comercio_exterior_paises_con_tratados_firmados/Tratdos_firmados_con_méxico/América_latina/Iniciativas_bilaterales/Costa_Rica/Decision8_Costa_Rica.docx,SIEM/Marco_jurídico/02_Tratados_internacionales/Comercio_exterior_paises_con_tratados_firmados/Tratdos_firmados_con_méxico/América_latina/Iniciativas_bilaterales/Costa_Rica/Decision8_Costa_Rica.docx,25040,0.02,2025-10-14T14:52:38,2025-10-16T15:10:19.425001,.docx,39581f4668a3055cabd21ea660d869b5
Decision11_Costa_Rica.docx,/home/elias/Documentos/Embeddings/SIEM/SIEM/Marco_jurídico/02_Tratados_internacionales/Comercio_exterior_paises_con_tratados_firmados/Tratdos_firmados_con_méxico/América_latina/Iniciativas_bilaterales/Costa_Rica/Decision11_Costa_Rica.docx,SIEM/Marco_jurídico/02_Tratados_internacionales/Comercio_exterior_paises_con_tratados_firmados/Tratdos_firmados_con_méxico/América_latina/Iniciativas_bilaterales/Costa_Rica/Decision11_Costa_Rica.docx,28816,0.03,2025-10-14T14:52:56,2025-10-16T15:10:19.318532,.docx,60314e7af8b525d21b1b88ea98f2b98d
Decision12_Costa_Rica.docx,/home/elias/Documentos/Embeddings/SIEM/SIEM/Marco_jurídico/02_Tratados_internacionales/Comercio_exterior_paises_con_tratados_firmados/Tratdos_firmados_con_méxico/América_latina/Iniciativas_bilaterales/Costa_Rica/Decision12_Costa_Rica.docx,SIEM/Marco_jurídico/02_Tratados_internacionales/Comercio_exterior_paises_con_tratados_firmados/Tratdos_firmados_con_méxico/América_latina/Iniciativas_bilaterales/Costa_Rica/Decision12_Costa_Rica.docx,22109,0.02,2025-10-14T14:53:00,2025-10-16T15:10:19.319353,.docx,98e8530f2eb1b77670b899d15c5cd65b
Decision16_Costa_Rica.docx,/home/elias/Documentos/Embeddings/SIEM/SIEM/Marco_jurídico/02_Tratados_internacionales/Comercio_exterior_paises_con_tratados_firmados/Tratdos_firmados_con_méxico/América_latina/Iniciativas_bilaterales/Costa_Rica/Decision16_Costa_Rica.docx,SIEM/Marco_jurídico/02_Tratados_internacionales/Comercio_exterior_paises_con_tratados_firmados/Tratdos_firmados_con_méxico/América_latina/Iniciativas_bilaterales/Costa_Rica/Decision16_Costa_Rica.docx,26717,0.03,2025-10-14T14:53:44,2025-10-16T15:10:19.352652,.docx,be74ccf23670881dbfe4f8af32fffc1d
Decision4_Costa_Rica.docx,/home/elias/Documentos/Embeddings/SIEM/SIEM/Marco_jurídico/02_Tratados_internacionales/Comercio_exterior_paises_con_tratados_firmados/Tratdos_firmados_con_méxico/América_latina/Iniciativas_bilaterales/Costa_Rica/Decision4_Costa_Rica.docx,SIEM/Marco_jurídico/02_Tratados_internacionales/Comercio_exterior_paises_con_tratados_firmados/Tratdos_firmados_con_méxico/América_latina/Iniciativas_bilaterales/Costa_Rica/Decision4_Costa_Rica.docx,127673,0.12,2025-10-14T14:52:20,2025-10-16T15:10:19.403211,.docx,f765cddc0a873e9df3002a4b8799050e
Decision1_Costa_Rica.docx,/home/elias/Documentos/Embeddings/SIEM/SIEM/Marco_jurídico/02_Tratados_internacionales/Comercio_exterior_paises_con_tratados_firmados/Tratdos_firmados_con_méxico/América_latina/Iniciativas_bilaterales/Costa_Rica/Decision1_Costa_Rica.docx,SIEM/Marco_jurídico/02_Tratados_internacionales/Comercio_exterior_paises_con_tratados_firmados/Tratdos_firmados_con_méxico/América_latina/Iniciativas_bilaterales/Costa_Rica/Decision1_Costa_Rica.docx,15224,0.01,2025-10-14T14:51:26,2025-10-16T15:10:19.395549,.docx,6dcc90c728aeecd15a41ce986747f6b1
decision18_Costa_Rica.docx,/home/elias/Documentos/Embeddings/SIEM/SIEM/Marco_jurídico/02_Tratados_internacionales/Comercio_exterior_paises_con_tratados_firmados/Tratdos_firmados_con_méxico/América_latina/Iniciativas_bilaterales/Costa_Rica/decision18_Costa_Rica.docx,SIEM/Marco_jurídico/02_Tratados_internacionales/Comercio_exterior_paises_con_tratados_firmados/Tratdos_firmados_con_méxico/América_latina/Iniciativas_bilaterales/Costa_Rica/decision18_Costa_Rica.docx,1522088,1.45,2025-10-14T14:58:14,2025-10-16T15:10:19.394782,.docx,2aed55af12c85f606901cec00d17df12
Decision9_Costa_Rica.docx,/home/elias/Documentos/Embeddings/SIEM/SIEM/Marco_jurídico/02_Tratados_internacionales/Comercio_exterior_paises_con_tratados_firmados/Tratdos_firmados_con_méxico/América_latina/Iniciativas_bilaterales/Costa_Rica/Decision9_Costa_Rica.docx,SIEM/Marco_jurídico/02_Tratados_internacionales/Comercio_exterior_paises_con_tratados_firmados/Tratdos_firmados_con_méxico/América_latina/Iniciativas_bilaterales/Costa_Rica/Decision9_Costa_Rica.docx,32452,0.03,2025-10-14T14:52:50,2025-10-16T15:10:19.426752,.docx,b49ec29b3b409ab08be2ab9ab1102110
Chile_Desicion_No.1.docx,/home/elias/Documentos/Embeddings/SIEM/SIEM/Marco_jurídico/02_Tratados_internacionales/Comercio_exterior_paises_con_tratados_firmados/Tratdos_firmados_con_méxico/América_latina/Iniciativas_bilaterales/Chile/Chile_Desicion_No.1.docx,SIEM/Marco_jurídico/02_Tratados_internacionales/Comercio_exterior_paises_con_tratados_firmados/Tratdos_firmados_con_méxico/América_latina/Iniciativas_bilaterales/Chile/Chile_Desicion_No.1.docx,20416,0.02,2025-10-14T15:03:10,2025-10-16T15:10:18.517033,.docx,bafb368182d03cfd56a678b55f56a8be
Chile_Desicion_No.5.docx,/home/elias/Documentos/Embeddings/SIEM/SIEM/Marco_jurídico/02_Tratados_internacionales/Comercio_exterior_paises_con_tratados_firmados/Tratdos_firmados_con_méxico/América_latina/Iniciativas_bilaterales/Chile/Chile_Desicion_No.5.docx,SIEM/Marco_jurídico/02_Tratados_internacionales/Comercio_exterior_paises_con_tratados_firmados/Tratdos_firmados_con_méxico/América_latina/Iniciativas_bilaterales/Chile/Chile_Desicion_No.5.docx,29801,0.03,2025-10-14T15:03:54,2025-10-16T15:10:18.523556,.docx,790e386405c621e587f4abfc8cabe5b3
Certificado_origen.docx,/home/elias/Documentos/Embeddings/SIEM/SIEM/Marco_jurídico/02_Tratados_internacionales/Comercio_exterior_paises_con_tratados_firmados/Tratdos_firmados_con_méxico/América_latina/Iniciativas_bilaterales/Chile/Certificado_origen.docx,SIEM/Marco_jurídico/02_Tratados_internacionales/Comercio_exterior_paises_con_tratados_firmados/Tratdos_firmados_con_méxico/América_latina/Iniciativas_bilaterales/Chile/Certificado_origen.docx,60319,0.06,2025-10-14T15:03:02,2025-10-16T15:10:18.496202,.docx,e6287fc28885b678fe596d2218849f8c
Chile_Decisi_n_7.docx,/home/elias/Documentos/Embeddings/SIEM/SIEM/Marco_jurídico/02_Tratados_internacionales/Comercio_exterior_paises_con_tratados_firmados/Tratdos_firmados_con_méxico/América_latina/Iniciativas_bilaterales/Chile/Chile_Decisi_n_7.docx,SIEM/Marco_jurídico/02_Tratados_internacionales/Comercio_exterior_paises_con_tratados_firmados/Tratdos_firmados_con_méxico/América_latina/Iniciativas_bilaterales/Chile/Chile_Decisi_n_7.docx,330558,0.32,2025-10-14T15:03:22,2025-10-16T15:10:18.506235,.docx,75b79a615e6b7a1c3a33845c1ef86edd
Chile_Decisi_n_9.docx,/home/elias/Documentos/Embeddings/SIEM/SIEM/Marco_jurídico/02_Tratados_internacionales/Comercio_exterior_paises_con_tratados_firmados/Tratdos_firmados_con_méxico/América_latina/Iniciativas_bilaterales/Chile/Chile_Decisi_n_9.docx,SIEM/Marco_jurídico/02_Tratados_internacionales/Comercio_exterior_paises_con_tratados_firmados/Tratdos_firmados_con_méxico/América_latina/Iniciativas_bilaterales/Chile/Chile_Decisi_n_9.docx,349961,0.33,2025-10-14T15:03:28,2025-10-16T15:10:18.515229,.docx,10383423d2a880e0001cdb3ff86b8cac
Chile_Desicion_No.3.docx,/home/elias/Documentos/Embeddings/SIEM/SIEM/Marco_jurídico/02_Tratados_internacionales/Comercio_exterior_paises_con_tratados_firmados/Tratdos_firmados_con_méxico/América_latina/Iniciativas_bilaterales/Chile/Chile_Desicion_No.3.docx,SIEM/Marco_jurídico/02_Tratados_internacionales/Comercio_exterior_paises_con_tratados_firmados/Tratdos_firmados_con_méxico/América_latina/Iniciativas_bilaterales/Chile/Chile_Desicion_No.3.docx,19241,0.02,2025-10-14T15:03:42,2025-10-16T15:10:18.520066,.docx,e0eab5929b24b1d756d009e770583946
Chile_Desicion_No.4.docx,/home/elias/Documentos/Embeddings/SIEM/SIEM/Marco_jurídico/02_Tratados_internacionales/Comercio_exterior_paises_con_tratados_firmados/Tratdos_firmados_con_méxico/América_latina/Iniciativas_bilaterales/Chile/Chile_Desicion_No.4.docx,SIEM/Marco_jurídico/02_Tratados_internacionales/Comercio_exterior_paises_con_tratados_firmados/Tratdos_firmados_con_méxico/América_latina/Iniciativas_bilaterales/Chile/Chile_Desicion_No.4.docx,19744,0.02,2025-10-14T15:03:46,2025-10-16T15:10:18.521687,.docx,f7e452c79ae6bdbda88d1a1b732a6205
Gui_a_de_Recomendaciones_transparencia_y_participacio_n_ciudadana.docx,/home/elias/Documentos/Embeddings/SIEM/SIEM/Marco_jurídico/02_Tratados_internacionales/Comercio_exterior_paises_con_tratados_firmados/Tratdos_firmados_con_méxico/América_latina/Iniciativas_bilaterales/Chile/Gui_a_de_Recomendaciones_transparencia_y_participacio_n_ciudadana.docx,SIEM/Marco_jurídico/02_Tratados_internacionales/Comercio_exterior_paises_con_tratados_firmados/Tratdos_firmados_con_méxico/América_latina/Iniciativas_bilaterales/Chile/Gui_a_de_Recomendaciones_transparencia_y_participacio_n_ciudadana.docx,186204,0.18,2025-10-14T15:03:58,2025-10-16T15:10:18.529081,.docx,cbb089d2962193c653ec6ae00e805929
Chile_Desicion_No.2.docx,/home/elias/Documentos/Embeddings/SIEM/SIEM/Marco_jurídico/02_Tratados_internacionales/Comercio_exterior_paises_con_tratados_firmados/Tratdos_firmados_con_méxico/América_latina/Iniciativas_bilaterales/Chile/Chile_Desicion_No.2.docx,SIEM/Marco_jurídico/02_Tratados_internacionales/Comercio_exterior_paises_con_tratados_firmados/Tratdos_firmados_con_méxico/América_latina/Iniciativas_bilaterales/Chile/Chile_Desicion_No.2.docx,18175,0.02,2025-10-14T15:03:16,2025-10-16T15:10:18.518440,.docx,58fb5cb614820b0e2bf59e6a44fed3d1
Chile_Decisi_n_N__8.docx,/home/elias/Documentos/Embeddings/SIEM/SIEM/Marco_jurídico/02_Tratados_internacionales/Comercio_exterior_paises_con_tratados_firmados/Tratdos_firmados_con_méxico/América_latina/Iniciativas_bilaterales/Chile/Chile_Decisi_n_N__8.docx,SIEM/Marco_jurídico/02_Tratados_internacionales/Comercio_exterior_paises_con_tratados_firmados/Tratdos_firmados_con_méxico/América_latina/Iniciativas_bilaterales/Chile/Chile_Decisi_n_N__8.docx,29855,0.03,2025-10-14T15:03:32,2025-10-16T15:10:18.516282,.docx,a8befd746c605263e5d5be02a2ed535d
chile_decision6.docx,/home/elias/Documentos/Embeddings/SIEM/SIEM/Marco_jurídico/02_Tratados_internacionales/Comercio_exterior_paises_con_tratados_firmados/Tratdos_firmados_con_méxico/América_latina/Iniciativas_bilaterales/Chile/chile_decision6.docx,SIEM/Marco_jurídico/02_Tratados_internacionales/Comercio_exterior_paises_con_tratados_firmados/Tratdos_firmados_con_méxico/América_latina/Iniciativas_bilaterales/Chile/chile_decision6.docx,25107,0.02,2025-10-14T15:03:36,2025-10-16T15:10:18.497087,.docx,9fa50da6d63422f93fc99d05094a6dce
Chile_Decisi_n_10.docx,/home/elias/Documentos/Embeddings/SIEM/SIEM/Marco_jurídico/02_Tratados_internacionales/Comercio_exterior_paises_con_tratados_firmados/Tratdos_firmados_con_méxico/América_latina/Iniciativas_bilaterales/Chile/Chile_Decisi_n_10.docx,SIEM/Marco_jurídico/02_Tratados_internacionales/Comercio_exterior_paises_con_tratados_firmados/Tratdos_firmados_con_méxico/América_latina/Iniciativas_bilaterales/Chile/Chile_Decisi_n_10.docx,16137,0.02,2025-10-14T15:03:30,2025-10-16T15:10:18.497758,.docx,4012529633c5651faaa4616a10668d5a
Colombia_decisiones12.docx,/home/elias/Documentos/Embeddings/SIEM/SIEM/Marco_jurídico/02_Tratados_internacionales/Comercio_exterior_paises_con_tratados_firmados/Tratdos_firmados_con_méxico/América_latina/Iniciativas_bilaterales/Colombia/Colombia_decisiones12.docx,SIEM/Marco_jurídico/02_Tratados_internacionales/Comercio_exterior_paises_con_tratados_firmados/Tratdos_firmados_con_méxico/América_latina/Iniciativas_bilaterales/Colombia/Colombia_decisiones12.docx,41730,0.04,2025-10-14T13:14:56,2025-10-16T15:10:18.709322,.docx,a793436a7c1907ac26dbe501c27aba6d
Colombia_decisiones16.docx,/home/elias/Documentos/Embeddings/SIEM/SIEM/Marco_jurídico/02_Tratados_internacionales/Comercio_exterior_paises_con_tratados_firmados/Tratdos_firmados_con_méxico/América_latina/Iniciativas_bilaterales/Colombia/Colombia_decisiones16.docx,SIEM/Marco_jurídico/02_Tratados_internacionales/Comercio_exterior_paises_con_tratados_firmados/Tratdos_firmados_con_méxico/América_latina/Iniciativas_bilaterales/Colombia/Colombia_decisiones16.docx,25439,0.02,2025-10-14T13:17:48,2025-10-16T15:10:18.728877,.docx,1e4b672611c2a4500eff86e5e4db8cfe
Colombia_decisiones18.docx,/home/elias/Documentos/Embeddings/SIEM/SIEM/Marco_jurídico/02_Tratados_internacionales/Comercio_exterior_paises_con_tratados_firmados/Tratdos_firmados_con_méxico/América_latina/Iniciativas_bilaterales/Colombia/Colombia_decisiones18.docx,SIEM/Marco_jurídico/02_Tratados_internacionales/Comercio_exterior_paises_con_tratados_firmados/Tratdos_firmados_con_méxico/América_latina/Iniciativas_bilaterales/Colombia/Colombia_decisiones18.docx,22098,0.02,2025-10-14T13:18:04,2025-10-16T15:10:18.730717,.docx,06a683748b6ba9706c115691336a1495
Colombia_decisiones52.docx,/home/elias/Documentos/Embeddings/SIEM/SIEM/Marco_jurídico/02_Tratados_internacionales/Comercio_exterior_paises_con_tratados_firmados/Tratdos_firmados_con_méxico/América_latina/Iniciativas_bilaterales/Colombia/Colombia_decisiones52.docx,SIEM/Marco_jurídico/02_Tratados_internacionales/Comercio_exterior_paises_con_tratados_firmados/Tratdos_firmados_con_méxico/América_latina/Iniciativas_bilaterales/Colombia/Colombia_decisiones52.docx,31756,0.03,2025-10-14T13:36:18,2025-10-16T15:10:18.893380,.docx,8d21393903880cc7b42957bcc4e259ba
Colombia_decisiones38.docx,/home/elias/Documentos/Embeddings/SIEM/SIEM/Marco_jurídico/02_Tratados_internacionales/Comercio_exterior_paises_con_tratados_firmados/Tratdos_firmados_con_méxico/América_latina/Iniciativas_bilaterales/Colombia/Colombia_decisiones38.docx,SIEM/Marco_jurídico/02_Tratados_internacionales/Comercio_exterior_paises_con_tratados_firmados/Tratdos_firmados_con_méxico/América_latina/Iniciativas_bilaterales/Colombia/Colombia_decisiones38.docx,35610,0.03,2025-10-14T13:30:12,2025-10-16T15:10:18.783959,.docx,4805fb953945080ccde0d50ac8fdc873
Colombia_decisiones33.docx,/home/elias/Documentos/Embeddings/SIEM/SIEM/Marco_jurídico/02_Tratados_internacionales/Comercio_exterior_paises_con_tratados_firmados/Tratdos_firmados_con_méxico/América_latina/Iniciativas_bilaterales/Colombia/Colombia_decisiones33.docx,SIEM/Marco_jurídico/02_Tratados_internacionales/Comercio_exterior_paises_con_tratados_firmados/Tratdos_firmados_con_méxico/América_latina/Iniciativas_bilaterales/Colombia/Colombia_decisiones33.docx,24600,0.02,2025-10-14T13:29:26,2025-10-16T15:10:18.774004,.docx,e38c161af4a71b160416caa2acbdd78e
Colombia_decisiones55.docx,/home/elias/Documentos/Embeddings/SIEM/SIEM/Marco_jurídico/02_Tratados_internacionales/Comercio_exterior_paises_con_tratados_firmados/Tratdos_firmados_con_méxico/América_latina/Iniciativas_bilaterales/Colombia/Colombia_decisiones55.docx,SIEM/Marco_jurídico/02_Tratados_internacionales/Comercio_exterior_paises_con_tratados_firmados/Tratdos_firmados_con_méxico/América_latina/Iniciativas_bilaterales/Colombia/Colombia_decisiones55.docx,64018,0.06,2025-10-14T13:36:26,2025-10-16T15:10:18.897898,.docx,b6968fa74d1695343cda86de946176f4
Colombia_decisiones47.docx,/home/elias/Documentos/Embeddings/SIEM/SIEM/Marco_jurídico/02_Tratados_internacionales/Comercio_exterior_paises_con_tratados_firmados/Tratdos_firmados_con_méxico/América_latina/Iniciativas_bilaterales/Colombia/Colombia_decisiones47.docx,SIEM/Marco_jurídico/02_Tratados_internacionales/Comercio_exterior_paises_con_tratados_firmados/Tratdos_firmados_con_méxico/América_latina/Iniciativas_bilaterales/Colombia/Colombia_decisiones47.docx,43681,0.04,2025-10-14T13:36:04,2025-10-16T15:10:18.885305,.docx,0a3adb479f1293c1451c8c30fe430996
Colombia_decisiones42.docx,/home/elias/Documentos/Embeddings/SIEM/SIEM/Marco_jurídico/02_Tratados_internacionales/Comercio_exterior_paises_con_tratados_firmados/Tratdos_firmados_con_méxico/América_latina/Iniciativas_bilaterales/Colombia/Colombia_decisiones42.docx,SIEM/Marco_jurídico/02_Tratados_internacionales/Comercio_exterior_paises_con_tratados_firmados/Tratdos_firmados_con_méxico/América_latina/Iniciativas_bilaterales/Colombia/Colombia_decisiones42.docx,3417983,3.26,2025-10-14T13:35:28,2025-10-16T15:10:18.876034,.docx,87862c9f0fc02f40b136ad735c2529b0
Colombia_decisiones39.docx,/home/elias/Documentos/Embeddings/SIEM/SIEM/Marco_jurídico/02_Tratados_internacionales/Comercio_exterior_paises_con_tratados_firmados/Tratdos_firmados_con_méxico/América_latina/Iniciativas_bilaterales/Colombia/Colombia_decisiones39.docx,SIEM/Marco_jurídico/02_Tratados_internacionales/Comercio_exterior_paises_con_tratados_firmados/Tratdos_firmados_con_méxico/América_latina/Iniciativas_bilaterales/Colombia/Colombia_decisiones39.docx,77489,0.07,2025-10-14T13:30:28,2025-10-16T15:10:18.786142,.docx,f47e7a1f5e94da1f920de848ffba8637
Colombia_decisiones36.docx,/home/elias/Documentos/Embeddings/SIEM/SIEM/Marco_jurídico/02_Tratados_internacionales/Comercio_exterior_paises_con_tratados_firmados/Tratdos_firmados_con_méxico/América_latina/Iniciativas_bilaterales/Colombia/Colombia_decisiones36.docx,SIEM/Marco_jurídico/02_Tratados_internacionales/Comercio_exterior_paises_con_tratados_firmados/Tratdos_firmados_con_méxico/América_latina/Iniciativas_bilaterales/Colombia/Colombia_decisiones36.docx,25736,0.02,2025-10-14T13:29:40,2025-10-16T15:10:18.778824,.docx,85c604250117a27f70cc378febf12a16
Colombia_decisiones32.docx,/home/elias/Documentos/Embeddings/SIEM/SIEM/Marco_jurídico/02_Tratados_internacionales/Comercio_exterior_paises_con_tratados_firmados/Tratdos_firmados_con_méxico/América_latina/Iniciativas_bilaterales/Colombia/Colombia_decisiones32.docx,SIEM/Marco_jurídico/02_Tratados_internacionales/Comercio_exterior_paises_con_tratados_firmados/Tratdos_firmados_con_méxico/América_latina/Iniciativas_bilaterales/Colombia/Colombia_decisiones32.docx,24279,0.02,2025-10-14T13:29:22,2025-10-16T15:10:18.772373,.docx,36aa593389bc065e4c08df7764b6ae48
Colombia_decisiones10.docx,/home/elias/Documentos/Embeddings/SIEM/SIEM/Marco_jurídico/02_Tratados_internacionales/Comercio_exterior_paises_con_tratados_firmados/Tratdos_firmados_con_méxico/América_latina/Iniciativas_bilaterales/Colombia/Colombia_decisiones10.docx,SIEM/Marco_jurídico/02_Tratados_internacionales/Comercio_exterior_paises_con_tratados_firmados/Tratdos_firmados_con_méxico/América_latina/Iniciativas_bilaterales/Colombia/Colombia_decisiones10.docx,145022,0.14,2025-10-14T13:14:36,2025-10-16T15:10:18.707082,.docx,1146ac27dd9d05351412561ea3cce910
Colombia_decisiones13.docx,/home/elias/Documentos/Embeddings/SIEM/SIEM/Marco_jurídico/02_Tratados_internacionales/Comercio_exterior_paises_con_tratados_firmados/Tratdos_firmados_con_méxico/América_latina/Iniciativas_bilaterales/Colombia/Colombia_decisiones13.docx,SIEM/Marco_jurídico/02_Tratados_internacionales/Comercio_exterior_paises_con_tratados_firmados/Tratdos_firmados_con_méxico/América_latina/Iniciativas_bilaterales/Colombia/Colombia_decisiones13.docx,440091,0.42,2025-10-14T13:16:16,2025-10-16T15:10:18.720562,.docx,6dfad96728e6dac792d4d70e742ea5ed
Colombia_decisiones53.docx,/home/elias/Documentos/Embeddings/SIEM/SIEM/Marco_jurídico/02_Tratados_internacionales/Comercio_exterior_paises_con_tratados_firmados/Tratdos_firmados_con_méxico/América_latina/Iniciativas_bilaterales/Colombia/Colombia_decisiones53.docx,SIEM/Marco_jurídico/02_Tratados_internacionales/Comercio_exterior_paises_con_tratados_firmados/Tratdos_firmados_con_méxico/América_latina/Iniciativas_bilaterales/Colombia/Colombia_decisiones53.docx,26643,0.03,2025-10-14T13:36:20,2025-10-16T15:10:18.894312,.docx,f0b230171ef2e4e3e9bf935fe8335a8c
Colombia_decisiones21.docx,/home/elias/Documentos/Embeddings/SIEM/SIEM/Marco_jurídico/02_Tratados_internacionales/Comercio_exterior_paises_con_tratados_firmados/Tratdos_firmados_con_méxico/América_latina/Iniciativas_bilaterales/Colombia/Colombia_decisiones21.docx,SIEM/Marco_jurídico/02_Tratados_internacionales/Comercio_exterior_paises_con_tratados_firmados/Tratdos_firmados_con_méxico/América_latina/Iniciativas_bilaterales/Colombia/Colombia_decisiones21.docx,26998,0.03,2025-10-14T13:18:32,2025-10-16T15:10:18.737279,.docx,ee968c9a1a04d36f130dc781725ede90
Colombia_decisiones27.docx,/home/elias/Documentos/Embeddings/SIEM/SIEM/Marco_jurídico/02_Tratados_internacionales/Comercio_exterior_paises_con_tratados_firmados/Tratdos_firmados_con_méxico/América_latina/Iniciativas_bilaterales/Colombia/Colombia_decisiones27.docx,SIEM/Marco_jurídico/02_Tratados_internacionales/Comercio_exterior_paises_con_tratados_firmados/Tratdos_firmados_con_méxico/América_latina/Iniciativas_bilaterales/Colombia/Colombia_decisiones27.docx,116149,0.11,2025-10-14T13:27:38,2025-10-16T15:10:18.752739,.docx,20a03366f5c7dd301e685e86669250f8
Colombia_decisiones51.docx,/home/elias/Documentos/Embeddings/SIEM/SIEM/Marco_jurídico/02_Tratados_internacionales/Comercio_exterior_paises_con_tratados_firmados/Tratdos_firmados_con_méxico/América_latina/Iniciativas_bilaterales/Colombia/Colombia_decisiones51.docx,SIEM/Marco_jurídico/02_Tratados_internacionales/Comercio_exterior_paises_con_tratados_firmados/Tratdos_firmados_con_méxico/América_latina/Iniciativas_bilaterales/Colombia/Colombia_decisiones51.docx,56755,0.05,2025-10-14T13:36:16,2025-10-16T15:10:18.892318,.docx,5f12bae954532448f379d6ad234b53e6
Colombia_decisiones54.docx,/home/elias/Documentos/Embeddings/SIEM/SIEM/Marco_jurídico/02_Tratados_internacionales/Comercio_exterior_paises_con_tratados_firmados/Tratdos_firmados_con_méxico/América_latina/Iniciativas_bilaterales/Colombia/Colombia_decisiones54.docx,SIEM/Marco_jurídico/02_Tratados_internacionales/Comercio_exterior_paises_con_tratados_firmados/Tratdos_firmados_con_méxico/América_latina/Iniciativas_bilaterales/Colombia/Colombia_decisiones54.docx,29783,0.03,2025-10-14T13:36:22,2025-10-16T15:10:18.895337,.docx,38e5306212ecae994d57218877e69005
colombia_decision64.docx,/home/elias/Documentos/Embeddings/SIEM/SIEM/Marco_jurídico/02_Tratados_internacionales/Comercio_exterior_paises_con_tratados_firmados/Tratdos_firmados_con_méxico/América_latina/Iniciativas_bilaterales/Colombia/colombia_decision64.docx,SIEM/Marco_jurídico/02_Tratados_internacionales/Comercio_exterior_paises_con_tratados_firmados/Tratdos_firmados_con_méxico/América_latina/Iniciativas_bilaterales/Colombia/colombia_decision64.docx,39656,0.04,2025-10-14T13:36:10,2025-10-16T15:10:18.684299,.docx,de17ca80a91820e255a740f6bb2bf98c
Colombia_Decision_N__65.docx,/home/elias/Documentos/Embeddings/SIEM/SIEM/Marco_jurídico/02_Tratados_internacionales/Comercio_exterior_paises_con_tratados_firmados/Tratdos_firmados_con_méxico/América_latina/Iniciativas_bilaterales/Colombia/Colombia_Decision_N__65.docx,SIEM/Marco_jurídico/02_Tratados_internacionales/Comercio_exterior_paises_con_tratados_firmados/Tratdos_firmados_con_méxico/América_latina/Iniciativas_bilaterales/Colombia/Colombia_Decision_N__65.docx,167568,0.16,2025-10-14T13:44:28,2025-10-16T15:10:18.915592,.docx,c51718ccba9fad29735bf70d7f309e47
colombia_decision63.docx,/home/elias/Documentos/Embeddings/SIEM/SIEM/Marco_jurídico/02_Tratados_internacionales/Comercio_exterior_paises_con_tratados_firmados/Tratdos_firmados_con_méxico/América_latina/Iniciativas_bilaterales/Colombia/colombia_decision63.docx,SIEM/Marco_jurídico/02_Tratados_internacionales/Comercio_exterior_paises_con_tratados_firmados/Tratdos_firmados_con_méxico/América_latina/Iniciativas_bilaterales/Colombia/colombia_decision63.docx,73492,0.07,2025-10-14T13:26:46,2025-10-16T15:10:18.683012,.docx,c96fa672b60051b6813e6423ad354f50
Colombia_decisiones37.docx,/home/elias/Documentos/Embeddings/SIEM/SIEM/Marco_jurídico/02_Tratados_internacionales/Comercio_exterior_paises_con_tratados_firmados/Tratdos_firmados_con_méxico/América_latina/Iniciativas_bilaterales/Colombia/Colombia_decisiones37.docx,SIEM/Marco_jurídico/02_Tratados_internacionales/Comercio_exterior_paises_con_tratados_firmados/Tratdos_firmados_con_méxico/América_latina/Iniciativas_bilaterales/Colombia/Colombia_decisiones37.docx,121426,0.12,2025-10-14T13:30:04,2025-10-16T15:10:18.782819,.docx,b142d0bdecd4e2fbb609eb0db89acf70
Colombia_decisiones44.docx,/home/elias/Documentos/Embeddings/SIEM/SIEM/Marco_jurídico/02_Tratados_internacionales/Comercio_exterior_paises_con_tratados_firmados/Tratdos_firmados_con_méxico/América_latina/Iniciativas_bilaterales/Colombia/Colombia_decisiones44.docx,SIEM/Marco_jurídico/02_Tratados_internacionales/Comercio_exterior_paises_con_tratados_firmados/Tratdos_firmados_con_méxico/América_latina/Iniciativas_bilaterales/Colombia/Colombia_decisiones44.docx,84652,0.08,2025-10-14T13:35:58,2025-10-16T15:10:18.880515,.docx,5fdc35346aaf22aa4bfab5f986334b26
Colombia_decisiones24.docx,/home/elias/Documentos/Embeddings/SIEM/SIEM/Marco_jurídico/02_Tratados_internacionales/Comercio_exterior_paises_con_tratados_firmados/Tratdos_firmados_con_méxico/América_latina/Iniciativas_bilaterales/Colombia/Colombia_decisiones24.docx,SIEM/Marco_jurídico/02_Tratados_internacionales/Comercio_exterior_paises_con_tratados_firmados/Tratdos_firmados_con_méxico/América_latina/Iniciativas_bilaterales/Colombia/Colombia_decisiones24.docx,24769,0.02,2025-10-14T13:18:56,2025-10-16T15:10:18.743632,.docx,f2342516f14a9b21ee161d1264bc406e
Colombia_decisiones31.docx,/home/elias/Documentos/Embeddings/SIEM/SIEM/Marco_jurídico/02_Tratados_internacionales/Comercio_exterior_paises_con_tratados_firmados/Tratdos_firmados_con_méxico/América_latina/Iniciativas_bilaterales/Colombia/Colombia_decisiones31.docx,SIEM/Marco_jurídico/02_Tratados_internacionales/Comercio_exterior_paises_con_tratados_firmados/Tratdos_firmados_con_méxico/América_latina/Iniciativas_bilaterales/Colombia/Colombia_decisiones31.docx,26725,0.03,2025-10-14T13:29:18,2025-10-16T15:10:18.770835,.docx,f2a823039b1502cc1f1450eb8de857b0
Colombia_decisiones28.docx,/home/elias/Documentos/Embeddings/SIEM/SIEM/Marco_jurídico/02_Tratados_internacionales/Comercio_exterior_paises_con_tratados_firmados/Tratdos_firmados_con_méxico/América_latina/Iniciativas_bilaterales/Colombia/Colombia_decisiones28.docx,SIEM/Marco_jurídico/02_Tratados_internacionales/Comercio_exterior_paises_con_tratados_firmados/Tratdos_firmados_con_méxico/América_latina/Iniciativas_bilaterales/Colombia/Colombia_decisiones28.docx,384877,0.37,2025-10-14T13:28:54,2025-10-16T15:10:18.762577,.docx,4db38cec494732609ff6457cbf4fda80
Colombia_decisiones5.docx,/home/elias/Documentos/Embeddings/SIEM/SIEM/Marco_jurídico/02_Tratados_internacionales/Comercio_exterior_paises_con_tratados_firmados/Tratdos_firmados_con_méxico/América_latina/Iniciativas_bilaterales/Colombia/Colombia_decisiones5.docx,SIEM/Marco_jurídico/02_Tratados_internacionales/Comercio_exterior_paises_con_tratados_firmados/Tratdos_firmados_con_méxico/América_latina/Iniciativas_bilaterales/Colombia/Colombia_decisiones5.docx,53256,0.05,2025-10-14T13:12:52,2025-10-16T15:10:18.889591,.docx,f16b18d86f6cadd55d9c4c3d46cbc592
Colombia_decisiones26.docx,/home/elias/Documentos/Embeddings/SIEM/SIEM/Marco_jurídico/02_Tratados_internacionales/Comercio_exterior_paises_con_tratados_firmados/Tratdos_firmados_con_méxico/América_latina/Iniciativas_bilaterales/Colombia/Colombia_decisiones26.docx,SIEM/Marco_jurídico/02_Tratados_internacionales/Comercio_exterior_paises_con_tratados_firmados/Tratdos_firmados_con_méxico/América_latina/Iniciativas_bilaterales/Colombia/Colombia_decisiones26.docx,137251,0.13,2025-10-14T13:27:16,2025-10-16T15:10:18.749608,.docx,2e8c06f0dbc8f5a790ee33055ca3409d
Colombia_decisiones9.docx,/home/elias/Documentos/Embeddings/SIEM/SIEM/Marco_jurídico/02_Tratados_internacionales/Comercio_exterior_paises_con_tratados_firmados/Tratdos_firmados_con_méxico/América_latina/Iniciativas_bilaterales/Colombia/Colombia_decisiones9.docx,SIEM/Marco_jurídico/02_Tratados_internacionales/Comercio_exterior_paises_con_tratados_firmados/Tratdos_firmados_con_méxico/América_latina/Iniciativas_bilaterales/Colombia/Colombia_decisiones9.docx,209896,0.2,2025-10-14T13:14:00,2025-10-16T15:10:18.911188,.docx,5e4310e7c3e7d00aa040c232b396e07b
Colombia_decisiones43.docx,/home/elias/Documentos/Embeddings/SIEM/SIEM/Marco_jurídico/02_Tratados_internacionales/Comercio_exterior_paises_con_tratados_firmados/Tratdos_firmados_con_méxico/América_latina/Iniciativas_bilaterales/Colombia/Colombia_decisiones43.docx,SIEM/Marco_jurídico/02_Tratados_internacionales/Comercio_exterior_paises_con_tratados_firmados/Tratdos_firmados_con_méxico/América_latina/Iniciativas_bilaterales/Colombia/Colombia_decisiones43.docx,69439,0.07,2025-10-14T13:35:38,2025-10-16T15:10:18.878101,.docx,fd17452f25bdacfe1c99b21fab0f4a65
Colombia_decisiones22.docx,/home/elias/Documentos/Embeddings/SIEM/SIEM/Marco_jurídico/02_Tratados_internacionales/Comercio_exterior_paises_con_tratados_firmados/Tratdos_firmados_con_méxico/América_latina/Iniciativas_bilaterales/Colombia/Colombia_decisiones22.docx,SIEM/Marco_jurídico/02_Tratados_internacionales/Comercio_exterior_paises_con_tratados_firmados/Tratdos_firmados_con_méxico/América_latina/Iniciativas_bilaterales/Colombia/Colombia_decisiones22.docx,26372,0.03,2025-10-14T13:18:40,2025-10-16T15:10:18.738880,.docx,c82a0b9a9b4d6ffcb8c1a43529b1fe6d
Colombia_decisiones49.docx,/home/elias/Documentos/Embeddings/SIEM/SIEM/Marco_jurídico/02_Tratados_internacionales/Comercio_exterior_paises_con_tratados_firmados/Tratdos_firmados_con_méxico/América_latina/Iniciativas_bilaterales/Colombia/Colombia_decisiones49.docx,SIEM/Marco_jurídico/02_Tratados_internacionales/Comercio_exterior_paises_con_tratados_firmados/Tratdos_firmados_con_méxico/América_latina/Iniciativas_bilaterales/Colombia/Colombia_decisiones49.docx,57823,0.06,2025-10-14T13:36:12,2025-10-16T15:10:18.888000,.docx,1a14f31652f474d0ddd8f635bfa5d7c1
Colombia_decisiones46.docx,/home/elias/Documentos/Embeddings/SIEM/SIEM/Marco_jurídico/02_Tratados_internacionales/Comercio_exterior_paises_con_tratados_firmados/Tratdos_firmados_con_méxico/América_latina/Iniciativas_bilaterales/Colombia/Colombia_decisiones46.docx,SIEM/Marco_jurídico/02_Tratados_internacionales/Comercio_exterior_paises_con_tratados_firmados/Tratdos_firmados_con_méxico/América_latina/Iniciativas_bilaterales/Colombia/Colombia_decisiones46.docx,70914,0.07,2025-10-14T13:36:02,2025-10-16T15:10:18.883969,.docx,ed90d76de28f012b6c2cba74240aaaa0
Colombia_decisiones30.docx,/home/elias/Documentos/Embeddings/SIEM/SIEM/Marco_jurídico/02_Tratados_internacionales/Comercio_exterior_paises_con_tratados_firmados/Tratdos_firmados_con_méxico/América_latina/Iniciativas_bilaterales/Colombia/Colombia_decisiones30.docx,SIEM/Marco_jurídico/02_Tratados_internacionales/Comercio_exterior_paises_con_tratados_firmados/Tratdos_firmados_con_méxico/América_latina/Iniciativas_bilaterales/Colombia/Colombia_decisiones30.docx,101841,0.1,2025-10-14T13:29:14,2025-10-16T15:10:18.767518,.docx,ac3876f3cf1b4ebe60542b945dda3e4f
Colombia_decisiones1.docx,/home/elias/Documentos/Embeddings/SIEM/SIEM/Marco_jurídico/02_Tratados_internacionales/Comercio_exterior_paises_con_tratados_firmados/Tratdos_firmados_con_méxico/América_latina/Iniciativas_bilaterales/Colombia/Colombia_decisiones1.docx,SIEM/Marco_jurídico/02_Tratados_internacionales/Comercio_exterior_paises_con_tratados_firmados/Tratdos_firmados_con_méxico/América_latina/Iniciativas_bilaterales/Colombia/Colombia_decisiones1.docx,40575,0.04,2025-10-14T13:12:12,2025-10-16T15:10:18.703234,.docx,2ddc1de33385ab33d12822222a473b3f
Colombia_decisiones48.docx,/home/elias/Documentos/Embeddings/SIEM/SIEM/Marco_jurídico/02_Tratados_internacionales/Comercio_exterior_paises_con_tratados_firmados/Tratdos_firmados_con_méxico/América_latina/Iniciativas_bilaterales/Colombia/Colombia_decisiones48.docx,SIEM/Marco_jurídico/02_Tratados_internacionales/Comercio_exterior_paises_con_tratados_firmados/Tratdos_firmados_con_méxico/América_latina/Iniciativas_bilaterales/Colombia/Colombia_decisiones48.docx,30538,0.03,2025-10-14T13:36:06,2025-10-16T15:10:18.886315,.docx,ae29d40c3e755f19f7bf9453ea3fd9d7
Colombia_decisiones14.docx,/home/elias/Documentos/Embeddings/SIEM/SIEM/Marco_jurídico/02_Tratados_internacionales/Comercio_exterior_paises_con_tratados_firmados/Tratdos_firmados_con_méxico/América_latina/Iniciativas_bilaterales/Colombia/Colombia_decisiones14.docx,SIEM/Marco_jurídico/02_Tratados_internacionales/Comercio_exterior_paises_con_tratados_firmados/Tratdos_firmados_con_méxico/América_latina/Iniciativas_bilaterales/Colombia/Colombia_decisiones14.docx,188907,0.18,2025-10-14T13:17:08,2025-10-16T15:10:18.725510,.docx,a1b01bf76a5bfcf87e73b0d1c567260f
Colombia_decisiones40.docx,/home/elias/Documentos/Embeddings/SIEM/SIEM/Marco_jurídico/02_Tratados_internacionales/Comercio_exterior_paises_con_tratados_firmados/Tratdos_firmados_con_méxico/América_latina/Iniciativas_bilaterales/Colombia/Colombia_decisiones40.docx,SIEM/Marco_jurídico/02_Tratados_internacionales/Comercio_exterior_paises_con_tratados_firmados/Tratdos_firmados_con_méxico/América_latina/Iniciativas_bilaterales/Colombia/Colombia_decisiones40.docx,75407,0.07,2025-10-14T13:30:48,2025-10-16T15:10:18.789455,.docx,78faa3fd042e8108085743de2d09f0c4
Colombia_decisiones50.docx,/home/elias/Documentos/Embeddings/SIEM/SIEM/Marco_jurídico/02_Tratados_internacionales/Comercio_exterior_paises_con_tratados_firmados/Tratdos_firmados_con_méxico/América_latina/Iniciativas_bilaterales/Colombia/Colombia_decisiones50.docx,SIEM/Marco_jurídico/02_Tratados_internacionales/Comercio_exterior_paises_con_tratados_firmados/Tratdos_firmados_con_méxico/América_latina/Iniciativas_bilaterales/Colombia/Colombia_decisiones50.docx,32349,0.03,2025-10-14T13:36:14,2025-10-16T15:10:18.890666,.docx,14100a2ff28031083697ae4211dd02cd
Colombia_decisiones11.docx,/home/elias/Documentos/Embeddings/SIEM/SIEM/Marco_jurídico/02_Tratados_internacionales/Comercio_exterior_paises_con_tratados_firmados/Tratdos_firmados_con_méxico/América_latina/Iniciativas_bilaterales/Colombia/Colombia_decisiones11.docx,SIEM/Marco_jurídico/02_Tratados_internacionales/Comercio_exterior_paises_con_tratados_firmados/Tratdos_firmados_con_méxico/América_latina/Iniciativas_bilaterales/Colombia/Colombia_decisiones11.docx,27410,0.03,2025-10-14T13:14:42,2025-10-16T15:10:18.708036,.docx,a469866b3365115585a4adb5bd24b097
Colombia_decisiones35.docx,/home/elias/Documentos/Embeddings/SIEM/SIEM/Marco_jurídico/02_Tratados_internacionales/Comercio_exterior_paises_con_tratados_firmados/Tratdos_firmados_con_méxico/América_latina/Iniciativas_bilaterales/Colombia/Colombia_decisiones35.docx,SIEM/Marco_jurídico/02_Tratados_internacionales/Comercio_exterior_paises_con_tratados_firmados/Tratdos_firmados_con_méxico/América_latina/Iniciativas_bilaterales/Colombia/Colombia_decisiones35.docx,22302,0.02,2025-10-14T13:29:32,2025-10-16T15:10:18.775544,.docx,4693c339d203d5a3ea79d12eb8dc611c
Colombia_decisiones8.docx,/home/elias/Documentos/Embeddings/SIEM/SIEM/Marco_jurídico/02_Tratados_internacionales/Comercio_exterior_paises_con_tratados_firmados/Tratdos_firmados_con_méxico/América_latina/Iniciativas_bilaterales/Colombia/Colombia_decisiones8.docx,SIEM/Marco_jurídico/02_Tratados_internacionales/Comercio_exterior_paises_con_tratados_firmados/Tratdos_firmados_con_méxico/América_latina/Iniciativas_bilaterales/Colombia/Colombia_decisiones8.docx,21105,0.02,2025-10-14T13:13:18,2025-10-16T15:10:18.904878,.docx,1f3f6e460dcc7c13ac84c977f8ee6e3b
Colombia_decisiones17.docx,/home/elias/Documentos/Embeddings/SIEM/SIEM/Marco_jurídico/02_Tratados_internacionales/Comercio_exterior_paises_con_tratados_firmados/Tratdos_firmados_con_méxico/América_latina/Iniciativas_bilaterales/Colombia/Colombia_decisiones17.docx,SIEM/Marco_jurídico/02_Tratados_internacionales/Comercio_exterior_paises_con_tratados_firmados/Tratdos_firmados_con_méxico/América_latina/Iniciativas_bilaterales/Colombia/Colombia_decisiones17.docx,28423,0.03,2025-10-14T13:17:54,2025-10-16T15:10:18.729824,.docx,bdbedddf7f02a16d29e8a7dd5c0edc17
Colombia_decisiones62.docx,/home/elias/Documentos/Embeddings/SIEM/SIEM/Marco_jurídico/02_Tratados_internacionales/Comercio_exterior_paises_con_tratados_firmados/Tratdos_firmados_con_méxico/América_latina/Iniciativas_bilaterales/Colombia/Colombia_decisiones62.docx,SIEM/Marco_jurídico/02_Tratados_internacionales/Comercio_exterior_paises_con_tratados_firmados/Tratdos_firmados_con_méxico/América_latina/Iniciativas_bilaterales/Colombia/Colombia_decisiones62.docx,34055,0.03,2025-10-14T13:36:30,2025-10-16T15:10:18.901974,.docx,2bddbef6216f26592f98541203cdb9d5
Colombia_decisiones23.docx,/home/elias/Documentos/Embeddings/SIEM/SIEM/Marco_jurídico/02_Tratados_internacionales/Comercio_exterior_paises_con_tratados_firmados/Tratdos_firmados_con_méxico/América_latina/Iniciativas_bilaterales/Colombia/Colombia_decisiones23.docx,SIEM/Marco_jurídico/02_Tratados_internacionales/Comercio_exterior_paises_con_tratados_firmados/Tratdos_firmados_con_méxico/América_latina/Iniciativas_bilaterales/Colombia/Colombia_decisiones23.docx,23918,0.02,2025-10-14T13:18:48,2025-10-16T15:10:18.742001,.docx,3b333ef70376d1bd130d4c528bafe513
Colombia_decisiones2.docx,/home/elias/Documentos/Embeddings/SIEM/SIEM/Marco_jurídico/02_Tratados_internacionales/Comercio_exterior_paises_con_tratados_firmados/Tratdos_firmados_con_méxico/América_latina/Iniciativas_bilaterales/Colombia/Colombia_decisiones2.docx,SIEM/Marco_jurídico/02_Tratados_internacionales/Comercio_exterior_paises_con_tratados_firmados/Tratdos_firmados_con_méxico/América_latina/Iniciativas_bilaterales/Colombia/Colombia_decisiones2.docx,27801,0.03,2025-10-14T13:12:20,2025-10-16T15:10:18.734068,.docx,3fdd51a17f60eef65deceab2176f3681
Colombia_decisiones7.docx,/home/elias/Documentos/Embeddings/SIEM/SIEM/Marco_jurídico/02_Tratados_internacionales/Comercio_exterior_paises_con_tratados_firmados/Tratdos_firmados_con_méxico/América_latina/Iniciativas_bilaterales/Colombia/Colombia_decisiones7.docx,SIEM/Marco_jurídico/02_Tratados_internacionales/Comercio_exterior_paises_con_tratados_firmados/Tratdos_firmados_con_méxico/América_latina/Iniciativas_bilaterales/Colombia/Colombia_decisiones7.docx,21529,0.02,2025-10-14T13:13:12,2025-10-16T15:10:18.903299,.docx,1e62dcc7e55baca0901155438c021017
Colombia_decisiones25.docx,/home/elias/Documentos/Embeddings/SIEM/SIEM/Marco_jurídico/02_Tratados_internacionales/Comercio_exterior_paises_con_tratados_firmados/Tratdos_firmados_con_méxico/América_latina/Iniciativas_bilaterales/Colombia/Colombia_decisiones25.docx,SIEM/Marco_jurídico/02_Tratados_internacionales/Comercio_exterior_paises_con_tratados_firmados/Tratdos_firmados_con_méxico/América_latina/Iniciativas_bilaterales/Colombia/Colombia_decisiones25.docx,24851,0.02,2025-10-14T13:19:04,2025-10-16T15:10:18.745255,.docx,630c8a4d56eb81b7c1e81e2155fb100d
Colombia_decisiones41.docx,/home/elias/Documentos/Embeddings/SIEM/SIEM/Marco_jurídico/02_Tratados_internacionales/Comercio_exterior_paises_con_tratados_firmados/Tratdos_firmados_con_méxico/América_latina/Iniciativas_bilaterales/Colombia/Colombia_decisiones41.docx,SIEM/Marco_jurídico/02_Tratados_internacionales/Comercio_exterior_paises_con_tratados_firmados/Tratdos_firmados_con_méxico/América_latina/Iniciativas_bilaterales/Colombia/Colombia_decisiones41.docx,49697,0.05,2025-10-14T13:31:00,2025-10-16T15:10:18.791015,.docx,dc564f1774275996635be896f54aab05
Colombia_decisiones56.docx,/home/elias/Documentos/Embeddings/SIEM/SIEM/Marco_jurídico/02_Tratados_internacionales/Comercio_exterior_paises_con_tratados_firmados/Tratdos_firmados_con_méxico/América_latina/Iniciativas_bilaterales/Colombia/Colombia_decisiones56.docx,SIEM/Marco_jurídico/02_Tratados_internacionales/Comercio_exterior_paises_con_tratados_firmados/Tratdos_firmados_con_méxico/América_latina/Iniciativas_bilaterales/Colombia/Colombia_decisiones56.docx,29385,0.03,2025-10-14T13:36:28,2025-10-16T15:10:18.898904,.docx,f09534cbf16a22a76513521554a0c300
Colombia_decisiones3.docx,/home/elias/Documentos/Embeddings/SIEM/SIEM/Marco_jurídico/02_Tratados_internacionales/Comercio_exterior_paises_con_tratados_firmados/Tratdos_firmados_con_méxico/América_latina/Iniciativas_bilaterales/Colombia/Colombia_decisiones3.docx,SIEM/Marco_jurídico/02_Tratados_internacionales/Comercio_exterior_paises_con_tratados_firmados/Tratdos_firmados_con_méxico/América_latina/Iniciativas_bilaterales/Colombia/Colombia_decisiones3.docx,35369,0.03,2025-10-14T13:12:32,2025-10-16T15:10:18.764681,.docx,004273c69244cea1d2bf53c058fd176e
Colombia_decisiones20.docx,/home/elias/Documentos/Embeddings/SIEM/SIEM/Marco_jurídico/02_Tratados_internacionales/Comercio_exterior_paises_con_tratados_firmados/Tratdos_firmados_con_méxico/América_latina/Iniciativas_bilaterales/Colombia/Colombia_decisiones20.docx,SIEM/Marco_jurídico/02_Tratados_internacionales/Comercio_exterior_paises_con_tratados_firmados/Tratdos_firmados_con_méxico/América_latina/Iniciativas_bilaterales/Colombia/Colombia_decisiones20.docx,41110,0.04,2025-10-14T13:18:24,2025-10-16T15:10:18.736015,.docx,19560bdab9e4a109f1765f16a158a152
Colombia_decisiones4.docx,/home/elias/Documentos/Embeddings/SIEM/SIEM/Marco_jurídico/02_Tratados_internacionales/Comercio_exterior_paises_con_tratados_firmados/Tratdos_firmados_con_méxico/América_latina/Iniciativas_bilaterales/Colombia/Colombia_decisiones4.docx,SIEM/Marco_jurídico/02_Tratados_internacionales/Comercio_exterior_paises_con_tratados_firmados/Tratdos_firmados_con_méxico/América_latina/Iniciativas_bilaterales/Colombia/Colombia_decisiones4.docx,37967,0.04,2025-10-14T13:12:42,2025-10-16T15:10:18.787328,.docx,ab8d5cd4b0b44ff2a7743712e449a444
Colombia_decisiones29.docx,/home/elias/Documentos/Embeddings/SIEM/SIEM/Marco_jurídico/02_Tratados_internacionales/Comercio_exterior_paises_con_tratados_firmados/Tratdos_firmados_con_méxico/América_latina/Iniciativas_bilaterales/Colombia/Colombia_decisiones29.docx,SIEM/Marco_jurídico/02_Tratados_internacionales/Comercio_exterior_paises_con_tratados_firmados/Tratdos_firmados_con_méxico/América_latina/Iniciativas_bilaterales/Colombia/Colombia_decisiones29.docx,28413,0.03,2025-10-14T13:29:02,2025-10-16T15:10:18.763546,.docx,098c6c2a6624b0cf5b6e80345256b658
Colombia_decisiones45.docx,/home/elias/Documentos/Embeddings/SIEM/SIEM/Marco_jurídico/02_Tratados_internacionales/Comercio_exterior_paises_con_tratados_firmados/Tratdos_firmados_con_méxico/América_latina/Iniciativas_bilaterales/Colombia/Colombia_decisiones45.docx,SIEM/Marco_jurídico/02_Tratados_internacionales/Comercio_exterior_paises_con_tratados_firmados/Tratdos_firmados_con_méxico/América_latina/Iniciativas_bilaterales/Colombia/Colombia_decisiones45.docx,46047,0.04,2025-10-14T13:36:00,2025-10-16T15:10:18.881919,.docx,ff64bf54c140de10cf0e87cae43a2463
Colombia_decisiones15.docx,/home/elias/Documentos/Embeddings/SIEM/SIEM/Marco_jurídico/02_Tratados_internacionales/Comercio_exterior_paises_con_tratados_firmados/Tratdos_firmados_con_méxico/América_latina/Iniciativas_bilaterales/Colombia/Colombia_decisiones15.docx,SIEM/Marco_jurídico/02_Tratados_internacionales/Comercio_exterior_paises_con_tratados_firmados/Tratdos_firmados_con_méxico/América_latina/Iniciativas_bilaterales/Colombia/Colombia_decisiones15.docx,87701,0.08,2025-10-14T13:17:38,2025-10-16T15:10:18.727987,.docx,7eb1ad373e6723d3de6b38415c35d3e5
Colombia_decisiones19.docx,/home/elias/Documentos/Embeddings/SIEM/SIEM/Marco_jurídico/02_Tratados_internacionales/Comercio_exterior_paises_con_tratados_firmados/Tratdos_firmados_con_méxico/América_latina/Iniciativas_bilaterales/Colombia/Colombia_decisiones19.docx,SIEM/Marco_jurídico/02_Tratados_internacionales/Comercio_exterior_paises_con_tratados_firmados/Tratdos_firmados_con_méxico/América_latina/Iniciativas_bilaterales/Colombia/Colombia_decisiones19.docx,24528,0.02,2025-10-14T13:18:12,2025-10-16T15:10:18.732395,.docx,968c7309c5ade412f609f81b4186e785
Colombia_decisiones6.docx,/home/elias/Documentos/Embeddings/SIEM/SIEM/Marco_jurídico/02_Tratados_internacionales/Comercio_exterior_paises_con_tratados_firmados/Tratdos_firmados_con_méxico/América_latina/Iniciativas_bilaterales/Colombia/Colombia_decisiones6.docx,SIEM/Marco_jurídico/02_Tratados_internacionales/Comercio_exterior_paises_con_tratados_firmados/Tratdos_firmados_con_méxico/América_latina/Iniciativas_bilaterales/Colombia/Colombia_decisiones6.docx,26114,0.02,2025-10-14T13:13:04,2025-10-16T15:10:18.900177,.docx,f9b8146ee1cfc30c5dcb4a3df5312be7
imagen_MEX-paraguay_infografi.docx,/home/elias/Documentos/Embeddings/SIEM/SIEM/Marco_jurídico/02_Tratados_internacionales/Comercio_exterior_paises_con_tratados_firmados/Tratdos_firmados_con_méxico/América_latina/Iniciativas_bilaterales/Paraguay/imagen_MEX-paraguay_infografi.docx,SIEM/Marco_jurídico/02_Tratados_internacionales/Comercio_exterior_paises_con_tratados_firmados/Tratdos_firmados_con_méxico/América_latina/Iniciativas_bilaterales/Paraguay/imagen_MEX-paraguay_infografi.docx,366661,0.35,2025-10-14T15:30:56,2025-10-16T15:10:21.332185,.docx,1df6c011b48700f20853363cf8217561
Cuarta reunión de la comisión.docx,/home/elias/Documentos/Embeddings/SIEM/SIEM/Marco_jurídico/02_Tratados_internacionales/Comercio_exterior_paises_con_tratados_firmados/Tratdos_firmados_con_méxico/América_del_norte/T_MEC/Cuarta reunión de la comisión.docx,SIEM/Marco_jurídico/02_Tratados_internacionales/Comercio_exterior_paises_con_tratados_firmados/Tratdos_firmados_con_méxico/América_del_norte/T_MEC/Cuarta reunión de la comisión.docx,17284,0.02,2025-10-14T12:20:56,2025-10-16T15:10:13.013590,.docx,d314da74bfc33a67967f6f3bcc68ef66
3._Espan_ol_Joint_Statement.docx,/home/elias/Documentos/Embeddings/SIEM/SIEM/Marco_jurídico/02_Tratados_internacionales/Comercio_exterior_paises_con_tratados_firmados/Tratdos_firmados_con_méxico/América_del_norte/T_MEC/3._Espan_ol_Joint_Statement.docx,SIEM/Marco_jurídico/02_Tratados_internacionales/Comercio_exterior_paises_con_tratados_firmados/Tratdos_firmados_con_méxico/América_del_norte/T_MEC/3._Espan_ol_Joint_Statement.docx,14476,0.01,2025-10-14T12:41:48,2025-10-16T15:10:12.943459,.docx,6270aa3bd5c96b8236989c546a1ae272
Reunión de medio término 1.docx,/home/elias/Documentos/Embeddings/SIEM/SIEM/Marco_jurídico/02_Tratados_internacionales/Comercio_exterior_paises_con_tratados_firmados/Tratdos_firmados_con_méxico/América_del_norte/T_MEC/Reunión de medio término 1.docx,SIEM/Marco_jurídico/02_Tratados_internacionales/Comercio_exterior_paises_con_tratados_firmados/Tratdos_firmados_con_méxico/América_del_norte/T_MEC/Reunión de medio término 1.docx,15322,0.01,2025-10-14T12:20:08,2025-10-16T15:10:15.396912,.docx,802287de10b015f3ab703fb3727254fb
8CartaMXUS232Autos.docx,/home/elias/Documentos/Embeddings/SIEM/SIEM/Marco_jurídico/02_Tratados_internacionales/Comercio_exterior_paises_con_tratados_firmados/Tratdos_firmados_con_méxico/América_del_norte/T_MEC/8CartaMXUS232Autos.docx,SIEM/Marco_jurídico/02_Tratados_internacionales/Comercio_exterior_paises_con_tratados_firmados/Tratdos_firmados_con_méxico/América_del_norte/T_MEC/8CartaMXUS232Autos.docx,86067,0.08,2025-10-14T12:42:36,2025-10-16T15:10:12.960690,.docx,07bc8f25c2437153357f571ba66158f8
4CartaMXUSAutoSafetyStandards.docx,/home/elias/Documentos/Embeddings/SIEM/SIEM/Marco_jurídico/02_Tratados_internacionales/Comercio_exterior_paises_con_tratados_firmados/Tratdos_firmados_con_méxico/América_del_norte/T_MEC/4CartaMXUSAutoSafetyStandards.docx,SIEM/Marco_jurídico/02_Tratados_internacionales/Comercio_exterior_paises_con_tratados_firmados/Tratdos_firmados_con_méxico/América_del_norte/T_MEC/4CartaMXUSAutoSafetyStandards.docx,57694,0.06,2025-10-14T12:42:02,2025-10-16T15:10:12.952298,.docx,d32ea64e7395089359a6a45ede625c68
Segunda reunión de subsecretarios.docx,/home/elias/Documentos/Embeddings/SIEM/SIEM/Marco_jurídico/02_Tratados_internacionales/Comercio_exterior_paises_con_tratados_firmados/Tratdos_firmados_con_méxico/América_del_norte/T_MEC/Segunda reunión de subsecretarios.docx,SIEM/Marco_jurídico/02_Tratados_internacionales/Comercio_exterior_paises_con_tratados_firmados/Tratdos_firmados_con_méxico/América_del_norte/T_MEC/Segunda reunión de subsecretarios.docx,15974,0.02,2025-10-14T12:25:36,2025-10-16T15:10:15.398663,.docx,c6605b37359931ece312e0b62d8381a6
Declaración sobre la primer reunión de la comisión.docx,/home/elias/Documentos/Embeddings/SIEM/SIEM/Marco_jurídico/02_Tratados_internacionales/Comercio_exterior_paises_con_tratados_firmados/Tratdos_firmados_con_méxico/América_del_norte/T_MEC/Declaración sobre la primer reunión de la comisión.docx,SIEM/Marco_jurídico/02_Tratados_internacionales/Comercio_exterior_paises_con_tratados_firmados/Tratdos_firmados_con_méxico/América_del_norte/T_MEC/Declaración sobre la primer reunión de la comisión.docx,17472,0.02,2025-10-14T12:28:44,2025-10-16T15:10:13.014383,.docx,9daa608ae899d58a4ac9b85d44a2d065
Tercera reunión de la comisión.docx,/home/elias/Documentos/Embeddings/SIEM/SIEM/Marco_jurídico/02_Tratados_internacionales/Comercio_exterior_paises_con_tratados_firmados/Tratdos_firmados_con_méxico/América_del_norte/T_MEC/Tercera reunión de la comisión.docx,SIEM/Marco_jurídico/02_Tratados_internacionales/Comercio_exterior_paises_con_tratados_firmados/Tratdos_firmados_con_méxico/América_del_norte/T_MEC/Tercera reunión de la comisión.docx,16511,0.02,2025-10-14T12:19:26,2025-10-16T15:10:15.402717,.docx,eee7690bb74b7856e82fa040d53c48e8
3CartaMXUS232Process.docx,/home/elias/Documentos/Embeddings/SIEM/SIEM/Marco_jurídico/02_Tratados_internacionales/Comercio_exterior_paises_con_tratados_firmados/Tratdos_firmados_con_méxico/América_del_norte/T_MEC/3CartaMXUS232Process.docx,SIEM/Marco_jurídico/02_Tratados_internacionales/Comercio_exterior_paises_con_tratados_firmados/Tratdos_firmados_con_méxico/América_del_norte/T_MEC/3CartaMXUS232Process.docx,66407,0.06,2025-10-14T12:41:54,2025-10-16T15:10:12.950512,.docx,1fb2f17728889029ee1c3021e2578941
7CartaMXUSPriorUsers.docx,/home/elias/Documentos/Embeddings/SIEM/SIEM/Marco_jurídico/02_Tratados_internacionales/Comercio_exterior_paises_con_tratados_firmados/Tratdos_firmados_con_méxico/América_del_norte/T_MEC/7CartaMXUSPriorUsers.docx,SIEM/Marco_jurídico/02_Tratados_internacionales/Comercio_exterior_paises_con_tratados_firmados/Tratdos_firmados_con_méxico/América_del_norte/T_MEC/7CartaMXUSPriorUsers.docx,49276,0.05,2025-10-14T12:42:24,2025-10-16T15:10:12.957905,.docx,1641957f11c0ff1e86e69521a8881d39
2CartaMXUSBiologics.docx,/home/elias/Documentos/Embeddings/SIEM/SIEM/Marco_jurídico/02_Tratados_internacionales/Comercio_exterior_paises_con_tratados_firmados/Tratdos_firmados_con_méxico/América_del_norte/T_MEC/2CartaMXUSBiologics.docx,SIEM/Marco_jurídico/02_Tratados_internacionales/Comercio_exterior_paises_con_tratados_firmados/Tratdos_firmados_con_méxico/América_del_norte/T_MEC/2CartaMXUSBiologics.docx,116511,0.11,2025-10-14T12:41:38,2025-10-16T15:10:12.942837,.docx,dc45b8e715d9e64f6ae099b183d5027f
1CartaMXUS232DisputeSettlement.docx,/home/elias/Documentos/Embeddings/SIEM/SIEM/Marco_jurídico/02_Tratados_internacionales/Comercio_exterior_paises_con_tratados_firmados/Tratdos_firmados_con_méxico/América_del_norte/T_MEC/1CartaMXUS232DisputeSettlement.docx,SIEM/Marco_jurídico/02_Tratados_internacionales/Comercio_exterior_paises_con_tratados_firmados/Tratdos_firmados_con_méxico/América_del_norte/T_MEC/1CartaMXUS232DisputeSettlement.docx,59404,0.06,2025-10-14T12:41:44,2025-10-16T15:10:12.939641,.docx,73cac644d01c3011ad28f71a0a434bfd
México recibe a las autoridades comerciales de Estados U.docx,/home/elias/Documentos/Embeddings/SIEM/SIEM/Marco_jurídico/02_Tratados_internacionales/Comercio_exterior_paises_con_tratados_firmados/Tratdos_firmados_con_méxico/América_del_norte/T_MEC/México recibe a las autoridades comerciales de Estados U.docx,SIEM/Marco_jurídico/02_Tratados_internacionales/Comercio_exterior_paises_con_tratados_firmados/Tratdos_firmados_con_méxico/América_del_norte/T_MEC/México recibe a las autoridades comerciales de Estados U.docx,16396,0.02,2025-10-14T12:23:04,2025-10-16T15:10:13.832291,.docx,a0a78817380fca721ebea54903782290
6CartaMXUSDistilledSpirits.docx,/home/elias/Documentos/Embeddings/SIEM/SIEM/Marco_jurídico/02_Tratados_internacionales/Comercio_exterior_paises_con_tratados_firmados/Tratdos_firmados_con_méxico/América_del_norte/T_MEC/6CartaMXUSDistilledSpirits.docx,SIEM/Marco_jurídico/02_Tratados_internacionales/Comercio_exterior_paises_con_tratados_firmados/Tratdos_firmados_con_méxico/América_del_norte/T_MEC/6CartaMXUSDistilledSpirits.docx,65974,0.06,2025-10-14T12:42:20,2025-10-16T15:10:12.956194,.docx,ce9d630d775e7e22f0f6e1b591e6b76a
5CartaMXUSCheeses.docx,/home/elias/Documentos/Embeddings/SIEM/SIEM/Marco_jurídico/02_Tratados_internacionales/Comercio_exterior_paises_con_tratados_firmados/Tratdos_firmados_con_méxico/América_del_norte/T_MEC/5CartaMXUSCheeses.docx,SIEM/Marco_jurídico/02_Tratados_internacionales/Comercio_exterior_paises_con_tratados_firmados/Tratdos_firmados_con_méxico/América_del_norte/T_MEC/5CartaMXUSCheeses.docx,67497,0.06,2025-10-14T12:42:12,2025-10-16T15:10:12.954278,.docx,ff9c5df04e0c8cec0d4d96abb114f0f9
Segunda Reunión de la Comisión de Libre Comercio del T.docx,/home/elias/Documentos/Embeddings/SIEM/SIEM/Marco_jurídico/02_Tratados_internacionales/Comercio_exterior_paises_con_tratados_firmados/Tratdos_firmados_con_méxico/América_del_norte/T_MEC/Segunda Reunión de la Comisión de Libre Comercio del T.docx,SIEM/Marco_jurídico/02_Tratados_internacionales/Comercio_exterior_paises_con_tratados_firmados/Tratdos_firmados_con_méxico/América_del_norte/T_MEC/Segunda Reunión de la Comisión de Libre Comercio del T.docx,17508,0.02,2025-10-14T12:26:38,2025-10-16T15:10:15.397721,.docx,a5d2fd7cd97214253537dd0e5ab3415c
convencion_viena.pdf,/home/elias/Documentos/Embeddings/SIEM/SIEM/convencion_viena.pdf,SIEM/convencion_viena.pdf,62757,0.06,2025-10-16T12:53:24,2025-10-16T15:09:22.123963,.pdf,19c9cdd255f29affcb146fe4ab4b27f8
I2.pdf,/home/elias/Documentos/Embeddings/SIEM/SIEM/I2.pdf,SIEM/I2.pdf,117254,0.11,2025-10-16T12:53:30,2025-10-16T15:09:22.127972,.pdf,07b5ae5518239b1525a171f8197d8b56
Certificado_CAM.pdf,/home/elias/Documentos/Embeddings/SIEM/SIEM/Certificado_CAM.pdf,SIEM/Certificado_CAM.pdf,197370,0.19,2025-10-16T10:46:18,2025-10-16T15:09:22.100998,.pdf,e9853c52ec3b1b1059a015a061d841ae
imagen_13.pdf,/home/elias/Documentos/Embeddings/SIEM/SIEM/imagen_13.pdf,SIEM/imagen_13.pdf,36047,0.03,2025-10-16T13:14:48,2025-10-16T15:09:22.130856,.pdf,2f32e4935fa4621689b71e3b8a3cb8dc
CONV_MONTREAL.pdf,/home/elias/Documentos/Embeddings/SIEM/SIEM/AWB/CONV_MONTREAL.pdf,SIEM/AWB/CONV_MONTREAL.pdf,180439,0.17,2025-10-15T16:24:58,2025-10-16T15:09:43.969580,.pdf,9d545d7567549aa7a6033f7665721b29
A01362-01367.pdf,/home/elias/Documentos/Embeddings/SIEM/SIEM/AWB/A01362-01367.pdf,SIEM/AWB/A01362-01367.pdf,2036231,1.94,2025-10-15T16:20:46,2025-10-16T15:09:43.963532,.pdf,1b0712276456d823579164ac5d31eab9
Convenio Varsovia.pdf,/home/elias/Documentos/Embeddings/SIEM/SIEM/AWB/Convenio Varsovia.pdf,SIEM/AWB/Convenio Varsovia.pdf,33229,0.03,2025-10-15T16:20:18,2025-10-16T15:09:43.964712,.pdf,d403de2d4774007c8c4084d8495b66fa
Compilado_Primera_Modificacion_Anexo_14_RMF_2025_13052025.pdf,/home/elias/Documentos/Embeddings/SIEM/SIEM/CP/Compilado_Primera_Modificacion_Anexo_14_RMF_2025_13052025.pdf,SIEM/CP/Compilado_Primera_Modificacion_Anexo_14_RMF_2025_13052025.pdf,5504257,5.25,2025-10-15T16:41:16,2025-10-16T15:09:49.838435,.pdf,79085f154b00568a85ba31e71d468ac8
Compilado_Anexo2_3raRMRGCE_2025.pdf,/home/elias/Documentos/Embeddings/SIEM/SIEM/CP/Compilado_Anexo2_3raRMRGCE_2025.pdf,SIEM/CP/Compilado_Anexo2_3raRMRGCE_2025.pdf,5994681,5.72,2025-10-15T16:44:52,2025-10-16T15:09:48.332618,.pdf,eed90f02f70175fe5c75833102358699
Anexo27_RMF2025-30122024.pdf,/home/elias/Documentos/Embeddings/SIEM/SIEM/CP/Anexo27_RMF2025-30122024.pdf,SIEM/CP/Anexo27_RMF2025-30122024.pdf,15692,0.01,2025-10-15T16:33:46,2025-10-16T15:09:45.575526,.pdf,ee971b654a03a24ba30a46579d9cc760
10a_Modificacion_Anexo15RMF_2022-DOF-13052025.pdf,/home/elias/Documentos/Embeddings/SIEM/SIEM/CP/10a_Modificacion_Anexo15RMF_2022-DOF-13052025.pdf,SIEM/CP/10a_Modificacion_Anexo15RMF_2022-DOF-13052025.pdf,235049,0.22,2025-10-15T16:33:46,2025-10-16T15:09:43.989886,.pdf,18f7aa1f1bdcbcc0d7ad55a9c7149ef9
Anexo_23_RMF_2025-14012025.pdf,/home/elias/Documentos/Embeddings/SIEM/SIEM/CP/Anexo_23_RMF_2025-14012025.pdf,SIEM/CP/Anexo_23_RMF_2025-14012025.pdf,1708281,1.63,2025-10-15T16:33:46,2025-10-16T15:09:46.326145,.pdf,981b338f42a5c704757f1f1cd2c19022
1ra_modificacionAnexo22delasRGCE2025.pdf,/home/elias/Documentos/Embeddings/SIEM/SIEM/CP/1ra_modificacionAnexo22delasRGCE2025.pdf,SIEM/CP/1ra_modificacionAnexo22delasRGCE2025.pdf,47474,0.05,2025-10-15T16:44:56,2025-10-16T15:09:44.076583,.pdf,ff61c3211dc1ebd94b2a8bf81a1e0bca
Anexo6_OctavaModificacion-30122024.pdf,/home/elias/Documentos/Embeddings/SIEM/SIEM/CP/Anexo6_OctavaModificacion-30122024.pdf,SIEM/CP/Anexo6_OctavaModificacion-30122024.pdf,55403,0.05,2025-10-15T16:33:48,2025-10-16T15:09:45.709234,.pdf,11af014214aff2f12d67d82b115db41d
Anexo9delasRGCEpara2025.pdf,/home/elias/Documentos/Embeddings/SIEM/SIEM/CP/Anexo9delasRGCEpara2025.pdf,SIEM/CP/Anexo9delasRGCEpara2025.pdf,262174,0.25,2025-10-15T16:41:14,2025-10-16T15:09:45.772280,.pdf,d1834337d732caa94db12670216c4985
Compilado_RGCE_2025_3raRMRGCE_2025.pdf,/home/elias/Documentos/Embeddings/SIEM/SIEM/CP/Compilado_RGCE_2025_3raRMRGCE_2025.pdf,SIEM/CP/Compilado_RGCE_2025_3raRMRGCE_2025.pdf,6445958,6.15,2025-10-15T16:44:54,2025-10-16T15:09:50.551458,.pdf,efe024d6e6bdd14d2b2b5e1d3badf7fc
Anexo14delasRGCEpara2025.pdf,/home/elias/Documentos/Embeddings/SIEM/SIEM/CP/Anexo14delasRGCEpara2025.pdf,SIEM/CP/Anexo14delasRGCEpara2025.pdf,246118,0.23,2025-10-15T16:44:58,2025-10-16T15:09:44.403275,.pdf,90d150adc42c7093f05f7163dc4d0084
5aRM_RMF2025-Primera_version_anticipada_26092025.pdf,/home/elias/Documentos/Embeddings/SIEM/SIEM/CP/5aRM_RMF2025-Primera_version_anticipada_26092025.pdf,SIEM/CP/5aRM_RMF2025-Primera_version_anticipada_26092025.pdf,124682,0.12,2025-10-15T16:39:10,2025-10-16T15:09:44.359263,.pdf,87a6aabc1249111a2a5706746f568649
Anexo_1-A_RMF2025_13012025.pdf,/home/elias/Documentos/Embeddings/SIEM/SIEM/CP/Anexo_1-A_RMF2025_13012025.pdf,SIEM/CP/Anexo_1-A_RMF2025_13012025.pdf,10473090,9.99,2025-10-15T16:33:48,2025-10-16T15:09:46.033098,.pdf,fcedf2854c84b20002f2e36a4f04db8a
Anexo12delasRGCEpara2025.pdf,/home/elias/Documentos/Embeddings/SIEM/SIEM/CP/Anexo12delasRGCEpara2025.pdf,SIEM/CP/Anexo12delasRGCEpara2025.pdf,22081,0.02,2025-10-15T16:44:58,2025-10-16T15:09:44.395768,.pdf,acc37ea59eea57bad323d0a819df0777
Anexo5delasRGCEpara2025.pdf,/home/elias/Documentos/Embeddings/SIEM/SIEM/CP/Anexo5delasRGCEpara2025.pdf,SIEM/CP/Anexo5delasRGCEpara2025.pdf,212698,0.2,2025-10-15T16:41:14,2025-10-16T15:09:45.700105,.pdf,0529409f7e8b79a40cd17c49f178090e
Anexo_32_RMF_2025-14012025.pdf,/home/elias/Documentos/Embeddings/SIEM/SIEM/CP/Anexo_32_RMF_2025-14012025.pdf,SIEM/CP/Anexo_32_RMF_2025-14012025.pdf,150314,0.14,2025-10-15T16:33:46,2025-10-16T15:09:46.344307,.pdf,3d76e2cce7d6298714a17a372d567ccd
Compilado_Tercera_Modificacion_Anexo1A_RMF_2025-13052025.pdf,/home/elias/Documentos/Embeddings/SIEM/SIEM/CP/Compilado_Tercera_Modificacion_Anexo1A_RMF_2025-13052025.pdf,SIEM/CP/Compilado_Tercera_Modificacion_Anexo1A_RMF_2025-13052025.pdf,14958890,14.27,2025-10-15T16:41:16,2025-10-16T15:09:51.522531,.pdf,0ace1dad21b6d635df8c6205bc808008
1ra_modificacion_Anexo1delasRGCE2025.pdf,/home/elias/Documentos/Embeddings/SIEM/SIEM/CP/1ra_modificacion_Anexo1delasRGCE2025.pdf,SIEM/CP/1ra_modificacion_Anexo1delasRGCE2025.pdf,195041,0.19,2025-10-15T16:41:14,2025-10-16T15:09:44.128898,.pdf,e51d7c7ae91bd2ecbf9e68ae2bec773a
Anexo25delasRGCEpara2025.pdf,/home/elias/Documentos/Embeddings/SIEM/SIEM/CP/Anexo25delasRGCEpara2025.pdf,SIEM/CP/Anexo25delasRGCEpara2025.pdf,16848,0.02,2025-10-15T16:44:56,2025-10-16T15:09:45.534901,.pdf,4283a256a1d4f7a7fe5e5bb370a91b58
Anexo18delasRGCEpara2025.pdf,/home/elias/Documentos/Embeddings/SIEM/SIEM/CP/Anexo18delasRGCEpara2025.pdf,SIEM/CP/Anexo18delasRGCEpara2025.pdf,63612,0.06,2025-10-15T16:44:56,2025-10-16T15:09:44.593615,.pdf,4776c210493dae11239064e518ee24c1
1raRMRGCE_2025.pdf,/home/elias/Documentos/Embeddings/SIEM/SIEM/CP/1raRMRGCE_2025.pdf,SIEM/CP/1raRMRGCE_2025.pdf,116675,0.11,2025-10-15T16:41:14,2025-10-16T15:09:44.014073,.pdf,2dd539c3941204dbcf034d71a9605d5b
2da_modificacionAnexo22_RGCE_2025.pdf,/home/elias/Documentos/Embeddings/SIEM/SIEM/CP/2da_modificacionAnexo22_RGCE_2025.pdf,SIEM/CP/2da_modificacionAnexo22_RGCE_2025.pdf,77079,0.07,2025-10-15T16:44:56,2025-10-16T15:09:44.139429,.pdf,4a04647ae3a058cc954186b570f38192
Anexo_16-A_RMF_2025-27012025.pdf,/home/elias/Documentos/Embeddings/SIEM/SIEM/CP/Anexo_16-A_RMF_2025-27012025.pdf,SIEM/CP/Anexo_16-A_RMF_2025-27012025.pdf,5306266,5.06,2025-10-15T16:33:46,2025-10-16T15:09:46.182620,.pdf,9765e96d7021b5b90b777d11649ee1b2
Anexo15delasRGCEpara2025.pdf,/home/elias/Documentos/Embeddings/SIEM/SIEM/CP/Anexo15delasRGCEpara2025.pdf,SIEM/CP/Anexo15delasRGCEpara2025.pdf,886948,0.85,2025-10-15T16:44:56,2025-10-16T15:09:44.575623,.pdf,8a94b89765689b01c6074d2a2b72b85e
1a_Modificacion_Anexo11RMF_2025-DOF-13052025.pdf,/home/elias/Documentos/Embeddings/SIEM/SIEM/CP/1a_Modificacion_Anexo11RMF_2025-DOF-13052025.pdf,SIEM/CP/1a_Modificacion_Anexo11RMF_2025-DOF-13052025.pdf,276494,0.26,2025-10-15T16:33:46,2025-10-16T15:09:44.000821,.pdf,a395585c1c691be9ac98c2ab8428dd51
1a_Modificacion_Anexo14RMF_2025-DOF-13052025.pdf,/home/elias/Documentos/Embeddings/SIEM/SIEM/CP/1a_Modificacion_Anexo14RMF_2025-DOF-13052025.pdf,SIEM/CP/1a_Modificacion_Anexo14RMF_2025-DOF-13052025.pdf,191764,0.18,2025-10-15T16:33:46,2025-10-16T15:09:44.005852,.pdf,2f0e16f1a96d012c762bf9fd8a8614a2
Compilado_Octava_Modificacion_Anexo_6_RMF2014.pdf,/home/elias/Documentos/Embeddings/SIEM/SIEM/CP/Compilado_Octava_Modificacion_Anexo_6_RMF2014.pdf,SIEM/CP/Compilado_Octava_Modificacion_Anexo_6_RMF2014.pdf,2168057,2.07,2025-10-15T16:41:16,2025-10-16T15:09:49.174974,.pdf,f249d683dd63ac6c1950d7ccdc4bd16a
3raModificacionAnexo2_5taRMRGCE_2025_SegundaVersionAnticipada.pdf,/home/elias/Documentos/Embeddings/SIEM/SIEM/CP/3raModificacionAnexo2_5taRMRGCE_2025_SegundaVersionAnticipada.pdf,SIEM/CP/3raModificacionAnexo2_5taRMRGCE_2025_SegundaVersionAnticipada.pdf,156669,0.15,2025-10-15T16:44:54,2025-10-16T15:09:44.339531,.pdf,c3fb6a9222149056c747b89c47d7eecf
3a_Modificacion_Anexo1-A_RMF_2025-DOF-13052025.pdf,/home/elias/Documentos/Embeddings/SIEM/SIEM/CP/3a_Modificacion_Anexo1-A_RMF_2025-DOF-13052025.pdf,SIEM/CP/3a_Modificacion_Anexo1-A_RMF_2025-DOF-13052025.pdf,2107470,2.01,2025-10-15T16:33:48,2025-10-16T15:09:44.207108,.pdf,dc4f8d1a9602204cb853432039f03881
Anexo21delasRGCEpara2025.pdf,/home/elias/Documentos/Embeddings/SIEM/SIEM/CP/Anexo21delasRGCEpara2025.pdf,SIEM/CP/Anexo21delasRGCEpara2025.pdf,435008,0.41,2025-10-15T16:44:56,2025-10-16T15:09:45.486523,.pdf,8f8c5e3a2d6ff71b877e98d4b107aba9
1ra_modificacion_Anexo29_RGCE_2025.pdf,/home/elias/Documentos/Embeddings/SIEM/SIEM/CP/1ra_modificacion_Anexo29_RGCE_2025.pdf,SIEM/CP/1ra_modificacion_Anexo29_RGCE_2025.pdf,67463,0.06,2025-10-15T16:44:54,2025-10-16T15:09:44.130850,.pdf,c22e64aa51f73ecddad6e04e03a7245c
Anexo2delasRGCEpara2025.pdf,/home/elias/Documentos/Embeddings/SIEM/SIEM/CP/Anexo2delasRGCEpara2025.pdf,SIEM/CP/Anexo2delasRGCEpara2025.pdf,3268572,3.12,2025-10-15T16:41:14,2025-10-16T15:09:45.671847,.pdf,3a0157ff9322daba14332ac1d8e3d5f5
1a_Modificacion_Anexo3_RMF_2025-DOF-13052025.pdf,/home/elias/Documentos/Embeddings/SIEM/SIEM/CP/1a_Modificacion_Anexo3_RMF_2025-DOF-13052025.pdf,SIEM/CP/1a_Modificacion_Anexo3_RMF_2025-DOF-13052025.pdf,69093,0.07,2025-10-15T16:33:48,2025-10-16T15:09:44.007877,.pdf,002540da89cd8fd1becde74bde52db54
Anexo7delasRGCEpara2025.pdf,/home/elias/Documentos/Embeddings/SIEM/SIEM/CP/Anexo7delasRGCEpara2025.pdf,SIEM/CP/Anexo7delasRGCEpara2025.pdf,95361,0.09,2025-10-15T16:41:14,2025-10-16T15:09:45.711848,.pdf,a4a10d8bc8d8745740f00c4f918bd048
Compilado_Primera_Modificacion_Anexo_11_RMF_2025_13052025.pdf,/home/elias/Documentos/Embeddings/SIEM/SIEM/CP/Compilado_Primera_Modificacion_Anexo_11_RMF_2025_13052025.pdf,SIEM/CP/Compilado_Primera_Modificacion_Anexo_11_RMF_2025_13052025.pdf,723895,0.69,2025-10-15T16:41:16,2025-10-16T15:09:49.701706,.pdf,5161ea679a1d84b18329f1d6606bb9fd
1ra_modificacionAnexo19delasRGCE2025.pdf,/home/elias/Documentos/Embeddings/SIEM/SIEM/CP/1ra_modificacionAnexo19delasRGCE2025.pdf,SIEM/CP/1ra_modificacionAnexo19delasRGCE2025.pdf,44806,0.04,2025-10-15T16:44:56,2025-10-16T15:09:44.074862,.pdf,7440fd50d596439eb8b202a92dff5802
Anexo_11_RMF_2025-14012025.pdf,/home/elias/Documentos/Embeddings/SIEM/SIEM/CP/Anexo_11_RMF_2025-14012025.pdf,SIEM/CP/Anexo_11_RMF_2025-14012025.pdf,297044,0.28,2025-10-15T16:33:48,2025-10-16T15:09:46.040887,.pdf,a9e8e9babaefcca7c19d5c1dd871aa82
Compilado_Novena_Modificacion_Anexo_15_RMF2022.pdf,/home/elias/Documentos/Embeddings/SIEM/SIEM/CP/Compilado_Novena_Modificacion_Anexo_15_RMF2022.pdf,SIEM/CP/Compilado_Novena_Modificacion_Anexo_15_RMF2022.pdf,10597562,10.11,2025-10-15T16:41:16,2025-10-16T15:09:49.120828,.pdf,63df56cfecdf877d7aca7d67f2c87776
Anexo1_PrimeraModificacion-RMF2025_DOF-07042025.pdf,/home/elias/Documentos/Embeddings/SIEM/SIEM/CP/Anexo1_PrimeraModificacion-RMF2025_DOF-07042025.pdf,SIEM/CP/Anexo1_PrimeraModificacion-RMF2025_DOF-07042025.pdf,99828,0.1,2025-10-15T16:33:48,2025-10-16T15:09:45.217789,.pdf,08014ce6fa6755fb41cae83aac049a8a
Anexo16delasRGCEpara2025.pdf,/home/elias/Documentos/Embeddings/SIEM/SIEM/CP/Anexo16delasRGCEpara2025.pdf,SIEM/CP/Anexo16delasRGCEpara2025.pdf,54359,0.05,2025-10-15T16:44:56,2025-10-16T15:09:44.581410,.pdf,cc5748e487902b6cfd7a69b142d809e6
Anexo22delasRGCEpara2025.pdf,/home/elias/Documentos/Embeddings/SIEM/SIEM/CP/Anexo22delasRGCEpara2025.pdf,SIEM/CP/Anexo22delasRGCEpara2025.pdf,1368711,1.31,2025-10-15T16:44:56,2025-10-16T15:09:45.520971,.pdf,a3fbe5acffc94ccd30dc2c392bfa4a33
1raVersionAnticipada_1raModificacion_Anexo2_RGCE2025.pdf,/home/elias/Documentos/Embeddings/SIEM/SIEM/CP/1raVersionAnticipada_1raModificacion_Anexo2_RGCE2025.pdf,SIEM/CP/1raVersionAnticipada_1raModificacion_Anexo2_RGCE2025.pdf,1972139,1.88,2025-10-15T16:44:54,2025-10-16T15:09:44.068416,.pdf,f3a3bc34d3d91651ebc0953ce2a10c1f
2aRM_RMF_2025-07042025-DOF.pdf,/home/elias/Documentos/Embeddings/SIEM/SIEM/CP/2aRM_RMF_2025-07042025-DOF.pdf,SIEM/CP/2aRM_RMF_2025-07042025-DOF.pdf,169005,0.16,2025-10-15T16:33:50,2025-10-16T15:09:44.136685,.pdf,cc533beef7eb9b763ced1f2b833bd9a5
3raModificacionAnexo1_5taRMRGCE_2025_SegundaVersionAnticipada.pdf,/home/elias/Documentos/Embeddings/SIEM/SIEM/CP/3raModificacionAnexo1_5taRMRGCE_2025_SegundaVersionAnticipada.pdf,SIEM/CP/3raModificacionAnexo1_5taRMRGCE_2025_SegundaVersionAnticipada.pdf,2468194,2.35,2025-10-15T16:44:54,2025-10-16T15:09:44.335162,.pdf,6404ad5824c8f86444df93eac5bb6025
Anexo30delasRGCEpara2025.pdf,/home/elias/Documentos/Embeddings/SIEM/SIEM/CP/Anexo30delasRGCEpara2025.pdf,SIEM/CP/Anexo30delasRGCEpara2025.pdf,79009,0.08,2025-10-15T16:44:54,2025-10-16T15:09:45.674204,.pdf,8e1e842e2c9080c286eaecf7c6fe4cfc
Anexo29_RMF2025_03012025.pdf,/home/elias/Documentos/Embeddings/SIEM/SIEM/CP/Anexo29_RMF2025_03012025.pdf,SIEM/CP/Anexo29_RMF2025_03012025.pdf,300973,0.29,2025-10-15T16:33:46,2025-10-16T15:09:45.590542,.pdf,4f129557d4aa2e5492dd49f18647c37d
2da_modificacion_Anexo1_RGCE_2025.pdf,/home/elias/Documentos/Embeddings/SIEM/SIEM/CP/2da_modificacion_Anexo1_RGCE_2025.pdf,SIEM/CP/2da_modificacion_Anexo1_RGCE_2025.pdf,189008,0.18,2025-10-15T16:41:14,2025-10-16T15:09:44.144415,.pdf,3d0a935c11ff989322df7a59f211916f
4a_RM_RMF_2025-DOF-09072025.pdf,/home/elias/Documentos/Embeddings/SIEM/SIEM/CP/4a_RM_RMF_2025-DOF-09072025.pdf,SIEM/CP/4a_RM_RMF_2025-DOF-09072025.pdf,136577,0.13,2025-10-15T16:33:48,2025-10-16T15:09:44.353757,.pdf,b50b809f004f2e07158bf874499c54e2
Compilado_Primera_Modificacion_a_la-Resolucion_Miscelanea_Fiscal_para_2025-22012025.pdf,/home/elias/Documentos/Embeddings/SIEM/SIEM/CP/Compilado_Primera_Modificacion_a_la-Resolucion_Miscelanea_Fiscal_para_2025-22012025.pdf,SIEM/CP/Compilado_Primera_Modificacion_a_la-Resolucion_Miscelanea_Fiscal_para_2025-22012025.pdf,9123486,8.7,2025-10-15T16:41:18,2025-10-16T15:09:50.303356,.pdf,2a6871646531116c416caafa32be1a5d
Compilado_Anexo4_3raRMRGCE_2025.pdf,/home/elias/Documentos/Embeddings/SIEM/SIEM/CP/Compilado_Anexo4_3raRMRGCE_2025.pdf,SIEM/CP/Compilado_Anexo4_3raRMRGCE_2025.pdf,259955,0.25,2025-10-15T16:44:52,2025-10-16T15:09:48.339488,.pdf,806f2c455484d8f1bd0088ed43de6730
Anexo_16_RMF_2025-20012025.pdf,/home/elias/Documentos/Embeddings/SIEM/SIEM/CP/Anexo_16_RMF_2025-20012025.pdf,SIEM/CP/Anexo_16_RMF_2025-20012025.pdf,4025389,3.84,2025-10-15T16:33:46,2025-10-16T15:09:46.283045,.pdf,743ce6909e1189b0995585f06ba48a68
Anexo1A_SegundaModificacion-RMF2025_DOF-07042025.pdf,/home/elias/Documentos/Embeddings/SIEM/SIEM/CP/Anexo1A_SegundaModificacion-RMF2025_DOF-07042025.pdf,SIEM/CP/Anexo1A_SegundaModificacion-RMF2025_DOF-07042025.pdf,9852669,9.4,2025-10-15T16:33:48,2025-10-16T15:09:44.863306,.pdf,2389c140cf84ceb05497a704b6250cb5
Anexo3_RMF2025_03012025.pdf,/home/elias/Documentos/Embeddings/SIEM/SIEM/CP/Anexo3_RMF2025_03012025.pdf,SIEM/CP/Anexo3_RMF2025_03012025.pdf,619072,0.59,2025-10-15T16:33:48,2025-10-16T15:09:45.691015,.pdf,b334daf7cd5547fc47dde47c17af89f8
Anexo19delasRGCEpara2025.pdf,/home/elias/Documentos/Embeddings/SIEM/SIEM/CP/Anexo19delasRGCEpara2025.pdf,SIEM/CP/Anexo19delasRGCEpara2025.pdf,16106,0.02,2025-10-15T16:44:56,2025-10-16T15:09:44.594273,.pdf,e266fac993e4e6a1cbdac0fa55530f94
CompiladoAnexo2_1raRMRGCE2025.pdf,/home/elias/Documentos/Embeddings/SIEM/SIEM/CP/CompiladoAnexo2_1raRMRGCE2025.pdf,SIEM/CP/CompiladoAnexo2_1raRMRGCE2025.pdf,5808525,5.54,2025-10-15T16:44:52,2025-10-16T15:09:47.204478,.pdf,701a7c3433a64257b67ed3292866c845
Anexo22_RMF2025_03012025.pdf,/home/elias/Documentos/Embeddings/SIEM/SIEM/CP/Anexo22_RMF2025_03012025.pdf,SIEM/CP/Anexo22_RMF2025_03012025.pdf,140555,0.13,2025-10-15T16:33:46,2025-10-16T15:09:45.524769,.pdf,fc0a278d1a3e00f3dfc3aeb734f3e19e
Anexo8delasRGCEpara2025.pdf,/home/elias/Documentos/Embeddings/SIEM/SIEM/CP/Anexo8delasRGCEpara2025.pdf,SIEM/CP/Anexo8delasRGCEpara2025.pdf,860176,0.82,2025-10-15T16:41:14,2025-10-16T15:09:45.757249,.pdf,734924953119a44be19c977e07fc7216
Anexo14_RMF2025_03012025.pdf,/home/elias/Documentos/Embeddings/SIEM/SIEM/CP/Anexo14_RMF2025_03012025.pdf,SIEM/CP/Anexo14_RMF2025_03012025.pdf,5750990,5.48,2025-10-15T16:33:48,2025-10-16T15:09:44.552890,.pdf,69ab2333776ea3b22fb1c07e2694b416
Anexo9_RMF2025-DOF-07042025.pdf,/home/elias/Documentos/Embeddings/SIEM/SIEM/CP/Anexo9_RMF2025-DOF-07042025.pdf,SIEM/CP/Anexo9_RMF2025-DOF-07042025.pdf,37590,0.04,2025-10-15T16:33:48,2025-10-16T15:09:45.773552,.pdf,7515c62c7d626a74dbf0b9fa42d1de1a
Anexo8_RMF2025-30122024.pdf,/home/elias/Documentos/Embeddings/SIEM/SIEM/CP/Anexo8_RMF2025-30122024.pdf,SIEM/CP/Anexo8_RMF2025-30122024.pdf,305540,0.29,2025-10-15T16:33:48,2025-10-16T15:09:45.765277,.pdf,15703f8992a9fbec169d6858c330b442
Anexo_12_RMF_2025-14012025.pdf,/home/elias/Documentos/Embeddings/SIEM/SIEM/CP/Anexo_12_RMF_2025-14012025.pdf,SIEM/CP/Anexo_12_RMF_2025-14012025.pdf,112784,0.11,2025-10-15T16:33:46,2025-10-16T15:09:46.044041,.pdf,e9c0c3fb861b618a0becb84c52df7478
Anexo23delasRGCEpara2025.pdf,/home/elias/Documentos/Embeddings/SIEM/SIEM/CP/Anexo23delasRGCEpara2025.pdf,SIEM/CP/Anexo23delasRGCEpara2025.pdf,223131,0.21,2025-10-15T16:44:56,2025-10-16T15:09:45.530627,.pdf,b4ebb5f0f3fe19d008881838841144e5
1ra_modificacion_Anexo10_RGCE_2025.pdf,/home/elias/Documentos/Embeddings/SIEM/SIEM/CP/1ra_modificacion_Anexo10_RGCE_2025.pdf,SIEM/CP/1ra_modificacion_Anexo10_RGCE_2025.pdf,109569,0.1,2025-10-15T16:41:12,2025-10-16T15:09:44.123755,.pdf,27a77a9c478b39ca26469aaf6a26b786
Anexo7_RMF2025_03012025.pdf,/home/elias/Documentos/Embeddings/SIEM/SIEM/CP/Anexo7_RMF2025_03012025.pdf,SIEM/CP/Anexo7_RMF2025_03012025.pdf,916359,0.87,2025-10-15T16:33:48,2025-10-16T15:09:45.735117,.pdf,cace1a2c28c4b311431efe19d54dd145
Compilado_Primera_Modificacion_Anexo_1-A_RMF2025-22012025.pdf,/home/elias/Documentos/Embeddings/SIEM/SIEM/CP/Compilado_Primera_Modificacion_Anexo_1-A_RMF2025-22012025.pdf,SIEM/CP/Compilado_Primera_Modificacion_Anexo_1-A_RMF2025-22012025.pdf,18852088,17.98,2025-10-15T16:41:18,2025-10-16T15:09:49.682974,.pdf,4ebf3b46efdd658453da2c62905955e2
"nicolasservan,+Editor_a+de+la+revista,+ArtÃ_culo_FHM.pdf","/home/elias/Documentos/Embeddings/SIEM/SIEM/CP/nicolasservan,+Editor_a+de+la+revista,+ArtÃ_culo_FHM.pdf","SIEM/CP/nicolasservan,+Editor_a+de+la+revista,+ArtÃ_culo_FHM.pdf",274774,0.26,2025-10-15T16:25:18,2025-10-16T15:09:51.534656,.pdf,10f35d8c4758e3e1e1e6a5df86d25533
Anexo26delasRGCEpara2025.pdf,/home/elias/Documentos/Embeddings/SIEM/SIEM/CP/Anexo26delasRGCEpara2025.pdf,SIEM/CP/Anexo26delasRGCEpara2025.pdf,72846,0.07,2025-10-15T16:44:56,2025-10-16T15:09:45.537037,.pdf,e1d085971a1c03d4b43d5fd8f394d2de
Anexo_30_RMF_2025-14012025.pdf,/home/elias/Documentos/Embeddings/SIEM/SIEM/CP/Anexo_30_RMF_2025-14012025.pdf,SIEM/CP/Anexo_30_RMF_2025-14012025.pdf,275408,0.26,2025-10-15T16:33:46,2025-10-16T15:09:46.333435,.pdf,184ba8c1f4fb9be1e9989855b490187e
Anexo3delasRGCEpara2025.pdf,/home/elias/Documentos/Embeddings/SIEM/SIEM/CP/Anexo3delasRGCEpara2025.pdf,SIEM/CP/Anexo3delasRGCEpara2025.pdf,23765,0.02,2025-10-15T16:41:14,2025-10-16T15:09:45.675084,.pdf,9cc1307584212e925fea0f81af8d0a84
Anexo27delasRGCEpara2025.pdf,/home/elias/Documentos/Embeddings/SIEM/SIEM/CP/Anexo27delasRGCEpara2025.pdf,SIEM/CP/Anexo27delasRGCEpara2025.pdf,1506953,1.44,2025-10-15T16:44:56,2025-10-16T15:09:45.574798,.pdf,72d523c0c127f016daffd2e41e5a3265
Anexo_15_Aclaracion_a_la_Novena_Modificacion-10012025.pdf,/home/elias/Documentos/Embeddings/SIEM/SIEM/CP/Anexo_15_Aclaracion_a_la_Novena_Modificacion-10012025.pdf,SIEM/CP/Anexo_15_Aclaracion_a_la_Novena_Modificacion-10012025.pdf,14680,0.01,2025-10-15T16:33:46,2025-10-16T15:09:46.050901,.pdf,c0a47a1804ebc1645ed5fc1d157299f5
3ra_modificacion_Anexo22_RGCE_2025.pdf,/home/elias/Documentos/Embeddings/SIEM/SIEM/CP/3ra_modificacion_Anexo22_RGCE_2025.pdf,SIEM/CP/3ra_modificacion_Anexo22_RGCE_2025.pdf,63146,0.06,2025-10-15T16:44:56,2025-10-16T15:09:44.346418,.pdf,be92666b21197f1ba8af1362f0419287
Anexo11delasRGCEpara2025.pdf,/home/elias/Documentos/Embeddings/SIEM/SIEM/CP/Anexo11delasRGCEpara2025.pdf,SIEM/CP/Anexo11delasRGCEpara2025.pdf,16421,0.02,2025-10-15T16:44:58,2025-10-16T15:09:44.394963,.pdf,b4513933626b25e9b433df6f27652542
1ra_modificacion_Anexo4_RGCE_2025.pdf,/home/elias/Documentos/Embeddings/SIEM/SIEM/CP/1ra_modificacion_Anexo4_RGCE_2025.pdf,SIEM/CP/1ra_modificacion_Anexo4_RGCE_2025.pdf,43790,0.04,2025-10-15T16:41:14,2025-10-16T15:09:44.132183,.pdf,db8f8bcb0e837bfbd85f2c8600cae712
Anexo1delasRGCEpara2025.pdf,/home/elias/Documentos/Embeddings/SIEM/SIEM/CP/Anexo1delasRGCEpara2025.pdf,SIEM/CP/Anexo1delasRGCEpara2025.pdf,14186081,13.53,2025-10-15T16:41:14,2025-10-16T15:09:45.214856,.pdf,30ad0b365dce33408cc118b133edca96
Anexo20delasRGCEpara2025.pdf,/home/elias/Documentos/Embeddings/SIEM/SIEM/CP/Anexo20delasRGCEpara2025.pdf,SIEM/CP/Anexo20delasRGCEpara2025.pdf,664585,0.63,2025-10-15T16:44:56,2025-10-16T15:09:45.475389,.pdf,13cb65ec73ec194d54c71b1052fff898
1raVersionAnticipada_1raModificacion_Anexo1_RGCE2025.pdf,/home/elias/Documentos/Embeddings/SIEM/SIEM/CP/1raVersionAnticipada_1raModificacion_Anexo1_RGCE2025.pdf,SIEM/CP/1raVersionAnticipada_1raModificacion_Anexo1_RGCE2025.pdf,178602,0.17,2025-10-15T16:44:54,2025-10-16T15:09:44.018897,.pdf,7a438e0dd26e89bf667c5de04ec30916
Anexo10delasRGCEpara2025.pdf,/home/elias/Documentos/Embeddings/SIEM/SIEM/CP/Anexo10delasRGCEpara2025.pdf,SIEM/CP/Anexo10delasRGCEpara2025.pdf,1040250,0.99,2025-10-15T16:41:14,2025-10-16T15:09:44.394244,.pdf,10e21ed6708c0bdbb134d70c79c1ccdb
Compilado_Cuarta_Modificacion_a_la_Resolucion_Miscelanea_Fiscal_2025_09072025.pdf,/home/elias/Documentos/Embeddings/SIEM/SIEM/CP/Compilado_Cuarta_Modificacion_a_la_Resolucion_Miscelanea_Fiscal_2025_09072025.pdf,SIEM/CP/Compilado_Cuarta_Modificacion_a_la_Resolucion_Miscelanea_Fiscal_2025_09072025.pdf,9245488,8.82,2025-10-15T16:41:18,2025-10-16T15:09:48.631868,.pdf,c22d78f1bc0ab2d7dbf7766a50cd1fb9
2daRMRGCE_2025.pdf,/home/elias/Documentos/Embeddings/SIEM/SIEM/CP/2daRMRGCE_2025.pdf,SIEM/CP/2daRMRGCE_2025.pdf,12671,0.01,2025-10-15T16:41:14,2025-10-16T15:09:44.137260,.pdf,2fb2793b00e083a657cba012bf29e31c
Anexo28delasRGCEpara2025.pdf,/home/elias/Documentos/Embeddings/SIEM/SIEM/CP/Anexo28delasRGCEpara2025.pdf,SIEM/CP/Anexo28delasRGCEpara2025.pdf,246631,0.24,2025-10-15T16:44:56,2025-10-16T15:09:45.581941,.pdf,6f65af2713f3a57bf1138d53e4ec1990
Compilado4taRMRGCE_2025.pdf,/home/elias/Documentos/Embeddings/SIEM/SIEM/CP/Compilado4taRMRGCE_2025.pdf,SIEM/CP/Compilado4taRMRGCE_2025.pdf,6448259,6.15,2025-10-15T16:44:54,2025-10-16T15:09:46.504433,.pdf,7ffda6c310c1aff3079c30cb6c33a5b7
Anexo15_NovenaModificacion-30122024.pdf,/home/elias/Documentos/Embeddings/SIEM/SIEM/CP/Anexo15_NovenaModificacion-30122024.pdf,SIEM/CP/Anexo15_NovenaModificacion-30122024.pdf,151869,0.14,2025-10-15T16:33:46,2025-10-16T15:09:44.579775,.pdf,a3a98320917d35cd8e4da64f78548973
CompiladoAnexo1_1raRMRGCE2025.pdf,/home/elias/Documentos/Embeddings/SIEM/SIEM/CP/CompiladoAnexo1_1raRMRGCE2025.pdf,SIEM/CP/CompiladoAnexo1_1raRMRGCE2025.pdf,19662643,18.75,2025-10-15T16:44:54,2025-10-16T15:09:46.996269,.pdf,f5112e1dca55059940903135690a41e3
Compilado_Primera_Modificacion_Anexo_1_RMF2025-07042025.pdf,/home/elias/Documentos/Embeddings/SIEM/SIEM/CP/Compilado_Primera_Modificacion_Anexo_1_RMF2025-07042025.pdf,SIEM/CP/Compilado_Primera_Modificacion_Anexo_1_RMF2025-07042025.pdf,8371323,7.98,2025-10-15T16:41:18,2025-10-16T15:09:50.046255,.pdf,d527c37734159566a59695959f9c381a
1ra_modificacionAnexo2delasRGCE2025.pdf,/home/elias/Documentos/Embeddings/SIEM/SIEM/CP/1ra_modificacionAnexo2delasRGCE2025.pdf,SIEM/CP/1ra_modificacionAnexo2delasRGCE2025.pdf,1752557,1.67,2025-10-15T16:41:14,2025-10-16T15:09:44.120730,.pdf,69a296bb089a59a6129500077e6fd6be
Compilado_Anexo10_3raRMRGCE_2025.pdf,/home/elias/Documentos/Embeddings/SIEM/SIEM/CP/Compilado_Anexo10_3raRMRGCE_2025.pdf,SIEM/CP/Compilado_Anexo10_3raRMRGCE_2025.pdf,1581783,1.51,2025-10-15T16:44:52,2025-10-16T15:09:47.631243,.pdf,a2af957bfa8f18141ffc981f3bab76d3
Anexo1_RMF2025-30122024.pdf,/home/elias/Documentos/Embeddings/SIEM/SIEM/CP/Anexo1_RMF2025-30122024.pdf,SIEM/CP/Anexo1_RMF2025-30122024.pdf,9708444,9.26,2025-10-15T16:33:48,2025-10-16T15:09:45.458271,.pdf,ca32683c2634b9bb77064bf1374ec7da
Compilado_Segunda_Modificacion_Anexo_1-A_RMF2025-07042025.pdf,/home/elias/Documentos/Embeddings/SIEM/SIEM/CP/Compilado_Segunda_Modificacion_Anexo_1-A_RMF2025-07042025.pdf,SIEM/CP/Compilado_Segunda_Modificacion_Anexo_1-A_RMF2025-07042025.pdf,15078848,14.38,2025-10-15T16:41:18,2025-10-16T15:09:50.924959,.pdf,2e7b06518db8fb9072f377b1f7b153fa
CompiladoAnexo19_1raRMRGCE2025.pdf,/home/elias/Documentos/Embeddings/SIEM/SIEM/CP/CompiladoAnexo19_1raRMRGCE2025.pdf,SIEM/CP/CompiladoAnexo19_1raRMRGCE2025.pdf,184057,0.18,2025-10-15T16:44:52,2025-10-16T15:09:46.509451,.pdf,67d297254642d86a69e4821c1659f325
4taRMRGCE_2025.pdf,/home/elias/Documentos/Embeddings/SIEM/SIEM/CP/4taRMRGCE_2025.pdf,SIEM/CP/4taRMRGCE_2025.pdf,75940,0.07,2025-10-15T16:41:14,2025-10-16T15:09:44.355909,.pdf,fd58ee3284db71571c6e8f3c49c9a9b5
Anexo4delasRGCEpara2025.pdf,/home/elias/Documentos/Embeddings/SIEM/SIEM/CP/Anexo4delasRGCEpara2025.pdf,SIEM/CP/Anexo4delasRGCEpara2025.pdf,127473,0.12,2025-10-15T16:41:14,2025-10-16T15:09:45.694489,.pdf,30ec06c1a8ff804ec7c692f24fbabdc8
CompiladoRGCE_1raRMRGCE2025.pdf,/home/elias/Documentos/Embeddings/SIEM/SIEM/CP/CompiladoRGCE_1raRMRGCE2025.pdf,SIEM/CP/CompiladoRGCE_1raRMRGCE2025.pdf,6353283,6.06,2025-10-15T16:44:54,2025-10-16T15:09:47.362190,.pdf,b41448f3d61c6d612b9910abc7ed5b83
Compilado_Anexo22_3raRMRGCE_2025.pdf,/home/elias/Documentos/Embeddings/SIEM/SIEM/CP/Compilado_Anexo22_3raRMRGCE_2025.pdf,SIEM/CP/Compilado_Anexo22_3raRMRGCE_2025.pdf,2438063,2.33,2025-10-15T16:44:52,2025-10-16T15:09:48.179655,.pdf,5d8b535709b279c39a70fc139aae87a0
3a_RM_RMF_2025-DOF-13052025.pdf,/home/elias/Documentos/Embeddings/SIEM/SIEM/CP/3a_RM_RMF_2025-DOF-13052025.pdf,SIEM/CP/3a_RM_RMF_2025-DOF-13052025.pdf,231388,0.22,2025-10-15T16:33:48,2025-10-16T15:09:44.213158,.pdf,44d2abc8a1e732e47961d1b99ff8ec92
1raVersionAnticipada_1raRMRGCE_2025.pdf,/home/elias/Documentos/Embeddings/SIEM/SIEM/CP/1raVersionAnticipada_1raRMRGCE_2025.pdf,SIEM/CP/1raVersionAnticipada_1raRMRGCE_2025.pdf,99167,0.09,2025-10-15T16:44:54,2025-10-16T15:09:44.071240,.pdf,6368f5b92e41fb245ba34649134ce2d3
Anexo-1-A_Primera Modificacion-RMF2025_DOF-22012025.pdf,/home/elias/Documentos/Embeddings/SIEM/SIEM/CP/Anexo-1-A_Primera Modificacion-RMF2025_DOF-22012025.pdf,SIEM/CP/Anexo-1-A_Primera Modificacion-RMF2025_DOF-22012025.pdf,13755,0.01,2025-10-15T16:33:48,2025-10-16T15:09:44.367876,.pdf,9ab394f9384bba3a906346dc8e63d858
RFA_2025-17022025.pdf,/home/elias/Documentos/Embeddings/SIEM/SIEM/CP/RFA_2025-17022025.pdf,SIEM/CP/RFA_2025-17022025.pdf,151651,0.14,2025-10-15T16:50:10,2025-10-16T15:09:51.612684,.pdf,07913eb6dd57c80ee8009d0783382c8b
ReglasGeneralesdeComercioExteriorpara2025.pdf,/home/elias/Documentos/Embeddings/SIEM/SIEM/CP/ReglasGeneralesdeComercioExteriorpara2025.pdf,SIEM/CP/ReglasGeneralesdeComercioExteriorpara2025.pdf,2960988,2.82,2025-10-15T16:41:14,2025-10-16T15:09:51.608597,.pdf,b99a311d14acc46902cb21304110cb09
2da_modificacion_Anexo2_RGCE_2025.pdf,/home/elias/Documentos/Embeddings/SIEM/SIEM/CP/2da_modificacion_Anexo2_RGCE_2025.pdf,SIEM/CP/2da_modificacion_Anexo2_RGCE_2025.pdf,395331,0.38,2025-10-15T16:41:14,2025-10-16T15:09:44.154495,.pdf,e289f004c6df9f57a5368744ef136f52
Anexo_31_RMF_2025-14012025.pdf,/home/elias/Documentos/Embeddings/SIEM/SIEM/CP/Anexo_31_RMF_2025-14012025.pdf,SIEM/CP/Anexo_31_RMF_2025-14012025.pdf,259363,0.25,2025-10-15T16:33:46,2025-10-16T15:09:46.340243,.pdf,bb193f6791dcfdcd4a96032c00f47a52
RMF_2025-30122024.pdf,/home/elias/Documentos/Embeddings/SIEM/SIEM/CP/RMF_2025-30122024.pdf,SIEM/CP/RMF_2025-30122024.pdf,4520347,4.31,2025-10-15T16:33:50,2025-10-16T15:09:51.725023,.pdf,076f291b3fae0ffd07c2e2b01a832877
Anexo24delasRGCEpara2025.pdf,/home/elias/Documentos/Embeddings/SIEM/SIEM/CP/Anexo24delasRGCEpara2025.pdf,SIEM/CP/Anexo24delasRGCEpara2025.pdf,134782,0.13,2025-10-15T16:44:56,2025-10-16T15:09:45.534239,.pdf,64a0b130f15f14183075231736b67753
Compilado_Decima_Modificacion_Anexo_15_RMF_2022_13052025.pdf,/home/elias/Documentos/Embeddings/SIEM/SIEM/CP/Compilado_Decima_Modificacion_Anexo_15_RMF_2022_13052025.pdf,SIEM/CP/Compilado_Decima_Modificacion_Anexo_15_RMF_2022_13052025.pdf,9125232,8.7,2025-10-15T16:41:16,2025-10-16T15:09:48.858226,.pdf,c6da3d64715104813f1f2e693aa7185c
Compilado_Anexo1_3raRMRGCE_2025.pdf,/home/elias/Documentos/Embeddings/SIEM/SIEM/CP/Compilado_Anexo1_3raRMRGCE_2025.pdf,SIEM/CP/Compilado_Anexo1_3raRMRGCE_2025.pdf,19687939,18.78,2025-10-15T16:44:54,2025-10-16T15:09:48.118678,.pdf,4ad75920c4168d16059258730afd5264
4aRM_RMF2025_Segundaversinanticipada-01072025.pdf,/home/elias/Documentos/Embeddings/SIEM/SIEM/CP/4aRM_RMF2025_Segundaversinanticipada-01072025.pdf,SIEM/CP/4aRM_RMF2025_Segundaversinanticipada-01072025.pdf,136359,0.13,2025-10-15T16:38:40,2025-10-16T15:09:44.350060,.pdf,0c353c2882e242b107ffbbd67004d382
5taRMRGCE_2025_SegundaVersionAnticipada.pdf,/home/elias/Documentos/Embeddings/SIEM/SIEM/CP/5taRMRGCE_2025_SegundaVersionAnticipada.pdf,SIEM/CP/5taRMRGCE_2025_SegundaVersionAnticipada.pdf,157215,0.15,2025-10-15T16:44:54,2025-10-16T15:09:44.367266,.pdf,3e85d67c090dca9bb528ccd42365eef9
Anexo19_RMF2025-30122024.pdf,/home/elias/Documentos/Embeddings/SIEM/SIEM/CP/Anexo19_RMF2025-30122024.pdf,SIEM/CP/Anexo19_RMF2025-30122024.pdf,979759,0.93,2025-10-15T16:33:46,2025-10-16T15:09:44.619095,.pdf,3be129abd9cacfad9305ef4ed4064618
Compilado_Primera_Modificacion_Anexo_3_RMF_2025_13052025.pdf,/home/elias/Documentos/Embeddings/SIEM/SIEM/CP/Compilado_Primera_Modificacion_Anexo_3_RMF_2025_13052025.pdf,SIEM/CP/Compilado_Primera_Modificacion_Anexo_3_RMF_2025_13052025.pdf,1217753,1.16,2025-10-15T16:41:16,2025-10-16T15:09:50.077007,.pdf,d9535e27d37364c990212b842797f5cd
Compilado_3aRM_RMF_2025_13052025.pdf,/home/elias/Documentos/Embeddings/SIEM/SIEM/CP/Compilado_3aRM_RMF_2025_13052025.pdf,SIEM/CP/Compilado_3aRM_RMF_2025_13052025.pdf,9232404,8.8,2025-10-15T16:41:18,2025-10-16T15:09:47.591357,.pdf,6d9a6f3de9499c34a9e5ef90885dfb2a
CompiladoAnexo22_1raRMRGCE2025.pdf,/home/elias/Documentos/Embeddings/SIEM/SIEM/CP/CompiladoAnexo22_1raRMRGCE2025.pdf,SIEM/CP/CompiladoAnexo22_1raRMRGCE2025.pdf,2552640,2.43,2025-10-15T16:44:52,2025-10-16T15:09:47.060165,.pdf,75b7b590bfcd99b7794711e48852a37a
Compilado_Anexo29_3raRMRGCE_2025.pdf,/home/elias/Documentos/Embeddings/SIEM/SIEM/CP/Compilado_Anexo29_3raRMRGCE_2025.pdf,SIEM/CP/Compilado_Anexo29_3raRMRGCE_2025.pdf,152296,0.15,2025-10-15T16:44:52,2025-10-16T15:09:48.183782,.pdf,2c5d3645136a39bdffb0094bb2a7dcf6
Anexo29delasRGCEpara2025.pdf,/home/elias/Documentos/Embeddings/SIEM/SIEM/CP/Anexo29delasRGCEpara2025.pdf,SIEM/CP/Anexo29delasRGCEpara2025.pdf,24235,0.02,2025-10-15T16:44:54,2025-10-16T15:09:45.582824,.pdf,770a118d07fdd72b1e97183ce44ae92c
1a_ModificacionalAnexo7-DOF-09072025.pdf,/home/elias/Documentos/Embeddings/SIEM/SIEM/CP/1a_ModificacionalAnexo7-DOF-09072025.pdf,SIEM/CP/1a_ModificacionalAnexo7-DOF-09072025.pdf,136108,0.13,2025-10-15T16:33:48,2025-10-16T15:09:43.993582,.pdf,42609af7b873d5b4ef0b7a71a929b1ca
Compilado_Anexo_22_2daRMRGCE_2025.pdf,/home/elias/Documentos/Embeddings/SIEM/SIEM/CP/Compilado_Anexo_22_2daRMRGCE_2025.pdf,SIEM/CP/Compilado_Anexo_22_2daRMRGCE_2025.pdf,2530560,2.41,2025-10-15T16:44:52,2025-10-16T15:09:48.402553,.pdf,76cd99e8201dd3aed1d8e054a22939c5
Anexo6delasRGCEpara2025.pdf,/home/elias/Documentos/Embeddings/SIEM/SIEM/CP/Anexo6delasRGCEpara2025.pdf,SIEM/CP/Anexo6delasRGCEpara2025.pdf,162110,0.15,2025-10-15T16:41:14,2025-10-16T15:09:45.707568,.pdf,f40805f046648a5e48dc2645e9721e4d
Compilado_Segunda_Modificacion_RMF_2025-07042025.pdf,/home/elias/Documentos/Embeddings/SIEM/SIEM/CP/Compilado_Segunda_Modificacion_RMF_2025-07042025.pdf,SIEM/CP/Compilado_Segunda_Modificacion_RMF_2025-07042025.pdf,9139997,8.72,2025-10-15T16:41:18,2025-10-16T15:09:51.151755,.pdf,5befbb5ede665924dd3db6afa6dd414c
Anexo5_RMF2025-30122024.pdf,/home/elias/Documentos/Embeddings/SIEM/SIEM/CP/Anexo5_RMF2025-30122024.pdf,SIEM/CP/Anexo5_RMF2025-30122024.pdf,115035,0.11,2025-10-15T16:33:48,2025-10-16T15:09:45.703250,.pdf,59be1edc6ff10bfa577dfa14c65e1152
5taRMRGCE_2025_PrimeraVersionAnticipada.pdf,/home/elias/Documentos/Embeddings/SIEM/SIEM/CP/5taRMRGCE_2025_PrimeraVersionAnticipada.pdf,SIEM/CP/5taRMRGCE_2025_PrimeraVersionAnticipada.pdf,143938,0.14,2025-10-15T16:44:54,2025-10-16T15:09:44.363116,.pdf,27aadab793dac569139b1d1b8643e9ae
Compilado_RGCE_2025_2daRMRGCE_2025.pdf,/home/elias/Documentos/Embeddings/SIEM/SIEM/CP/Compilado_RGCE_2025_2daRMRGCE_2025.pdf,SIEM/CP/Compilado_RGCE_2025_2daRMRGCE_2025.pdf,3529978,3.37,2025-10-15T16:44:54,2025-10-16T15:09:50.391440,.pdf,b45279e6e83e47c4292b3d4baa2ca382
1a_RMRMF2025_DOF-22012025.pdf,/home/elias/Documentos/Embeddings/SIEM/SIEM/CP/1a_RMRMF2025_DOF-22012025.pdf,SIEM/CP/1a_RMRMF2025_DOF-22012025.pdf,106744,0.1,2025-10-15T16:33:50,2025-10-16T15:09:44.010855,.pdf,8b1f1a9f4a1675589b7d28b91cdf5268
Compilado_Primera_Modificacion_Anexo 7_RMF2025_09072025.pdf,/home/elias/Documentos/Embeddings/SIEM/SIEM/CP/Compilado_Primera_Modificacion_Anexo 7_RMF2025_09072025.pdf,SIEM/CP/Compilado_Primera_Modificacion_Anexo 7_RMF2025_09072025.pdf,1627343,1.55,2025-10-15T16:41:16,2025-10-16T15:09:49.215982,.pdf,ab79033f37145baa2e095a775e413af1
Copia_04_03_2003.pdf,/home/elias/Documentos/Embeddings/SIEM/SIEM/CP/Copia_04_03_2003.pdf,SIEM/CP/Copia_04_03_2003.pdf,187602,0.18,2025-10-15T16:41:52,2025-10-16T15:09:51.527586,.pdf,c4689b879ef688adaef3b396c0d90c6a
3raModificacionAnexo1_5taRMRGCE2025_PrimeraVersionAnticipada.pdf,/home/elias/Documentos/Embeddings/SIEM/SIEM/CP/3raModificacionAnexo1_5taRMRGCE2025_PrimeraVersionAnticipada.pdf,SIEM/CP/3raModificacionAnexo1_5taRMRGCE2025_PrimeraVersionAnticipada.pdf,2414628,2.3,2025-10-15T16:44:54,2025-10-16T15:09:44.273455,.pdf,30c509d662104c2458fb61d0af0a8c20
Anexo_13_RMF_2025-14012025.pdf,/home/elias/Documentos/Embeddings/SIEM/SIEM/CP/Anexo_13_RMF_2025-14012025.pdf,SIEM/CP/Anexo_13_RMF_2025-14012025.pdf,233387,0.22,2025-10-15T16:33:46,2025-10-16T15:09:46.050211,.pdf,3ef1c86b773378dbea6e6e477b5f336e
Anexo17delasRGCEpara2025.pdf,/home/elias/Documentos/Embeddings/SIEM/SIEM/CP/Anexo17delasRGCEpara2025.pdf,SIEM/CP/Anexo17delasRGCEpara2025.pdf,405165,0.39,2025-10-15T16:44:56,2025-10-16T15:09:44.591747,.pdf,0565ef98794eab2fd10aabafa79c6945
3raRMRGCE_2025.pdf,/home/elias/Documentos/Embeddings/SIEM/SIEM/CP/3raRMRGCE_2025.pdf,SIEM/CP/3raRMRGCE_2025.pdf,188322,0.18,2025-10-15T16:41:14,2025-10-16T15:09:44.344573,.pdf,a7b3b2f1ec9c0f822cfd5f84d614a0cc
Anexo13delasRGCEpara2025.pdf,/home/elias/Documentos/Embeddings/SIEM/SIEM/CP/Anexo13delasRGCEpara2025.pdf,SIEM/CP/Anexo13delasRGCEpara2025.pdf,34832,0.03,2025-10-15T16:44:58,2025-10-16T15:09:44.396888,.pdf,f814d5997699fbe60a1c0785f42e8a84
PROT. REGLAS DE WISBY.pdf,/home/elias/Documentos/Embeddings/SIEM/SIEM/BL/PROT. REGLAS DE WISBY.pdf,SIEM/BL/PROT. REGLAS DE WISBY.pdf,57188,0.05,2025-10-15T16:16:08,2025-10-16T15:09:43.982989,.pdf,40583fff6800af6283c41f392030c25d
A03674-03677.pdf,/home/elias/Documentos/Embeddings/SIEM/SIEM/BL/A03674-03677.pdf,SIEM/BL/A03674-03677.pdf,427094,0.41,2025-10-15T16:16:02,2025-10-16T15:09:43.981272,.pdf,79eeef381bfbf237d3760e83ca3efa95
Reglas_Comercio_Exterior_2022_2modificacion_anexo4.pdf,/home/elias/Documentos/Embeddings/SIEM/SIEM/ANAM/Reglas_Comercio_Exterior_2022_2modificacion_anexo4.pdf,SIEM/ANAM/Reglas_Comercio_Exterior_2022_2modificacion_anexo4.pdf,135910,0.13,2025-10-09T16:42:10,2025-10-16T15:09:29.800267,.pdf,f1de67213b6305a796c8492a2efe8666
Reglas_Comercio_Exterior_2023_anexo4.pdf,/home/elias/Documentos/Embeddings/SIEM/SIEM/ANAM/Reglas_Comercio_Exterior_2023_anexo4.pdf,SIEM/ANAM/Reglas_Comercio_Exterior_2023_anexo4.pdf,134891,0.13,2025-10-09T16:41:38,2025-10-16T15:09:29.803916,.pdf,6d0544d9220c2aebf87002dc4bef7ea3
Constitución_Política.pdf,/home/elias/Documentos/Embeddings/SIEM/SIEM/Marco_jurídico/01_CPEUM/Constitución_Política.pdf,SIEM/Marco_jurídico/01_CPEUM/Constitución_Política.pdf,3041438,2.9,2025-10-14T10:41:00,2025-10-16T15:09:53.199919,.pdf,30d193e52f5b5698e5c3b36c745e7470
CFF.pdf,/home/elias/Documentos/Embeddings/SIEM/SIEM/Marco_jurídico/03_Leyes_federales/CFF.pdf,SIEM/Marco_jurídico/03_Leyes_federales/CFF.pdf,3181840,3.03,2025-10-14T10:40:58,2025-10-16T15:10:29.948053,.pdf,6d8d0b4eed4d990f9bdb9300d5bb373b
LNCM_071220.pdf,/home/elias/Documentos/Embeddings/SIEM/SIEM/Marco_jurídico/03_Leyes_federales/LNCM_071220.pdf,SIEM/Marco_jurídico/03_Leyes_federales/LNCM_071220.pdf,934285,0.89,2025-10-16T13:12:16,2025-10-16T15:10:30.890646,.pdf,3a8c920099cf1ee3e8baf1b16bb12131
LIVA.pdf,/home/elias/Documentos/Embeddings/SIEM/SIEM/Marco_jurídico/03_Leyes_federales/LIVA.pdf,SIEM/Marco_jurídico/03_Leyes_federales/LIVA.pdf,1249332,1.19,2025-10-14T10:40:58,2025-10-16T15:10:30.862337,.pdf,db93f78bbea1122835e1c126ee120155
LCE.pdf,/home/elias/Documentos/Embeddings/SIEM/SIEM/Marco_jurídico/03_Leyes_federales/LCE.pdf,SIEM/Marco_jurídico/03_Leyes_federales/LCE.pdf,531818,0.51,2025-10-14T10:41:00,2025-10-16T15:10:30.031860,.pdf,0c8be405d71e4e9808a5102060014395
LFD.pdf,/home/elias/Documentos/Embeddings/SIEM/SIEM/Marco_jurídico/03_Leyes_federales/LFD.pdf,SIEM/Marco_jurídico/03_Leyes_federales/LFD.pdf,5244178,5.0,2025-10-14T10:41:00,2025-10-16T15:10:30.216305,.pdf,dab1503583c287768be1af66c7eeb06f
LIGIE_2022.pdf,/home/elias/Documentos/Embeddings/SIEM/SIEM/Marco_jurídico/03_Leyes_federales/LIGIE_2022.pdf,SIEM/Marco_jurídico/03_Leyes_federales/LIGIE_2022.pdf,18312411,17.46,2025-10-14T10:41:04,2025-10-16T15:10:30.814417,.pdf,a5ab665a81839980bc98039c3c5cd13c
LAdua.pdf,/home/elias/Documentos/Embeddings/SIEM/SIEM/Marco_jurídico/03_Leyes_federales/LAdua.pdf,SIEM/Marco_jurídico/03_Leyes_federales/LAdua.pdf,1874040,1.79,2025-10-14T10:41:00,2025-10-16T15:10:30.010250,.pdf,0c8ebdfb1814ebf3b37c6794e4987363
LIEPS.pdf,/home/elias/Documentos/Embeddings/SIEM/SIEM/Marco_jurídico/03_Leyes_federales/LIEPS.pdf,SIEM/Marco_jurídico/03_Leyes_federales/LIEPS.pdf,1713608,1.63,2025-10-14T10:40:58,2025-10-16T15:10:30.306495,.pdf,8485713e7e693dac52daacbdfc94999c
LFPC.pdf,/home/elias/Documentos/Embeddings/SIEM/SIEM/Marco_jurídico/03_Leyes_federales/LFPC.pdf,SIEM/Marco_jurídico/03_Leyes_federales/LFPC.pdf,1178482,1.12,2025-10-14T10:40:56,2025-10-16T15:10:30.255504,.pdf,33bb2aae27cbe91cf3440c7ff760b4ca
Anexo25delasRGCEpara2025.pdf,/home/elias/Documentos/Embeddings/SIEM/SIEM/Marco_jurídico/04_Reglamentos_disposiciones/Anexo25delasRGCEpara2025.pdf,SIEM/Marco_jurídico/04_Reglamentos_disposiciones/Anexo25delasRGCEpara2025.pdf,16848,0.02,2025-10-15T12:34:10,2025-10-16T15:10:31.030450,.pdf,4283a256a1d4f7a7fe5e5bb370a91b58
Anexo18delasRGCEpara2025.pdf,/home/elias/Documentos/Embeddings/SIEM/SIEM/Marco_jurídico/04_Reglamentos_disposiciones/Anexo18delasRGCEpara2025.pdf,SIEM/Marco_jurídico/04_Reglamentos_disposiciones/Anexo18delasRGCEpara2025.pdf,63612,0.06,2025-10-15T12:34:10,2025-10-16T15:10:30.995566,.pdf,4776c210493dae11239064e518ee24c1
1raRMRGCE_2025.pdf,/home/elias/Documentos/Embeddings/SIEM/SIEM/Marco_jurídico/04_Reglamentos_disposiciones/1raRMRGCE_2025.pdf,SIEM/Marco_jurídico/04_Reglamentos_disposiciones/1raRMRGCE_2025.pdf,116675,0.11,2025-10-15T12:31:02,2025-10-16T15:10:30.899196,.pdf,2dd539c3941204dbcf034d71a9605d5b
SHCP_301224_01.pdf,/home/elias/Documentos/Embeddings/SIEM/SIEM/Marco_jurídico/04_Reglamentos_disposiciones/SHCP_301224_01.pdf,SIEM/Marco_jurídico/04_Reglamentos_disposiciones/SHCP_301224_01.pdf,3080249,2.94,2025-10-15T12:27:32,2025-10-16T15:10:31.321639,.pdf,5aff1975000b1d814ad5761976b66430
1ra_modificacionAnexo19delasRGCE2025.pdf,/home/elias/Documentos/Embeddings/SIEM/SIEM/Marco_jurídico/04_Reglamentos_disposiciones/1ra_modificacionAnexo19delasRGCE2025.pdf,SIEM/Marco_jurídico/04_Reglamentos_disposiciones/1ra_modificacionAnexo19delasRGCE2025.pdf,44806,0.04,2025-10-15T12:34:10,2025-10-16T15:10:30.909731,.pdf,7440fd50d596439eb8b202a92dff5802
Anexo16delasRGCEpara2025.pdf,/home/elias/Documentos/Embeddings/SIEM/SIEM/Marco_jurídico/04_Reglamentos_disposiciones/Anexo16delasRGCEpara2025.pdf,SIEM/Marco_jurídico/04_Reglamentos_disposiciones/Anexo16delasRGCEpara2025.pdf,54359,0.05,2025-10-15T12:34:10,2025-10-16T15:10:30.983541,.pdf,cc5748e487902b6cfd7a69b142d809e6
Anexo30delasRGCEpara2025.pdf,/home/elias/Documentos/Embeddings/SIEM/SIEM/Marco_jurídico/04_Reglamentos_disposiciones/Anexo30delasRGCEpara2025.pdf,SIEM/Marco_jurídico/04_Reglamentos_disposiciones/Anexo30delasRGCEpara2025.pdf,79009,0.08,2025-10-15T12:34:08,2025-10-16T15:10:31.043733,.pdf,8e1e842e2c9080c286eaecf7c6fe4cfc
imagen_5taRMRGCE_2025_PrimeraVersionAnticipada.pdf,/home/elias/Documentos/Embeddings/SIEM/SIEM/Marco_jurídico/04_Reglamentos_disposiciones/imagen_5taRMRGCE_2025_PrimeraVersionAnticipada.pdf,SIEM/Marco_jurídico/04_Reglamentos_disposiciones/imagen_5taRMRGCE_2025_PrimeraVersionAnticipada.pdf,143938,0.14,2025-10-15T12:58:30,2025-10-16T15:10:31.069965,.pdf,27aadab793dac569139b1d1b8643e9ae
Anexo19delasRGCEpara2025.pdf,/home/elias/Documentos/Embeddings/SIEM/SIEM/Marco_jurídico/04_Reglamentos_disposiciones/Anexo19delasRGCEpara2025.pdf,SIEM/Marco_jurídico/04_Reglamentos_disposiciones/Anexo19delasRGCEpara2025.pdf,16106,0.02,2025-10-15T12:34:10,2025-10-16T15:10:31.006363,.pdf,e266fac993e4e6a1cbdac0fa55530f94
Reg_Sat.pdf,/home/elias/Documentos/Embeddings/SIEM/SIEM/Marco_jurídico/04_Reglamentos_disposiciones/Reg_Sat.pdf,SIEM/Marco_jurídico/04_Reglamentos_disposiciones/Reg_Sat.pdf,866773,0.83,2025-10-15T12:26:24,2025-10-16T15:10:31.197275,.pdf,6f4514c15fdc3b1fa1b35a516e097e36
imagen_1raVersionAnticipada_1raModificacion_Anexo1_RGCE2025.pdf,/home/elias/Documentos/Embeddings/SIEM/SIEM/Marco_jurídico/04_Reglamentos_disposiciones/imagen_1raVersionAnticipada_1raModificacion_Anexo1_RGCE2025.pdf,SIEM/Marco_jurídico/04_Reglamentos_disposiciones/imagen_1raVersionAnticipada_1raModificacion_Anexo1_RGCE2025.pdf,178602,0.17,2025-10-15T12:58:30,2025-10-16T15:10:31.058268,.pdf,7a438e0dd26e89bf667c5de04ec30916
imagen_5taRMRGCE_2025_SegundaVersionAnticipada.pdf,/home/elias/Documentos/Embeddings/SIEM/SIEM/Marco_jurídico/04_Reglamentos_disposiciones/imagen_5taRMRGCE_2025_SegundaVersionAnticipada.pdf,SIEM/Marco_jurídico/04_Reglamentos_disposiciones/imagen_5taRMRGCE_2025_SegundaVersionAnticipada.pdf,157215,0.15,2025-10-15T12:58:30,2025-10-16T15:10:31.082710,.pdf,3e85d67c090dca9bb528ccd42365eef9
Reg_LAdua.pdf,/home/elias/Documentos/Embeddings/SIEM/SIEM/Marco_jurídico/04_Reglamentos_disposiciones/Reg_LAdua.pdf,SIEM/Marco_jurídico/04_Reglamentos_disposiciones/Reg_LAdua.pdf,789318,0.75,2025-10-15T12:24:56,2025-10-16T15:10:31.140369,.pdf,171050baaa907931defa4605c5a33876
Reg_LCE.pdf,/home/elias/Documentos/Embeddings/SIEM/SIEM/Marco_jurídico/04_Reglamentos_disposiciones/Reg_LCE.pdf,SIEM/Marco_jurídico/04_Reglamentos_disposiciones/Reg_LCE.pdf,645727,0.62,2025-10-15T12:23:24,2025-10-16T15:10:31.165470,.pdf,7af65dfb628049d390d55bb4dc242929
Anexo11delasRGCEpara2025.pdf,/home/elias/Documentos/Embeddings/SIEM/SIEM/Marco_jurídico/04_Reglamentos_disposiciones/Anexo11delasRGCEpara2025.pdf,SIEM/Marco_jurídico/04_Reglamentos_disposiciones/Anexo11delasRGCEpara2025.pdf,16421,0.02,2025-10-15T12:34:12,2025-10-16T15:10:30.958620,.pdf,b4513933626b25e9b433df6f27652542
2daRMRGCE_2025.pdf,/home/elias/Documentos/Embeddings/SIEM/SIEM/Marco_jurídico/04_Reglamentos_disposiciones/2daRMRGCE_2025.pdf,SIEM/Marco_jurídico/04_Reglamentos_disposiciones/2daRMRGCE_2025.pdf,12671,0.01,2025-10-15T12:31:02,2025-10-16T15:10:30.920787,.pdf,2fb2793b00e083a657cba012bf29e31c
4taRMRGCE_2025.pdf,/home/elias/Documentos/Embeddings/SIEM/SIEM/Marco_jurídico/04_Reglamentos_disposiciones/4taRMRGCE_2025.pdf,SIEM/Marco_jurídico/04_Reglamentos_disposiciones/4taRMRGCE_2025.pdf,75940,0.07,2025-10-15T12:31:02,2025-10-16T15:10:30.946698,.pdf,fd58ee3284db71571c6e8f3c49c9a9b5
RFA_2025-17022025.pdf,/home/elias/Documentos/Embeddings/SIEM/SIEM/Marco_jurídico/04_Reglamentos_disposiciones/RFA_2025-17022025.pdf,SIEM/Marco_jurídico/04_Reglamentos_disposiciones/RFA_2025-17022025.pdf,151651,0.14,2025-10-15T13:13:12,2025-10-16T15:10:31.205957,.pdf,07913eb6dd57c80ee8009d0783382c8b
Anexo24delasRGCEpara2025.pdf,/home/elias/Documentos/Embeddings/SIEM/SIEM/Marco_jurídico/04_Reglamentos_disposiciones/Anexo24delasRGCEpara2025.pdf,SIEM/Marco_jurídico/04_Reglamentos_disposiciones/Anexo24delasRGCEpara2025.pdf,134782,0.13,2025-10-15T12:34:10,2025-10-16T15:10:31.020937,.pdf,64a0b130f15f14183075231736b67753
3raRMRGCE_2025.pdf,/home/elias/Documentos/Embeddings/SIEM/SIEM/Marco_jurídico/04_Reglamentos_disposiciones/3raRMRGCE_2025.pdf,SIEM/Marco_jurídico/04_Reglamentos_disposiciones/3raRMRGCE_2025.pdf,188322,0.18,2025-10-15T12:31:02,2025-10-16T15:10:30.936826,.pdf,a7b3b2f1ec9c0f822cfd5f84d614a0cc
Anexo13delasRGCEpara2025.pdf,/home/elias/Documentos/Embeddings/SIEM/SIEM/Marco_jurídico/04_Reglamentos_disposiciones/Anexo13delasRGCEpara2025.pdf,SIEM/Marco_jurídico/04_Reglamentos_disposiciones/Anexo13delasRGCEpara2025.pdf,34832,0.03,2025-10-15T12:34:12,2025-10-16T15:10:30.971007,.pdf,f814d5997699fbe60a1c0785f42e8a84
mod003ssa1.pdf,/home/elias/Documentos/Embeddings/SIEM/SIEM/Marco_jurídico/05_Normas_oficiales/mod003ssa1.pdf,SIEM/Marco_jurídico/05_Normas_oficiales/mod003ssa1.pdf,22200,0.02,2025-10-15T13:39:00,2025-10-16T15:10:36.690271,.pdf,d651dd91922863fe9ba6e1af8c1409a3
016-fito.pdf,/home/elias/Documentos/Embeddings/SIEM/SIEM/Marco_jurídico/05_Normas_oficiales/016-fito.pdf,SIEM/Marco_jurídico/05_Normas_oficiales/016-fito.pdf,31545,0.03,2025-10-15T14:08:44,2025-10-16T15:10:36.180366,.pdf,d65ecdb4a47ba7a929586d7b813816c7
160scfi2014.pdf,/home/elias/Documentos/Embeddings/SIEM/SIEM/Marco_jurídico/05_Normas_oficiales/160scfi2014.pdf,SIEM/Marco_jurídico/05_Normas_oficiales/160scfi2014.pdf,36007,0.03,2025-10-15T13:31:44,2025-10-16T15:10:36.426833,.pdf,df6d4846db8e4daeb263799ef08556cc
050scfi.pdf,/home/elias/Documentos/Embeddings/SIEM/SIEM/Marco_jurídico/05_Normas_oficiales/050scfi.pdf,SIEM/Marco_jurídico/05_Normas_oficiales/050scfi.pdf,28808,0.03,2025-10-15T13:39:00,2025-10-16T15:10:36.277892,.pdf,b434f51bcfb6de9b69619e5f1ec51ff7
069fito.pdf,/home/elias/Documentos/Embeddings/SIEM/SIEM/Marco_jurídico/05_Normas_oficiales/069fito.pdf,SIEM/Marco_jurídico/05_Normas_oficiales/069fito.pdf,27172,0.03,2025-10-15T13:31:02,2025-10-16T15:10:36.326404,.pdf,eb16f03621b4ba7bb431d75d9e07d6db
002saggan2016.pdf,/home/elias/Documentos/Embeddings/SIEM/SIEM/Marco_jurídico/05_Normas_oficiales/002saggan2016.pdf,SIEM/Marco_jurídico/05_Normas_oficiales/002saggan2016.pdf,257295,0.25,2025-10-15T15:43:00,2025-10-16T15:10:36.083552,.pdf,d46a837d6bdbd67a63345bed1f776326
257ssa12014.pdf,/home/elias/Documentos/Embeddings/SIEM/SIEM/Marco_jurídico/05_Normas_oficiales/257ssa12014.pdf,SIEM/Marco_jurídico/05_Normas_oficiales/257ssa12014.pdf,40814,0.04,2025-10-15T14:08:42,2025-10-16T15:10:36.463161,.pdf,b72fa6cea515acc2e3a2d609e45fa25b
061sagsem2016.pdf,/home/elias/Documentos/Embeddings/SIEM/SIEM/Marco_jurídico/05_Normas_oficiales/061sagsem2016.pdf,SIEM/Marco_jurídico/05_Normas_oficiales/061sagsem2016.pdf,213408,0.2,2025-10-15T15:43:00,2025-10-16T15:10:36.318156,.pdf,abd9824e452af7f9a57258b942e31000
130ssa1.pdf,/home/elias/Documentos/Embeddings/SIEM/SIEM/Marco_jurídico/05_Normas_oficiales/130ssa1.pdf,SIEM/Marco_jurídico/05_Normas_oficiales/130ssa1.pdf,81586,0.08,2025-10-15T13:31:30,2025-10-16T15:10:36.377972,.pdf,b0fcf15f64d546328b249676227d589b
imagen_225scfi2019.pdf,/home/elias/Documentos/Embeddings/SIEM/SIEM/Marco_jurídico/05_Normas_oficiales/imagen_225scfi2019.pdf,SIEM/Marco_jurídico/05_Normas_oficiales/imagen_225scfi2019.pdf,234807,0.22,2025-10-15T13:39:00,2025-10-16T15:10:36.506759,.pdf,37084f8822a91f1c1858e52a35bc737e
208scfi2017.pdf,/home/elias/Documentos/Embeddings/SIEM/SIEM/Marco_jurídico/05_Normas_oficiales/208scfi2017.pdf,SIEM/Marco_jurídico/05_Normas_oficiales/208scfi2017.pdf,142350,0.14,2025-10-15T13:44:50,2025-10-16T15:10:36.441337,.pdf,954cd15af669c787907fa14e73089fbd
139scfi2012mod.pdf,/home/elias/Documentos/Embeddings/SIEM/SIEM/Marco_jurídico/05_Normas_oficiales/139scfi2012mod.pdf,SIEM/Marco_jurídico/05_Normas_oficiales/139scfi2012mod.pdf,47569,0.05,2025-10-15T13:48:12,2025-10-16T15:10:36.389170,.pdf,bc86f4e65238f343891cdf676319a446
005-fito.pdf,/home/elias/Documentos/Embeddings/SIEM/SIEM/Marco_jurídico/05_Normas_oficiales/005-fito.pdf,SIEM/Marco_jurídico/05_Normas_oficiales/005-fito.pdf,28590,0.03,2025-10-15T14:08:44,2025-10-16T15:10:36.119613,.pdf,304379b3dbb2ce3e9a0e671079dd9577
030-zoo.pdf,/home/elias/Documentos/Embeddings/SIEM/SIEM/Marco_jurídico/05_Normas_oficiales/030-zoo.pdf,SIEM/Marco_jurídico/05_Normas_oficiales/030-zoo.pdf,38519,0.04,2025-10-15T14:08:40,2025-10-16T15:10:36.216236,.pdf,ef7c11357c6d67e8d22af09d2766fb39
imagen_NOM-235-SE-2020.pdf,/home/elias/Documentos/Embeddings/SIEM/SIEM/Marco_jurídico/05_Normas_oficiales/imagen_NOM-235-SE-2020.pdf,SIEM/Marco_jurídico/05_Normas_oficiales/imagen_NOM-235-SE-2020.pdf,4712372,4.49,2025-10-15T13:47:40,2025-10-16T15:10:36.688111,.pdf,da81df11a192cf116d43ff839a5c11f4
NOM-145-SCFI-2001.pdf,/home/elias/Documentos/Embeddings/SIEM/SIEM/Marco_jurídico/05_Normas_oficiales/NOM-145-SCFI-2001.pdf,SIEM/Marco_jurídico/05_Normas_oficiales/NOM-145-SCFI-2001.pdf,29859,0.03,2025-10-15T13:39:00,2025-10-16T15:10:36.702312,.pdf,f4a977605bc5d46951c0f8a0cff41cbc
072ssa12012.pdf,/home/elias/Documentos/Embeddings/SIEM/SIEM/Marco_jurídico/05_Normas_oficiales/072ssa12012.pdf,SIEM/Marco_jurídico/05_Normas_oficiales/072ssa12012.pdf,123833,0.12,2025-10-15T13:39:00,2025-10-16T15:10:36.340540,.pdf,7b64c8b6964ade7c205a0a6c5547b6d9
024-zoo.pdf,/home/elias/Documentos/Embeddings/SIEM/SIEM/Marco_jurídico/05_Normas_oficiales/024-zoo.pdf,SIEM/Marco_jurídico/05_Normas_oficiales/024-zoo.pdf,21633,0.02,2025-10-15T15:43:00,2025-10-16T15:10:36.191890,.pdf,beda55af775be97a52114bcb92d9edbb
059zoo.pdf,/home/elias/Documentos/Embeddings/SIEM/SIEM/Marco_jurídico/05_Normas_oficiales/059zoo.pdf,SIEM/Marco_jurídico/05_Normas_oficiales/059zoo.pdf,67309,0.06,2025-10-15T15:43:00,2025-10-16T15:10:36.302505,.pdf,958a440da70d94d5065b18d57202b930
011-fito.pdf,/home/elias/Documentos/Embeddings/SIEM/SIEM/Marco_jurídico/05_Normas_oficiales/011-fito.pdf,SIEM/Marco_jurídico/05_Normas_oficiales/011-fito.pdf,40150,0.04,2025-10-15T14:08:44,2025-10-16T15:10:36.143530,.pdf,bbbafb4609c05a8721c9852028f2497f
imagen_NOM-205-SCFI-2017.pdf,/home/elias/Documentos/Embeddings/SIEM/SIEM/Marco_jurídico/05_Normas_oficiales/imagen_NOM-205-SCFI-2017.pdf,SIEM/Marco_jurídico/05_Normas_oficiales/imagen_NOM-205-SCFI-2017.pdf,864634,0.82,2025-10-15T13:39:00,2025-10-16T15:10:36.536491,.pdf,84ec8cf0e19063a736b9d29a6403e377
imagen_015scfi2007.pdf,/home/elias/Documentos/Embeddings/SIEM/SIEM/Marco_jurídico/05_Normas_oficiales/imagen_015scfi2007.pdf,SIEM/Marco_jurídico/05_Normas_oficiales/imagen_015scfi2007.pdf,63968,0.06,2025-10-15T13:43:50,2025-10-16T15:10:36.475623,.pdf,68db48b0290ea6643690ca9f9df5b068
015secre2013.pdf,/home/elias/Documentos/Embeddings/SIEM/SIEM/Marco_jurídico/05_Normas_oficiales/015secre2013.pdf,SIEM/Marco_jurídico/05_Normas_oficiales/015secre2013.pdf,311745,0.3,2025-10-15T14:08:40,2025-10-16T15:10:36.173851,.pdf,5811f9cd7515a08be212aa9ad03500c3
040-zoo.pdf,/home/elias/Documentos/Embeddings/SIEM/SIEM/Marco_jurídico/05_Normas_oficiales/040-zoo.pdf,SIEM/Marco_jurídico/05_Normas_oficiales/040-zoo.pdf,20229,0.02,2025-10-15T15:43:00,2025-10-16T15:10:36.241024,.pdf,d89ed943ba6af6d33fc2bbd4baa2b700
041fito.pdf,/home/elias/Documentos/Embeddings/SIEM/SIEM/Marco_jurídico/05_Normas_oficiales/041fito.pdf,SIEM/Marco_jurídico/05_Normas_oficiales/041fito.pdf,204747,0.2,2025-10-15T13:30:38,2025-10-16T15:10:36.257401,.pdf,8cbeeae42b7652d539995554950af3aa
040-ssa1.pdf,/home/elias/Documentos/Embeddings/SIEM/SIEM/Marco_jurídico/05_Normas_oficiales/040-ssa1.pdf,SIEM/Marco_jurídico/05_Normas_oficiales/040-ssa1.pdf,44866,0.04,2025-10-15T13:53:34,2025-10-16T15:10:36.229332,.pdf,8f6bb8970e86a18725062e8866317f0f
256ssa12013.pdf,/home/elias/Documentos/Embeddings/SIEM/SIEM/Marco_jurídico/05_Normas_oficiales/256ssa12013.pdf,SIEM/Marco_jurídico/05_Normas_oficiales/256ssa12013.pdf,52378,0.05,2025-10-15T14:17:16,2025-10-16T15:10:36.451497,.pdf,97463311003ffa044e091a3bac4db5d7
043fito.pdf,/home/elias/Documentos/Embeddings/SIEM/SIEM/Marco_jurídico/05_Normas_oficiales/043fito.pdf,SIEM/Marco_jurídico/05_Normas_oficiales/043fito.pdf,94221,0.09,2025-10-15T14:08:44,2025-10-16T15:10:36.267370,.pdf,ea28eadc41f46b4e9495b779af7b476b
004se2021.pdf,/home/elias/Documentos/Embeddings/SIEM/SIEM/Marco_jurídico/05_Normas_oficiales/004se2021.pdf,SIEM/Marco_jurídico/05_Normas_oficiales/004se2021.pdf,791336,0.75,2025-10-15T13:31:20,2025-10-16T15:10:36.112524,.pdf,3903cd015dc7d41d2094fd3e565787a9
054-zoo.pdf,/home/elias/Documentos/Embeddings/SIEM/SIEM/Marco_jurídico/05_Normas_oficiales/054-zoo.pdf,SIEM/Marco_jurídico/05_Normas_oficiales/054-zoo.pdf,35645,0.03,2025-10-15T15:43:00,2025-10-16T15:10:36.289794,.pdf,0b450d06edf147e7cc3b767c60ba9da8
159ssa12016.pdf,/home/elias/Documentos/Embeddings/SIEM/SIEM/Marco_jurídico/05_Normas_oficiales/159ssa12016.pdf,SIEM/Marco_jurídico/05_Normas_oficiales/159ssa12016.pdf,594244,0.57,2025-10-15T13:53:36,2025-10-16T15:10:36.415824,.pdf,4da6aef9535836721246a45ead3b6b6b
011-pesc.pdf,/home/elias/Documentos/Embeddings/SIEM/SIEM/Marco_jurídico/05_Normas_oficiales/011-pesc.pdf,SIEM/Marco_jurídico/05_Normas_oficiales/011-pesc.pdf,23810,0.02,2025-10-15T14:08:40,2025-10-16T15:10:36.155016,.pdf,62e8a059a27940ede4f0d71882b14d0e
imagen_140scfi2017.pdf,/home/elias/Documentos/Embeddings/SIEM/SIEM/Marco_jurídico/05_Normas_oficiales/imagen_140scfi2017.pdf,SIEM/Marco_jurídico/05_Normas_oficiales/imagen_140scfi2017.pdf,323041,0.31,2025-10-15T13:39:00,2025-10-16T15:10:36.495499,.pdf,fc652dcbe2612cf3695a92ecc7e11ac6
086-ssa1.pdf,/home/elias/Documentos/Embeddings/SIEM/SIEM/Marco_jurídico/05_Normas_oficiales/086-ssa1.pdf,SIEM/Marco_jurídico/05_Normas_oficiales/086-ssa1.pdf,98582,0.09,2025-10-15T13:53:32,2025-10-16T15:10:36.366250,.pdf,2e02afa8da5468efcb560fd8f6c10fec
005sct4_2006.pdf,/home/elias/Documentos/Embeddings/SIEM/SIEM/Marco_jurídico/05_Normas_oficiales/005sct4_2006.pdf,SIEM/Marco_jurídico/05_Normas_oficiales/005sct4_2006.pdf,47653,0.05,2025-10-15T13:39:00,2025-10-16T15:10:36.131861,.pdf,85b459cadd3ec072f6629cfc5b6c11fb
081fito.pdf,/home/elias/Documentos/Embeddings/SIEM/SIEM/Marco_jurídico/05_Normas_oficiales/081fito.pdf,SIEM/Marco_jurídico/05_Normas_oficiales/081fito.pdf,131257,0.13,2025-10-15T14:17:16,2025-10-16T15:10:36.353051,.pdf,13cfb77730883b288cf1eebc13c74416
024scfi2013.pdf,/home/elias/Documentos/Embeddings/SIEM/SIEM/Marco_jurídico/05_Normas_oficiales/024scfi2013.pdf,SIEM/Marco_jurídico/05_Normas_oficiales/024scfi2013.pdf,87802,0.08,2025-10-15T13:35:52,2025-10-16T15:10:36.205284,.pdf,07332bafc0704f4cd344cee76c6cd3f5
Comunidad europea.pdf,/home/elias/Documentos/Embeddings/SIEM/SIEM/Marco_jurídico/02_Tratados_internacionales/Comercio_exterior_paises_con_tratados_firmados/TLC_capítulos_de_inversión/Comunidad europea.pdf,SIEM/Marco_jurídico/02_Tratados_internacionales/Comercio_exterior_paises_con_tratados_firmados/TLC_capítulos_de_inversión/Comunidad europea.pdf,48366350,46.13,2025-10-15T11:36:22,2025-10-16T15:10:07.381826,.pdf,f61a427ecc9bf556f31f20bfc92f75e0
T_MEC_290620.pdf,/home/elias/Documentos/Embeddings/SIEM/SIEM/Marco_jurídico/02_Tratados_internacionales/Comercio_exterior_paises_con_tratados_firmados/TLC_capítulos_de_inversión/T_MEC_290620.pdf,SIEM/Marco_jurídico/02_Tratados_internacionales/Comercio_exterior_paises_con_tratados_firmados/TLC_capítulos_de_inversión/T_MEC_290620.pdf,5158703,4.92,2025-10-15T11:22:18,2025-10-16T15:10:07.527150,.pdf,563901c75a3166632569c2c86565ded2
Chile.pdf,/home/elias/Documentos/Embeddings/SIEM/SIEM/Marco_jurídico/02_Tratados_internacionales/Comercio_exterior_paises_con_tratados_firmados/TLC_capítulos_de_inversión/Chile.pdf,SIEM/Marco_jurídico/02_Tratados_internacionales/Comercio_exterior_paises_con_tratados_firmados/TLC_capítulos_de_inversión/Chile.pdf,44194005,42.15,2025-10-15T11:35:34,2025-10-16T15:10:06.183828,.pdf,2df5e6accb99820e84f78f14e86378c0
Liechtenstein.pdf,/home/elias/Documentos/Embeddings/SIEM/SIEM/Marco_jurídico/02_Tratados_internacionales/Comercio_exterior_paises_con_tratados_firmados/TLC_capítulos_de_inversión/Liechtenstein.pdf,SIEM/Marco_jurídico/02_Tratados_internacionales/Comercio_exterior_paises_con_tratados_firmados/TLC_capítulos_de_inversión/Liechtenstein.pdf,454354,0.43,2025-10-15T11:22:02,2025-10-16T15:10:07.398477,.pdf,d9d8367b195090746578596e04aa0e4f
Uruguay.pdf,/home/elias/Documentos/Embeddings/SIEM/SIEM/Marco_jurídico/02_Tratados_internacionales/Comercio_exterior_paises_con_tratados_firmados/TLC_capítulos_de_inversión/Uruguay.pdf,SIEM/Marco_jurídico/02_Tratados_internacionales/Comercio_exterior_paises_con_tratados_firmados/TLC_capítulos_de_inversión/Uruguay.pdf,34727078,33.12,2025-10-15T11:20:00,2025-10-16T15:10:08.387732,.pdf,68710dd145742ec393a4ce954462620a
Chile 1.pdf,/home/elias/Documentos/Embeddings/SIEM/SIEM/Marco_jurídico/02_Tratados_internacionales/Comercio_exterior_paises_con_tratados_firmados/TLC_capítulos_de_inversión/Chile 1.pdf,SIEM/Marco_jurídico/02_Tratados_internacionales/Comercio_exterior_paises_con_tratados_firmados/TLC_capítulos_de_inversión/Chile 1.pdf,50383442,48.05,2025-10-15T11:36:24,2025-10-16T15:10:05.088309,.pdf,db4bcff4ebdf4cb8a4a7f688891223c7
SE_Japon_Informe_conclusion2011.pdf,/home/elias/Documentos/Embeddings/SIEM/SIEM/Marco_jurídico/02_Tratados_internacionales/Comercio_exterior_paises_con_tratados_firmados/Informes_senado_proceso_negociacion/SE_Japon_Informe_conclusion2011.pdf,SIEM/Marco_jurídico/02_Tratados_internacionales/Comercio_exterior_paises_con_tratados_firmados/Informes_senado_proceso_negociacion/SE_Japon_Informe_conclusion2011.pdf,332789,0.32,2025-10-15T11:41:02,2025-10-16T15:10:03.820371,.pdf,1e19ca9fb15eeb7f01d5aa000c907b4a
SE_Peru_informe_periodico2008.pdf,/home/elias/Documentos/Embeddings/SIEM/SIEM/Marco_jurídico/02_Tratados_internacionales/Comercio_exterior_paises_con_tratados_firmados/Informes_senado_proceso_negociacion/SE_Peru_informe_periodico2008.pdf,SIEM/Marco_jurídico/02_Tratados_internacionales/Comercio_exterior_paises_con_tratados_firmados/Informes_senado_proceso_negociacion/SE_Peru_informe_periodico2008.pdf,191738,0.18,2025-10-15T11:41:02,2025-10-16T15:10:03.825714,.pdf,eebbc3688a4e1824c7c665724bed3a34
SE_Colombia_Informe_inicial2008.pdf,/home/elias/Documentos/Embeddings/SIEM/SIEM/Marco_jurídico/02_Tratados_internacionales/Comercio_exterior_paises_con_tratados_firmados/Informes_senado_proceso_negociacion/SE_Colombia_Informe_inicial2008.pdf,SIEM/Marco_jurídico/02_Tratados_internacionales/Comercio_exterior_paises_con_tratados_firmados/Informes_senado_proceso_negociacion/SE_Colombia_Informe_inicial2008.pdf,201545,0.19,2025-10-15T11:41:02,2025-10-16T15:10:03.806772,.pdf,ceee6da858e0d4dbd3cc4629b328b14b
SE_Corea_Informe2008.pdf,/home/elias/Documentos/Embeddings/SIEM/SIEM/Marco_jurídico/02_Tratados_internacionales/Comercio_exterior_paises_con_tratados_firmados/Informes_senado_proceso_negociacion/SE_Corea_Informe2008.pdf,SIEM/Marco_jurídico/02_Tratados_internacionales/Comercio_exterior_paises_con_tratados_firmados/Informes_senado_proceso_negociacion/SE_Corea_Informe2008.pdf,165312,0.16,2025-10-15T11:41:02,2025-10-16T15:10:03.811594,.pdf,e23a5f3e4c1cb5da696d94c1edd98052
Clasificacion_Federal_de_Suministros_Federal_Supply_Classification.pdf,/home/elias/Documentos/Embeddings/SIEM/SIEM/Marco_jurídico/02_Tratados_internacionales/Comercio_exterior_paises_con_tratados_firmados/Tratdos_firmados_con_méxico/Clasificacion_Federal_de_Suministros_Federal_Supply_Classification.pdf,SIEM/Marco_jurídico/02_Tratados_internacionales/Comercio_exterior_paises_con_tratados_firmados/Tratdos_firmados_con_méxico/Clasificacion_Federal_de_Suministros_Federal_Supply_Classification.pdf,34656,0.03,2025-10-10T14:42:30,2025-10-16T15:10:12.876825,.pdf,08e190a0780c51f41e8e220aa7f52730
Seul.pdf,/home/elias/Documentos/Embeddings/SIEM/SIEM/Marco_jurídico/02_Tratados_internacionales/Comercio_exterior_paises_con_tratados_firmados/Acuerdos_internacionales_de_inversión/Otros_acuerdos_materia_inversión/Seul.pdf,SIEM/Marco_jurídico/02_Tratados_internacionales/Comercio_exterior_paises_con_tratados_firmados/Acuerdos_internacionales_de_inversión/Otros_acuerdos_materia_inversión/Seul.pdf,10499977,10.01,2025-10-15T11:14:24,2025-10-16T15:09:57.590652,.pdf,9cecdecd5059611716a87c17fdda68d9
EEUU.pdf,/home/elias/Documentos/Embeddings/SIEM/SIEM/Marco_jurídico/02_Tratados_internacionales/Comercio_exterior_paises_con_tratados_firmados/Acuerdos_internacionales_de_inversión/Otros_acuerdos_materia_inversión/EEUU.pdf,SIEM/Marco_jurídico/02_Tratados_internacionales/Comercio_exterior_paises_con_tratados_firmados/Acuerdos_internacionales_de_inversión/Otros_acuerdos_materia_inversión/EEUU.pdf,5604985,5.35,2025-10-15T11:14:36,2025-10-16T15:09:57.329922,.pdf,684d07776629818e9360e227c5909bf5
Brasil.pdf,/home/elias/Documentos/Embeddings/SIEM/SIEM/Marco_jurídico/02_Tratados_internacionales/Comercio_exterior_paises_con_tratados_firmados/Acuerdos_internacionales_de_inversión/Otros_acuerdos_materia_inversión/Brasil.pdf,SIEM/Marco_jurídico/02_Tratados_internacionales/Comercio_exterior_paises_con_tratados_firmados/Acuerdos_internacionales_de_inversión/Otros_acuerdos_materia_inversión/Brasil.pdf,4891798,4.67,2025-10-15T11:14:48,2025-10-16T15:09:57.189903,.pdf,0f435f8b58160b75f669b048edce28bb
Seul.pdf,/home/elias/Documentos/Embeddings/SIEM/SIEM/Marco_jurídico/02_Tratados_internacionales/Comercio_exterior_paises_con_tratados_firmados/Acuerdos_internacionales_de_inversión/Convenio_materia_inversion_BM/Seul.pdf,SIEM/Marco_jurídico/02_Tratados_internacionales/Comercio_exterior_paises_con_tratados_firmados/Acuerdos_internacionales_de_inversión/Convenio_materia_inversion_BM/Seul.pdf,10473601,9.99,2025-10-15T11:16:04,2025-10-16T15:09:57.066192,.pdf,975d1bf4b3cbb0c9159a9ed3354d74ac
EEUU.pdf,/home/elias/Documentos/Embeddings/SIEM/SIEM/Marco_jurídico/02_Tratados_internacionales/Comercio_exterior_paises_con_tratados_firmados/Acuerdos_internacionales_de_inversión/Convenio_materia_inversion_BM/EEUU.pdf,SIEM/Marco_jurídico/02_Tratados_internacionales/Comercio_exterior_paises_con_tratados_firmados/Acuerdos_internacionales_de_inversión/Convenio_materia_inversion_BM/EEUU.pdf,5601993,5.34,2025-10-15T11:16:14,2025-10-16T15:09:56.805366,.pdf,64e7954d2ea7d443e284009ff69913b6
Suecia.pdf,/home/elias/Documentos/Embeddings/SIEM/SIEM/Marco_jurídico/02_Tratados_internacionales/Comercio_exterior_paises_con_tratados_firmados/Acuerdos_internacionales_de_inversión/Appris/Suecia.pdf,SIEM/Marco_jurídico/02_Tratados_internacionales/Comercio_exterior_paises_con_tratados_firmados/Acuerdos_internacionales_de_inversión/Appris/Suecia.pdf,4134119,3.94,2025-10-15T10:59:36,2025-10-16T15:09:56.147419,.pdf,286696608c50a0fa5128b792ad1ba045
Trinidad y Tobago.pdf,/home/elias/Documentos/Embeddings/SIEM/SIEM/Marco_jurídico/02_Tratados_internacionales/Comercio_exterior_paises_con_tratados_firmados/Acuerdos_internacionales_de_inversión/Appris/Trinidad y Tobago.pdf,SIEM/Marco_jurídico/02_Tratados_internacionales/Comercio_exterior_paises_con_tratados_firmados/Acuerdos_internacionales_de_inversión/Appris/Trinidad y Tobago.pdf,5444625,5.19,2025-10-15T10:59:04,2025-10-16T15:09:56.387144,.pdf,efedfb2b131ee4556d2c55f6bdf6883c
Argentina.pdf,/home/elias/Documentos/Embeddings/SIEM/SIEM/Marco_jurídico/02_Tratados_internacionales/Comercio_exterior_paises_con_tratados_firmados/Acuerdos_internacionales_de_inversión/Appris/Argentina.pdf,SIEM/Marco_jurídico/02_Tratados_internacionales/Comercio_exterior_paises_con_tratados_firmados/Acuerdos_internacionales_de_inversión/Appris/Argentina.pdf,3848323,3.67,2025-10-15T11:12:18,2025-10-16T15:09:53.400054,.pdf,8df41a2aae11d5f22520261100a25c6b
Portugal.pdf,/home/elias/Documentos/Embeddings/SIEM/SIEM/Marco_jurídico/02_Tratados_internacionales/Comercio_exterior_paises_con_tratados_firmados/Acuerdos_internacionales_de_inversión/Appris/Portugal.pdf,SIEM/Marco_jurídico/02_Tratados_internacionales/Comercio_exterior_paises_con_tratados_firmados/Acuerdos_internacionales_de_inversión/Appris/Portugal.pdf,4012359,3.83,2025-10-15T11:00:42,2025-10-16T15:09:55.667214,.pdf,78af751a7c187fbddeb4d24827b2a10e
Turquia.pdf,/home/elias/Documentos/Embeddings/SIEM/SIEM/Marco_jurídico/02_Tratados_internacionales/Comercio_exterior_paises_con_tratados_firmados/Acuerdos_internacionales_de_inversión/Appris/Turquia.pdf,SIEM/Marco_jurídico/02_Tratados_internacionales/Comercio_exterior_paises_con_tratados_firmados/Acuerdos_internacionales_de_inversión/Appris/Turquia.pdf,6379689,6.08,2025-10-15T10:58:44,2025-10-16T15:09:56.545913,.pdf,2857b94e0a5d0ca3b363618cd01b808c
Rep Checa.pdf,/home/elias/Documentos/Embeddings/SIEM/SIEM/Marco_jurídico/02_Tratados_internacionales/Comercio_exterior_paises_con_tratados_firmados/Acuerdos_internacionales_de_inversión/Appris/Rep Checa.pdf,SIEM/Marco_jurídico/02_Tratados_internacionales/Comercio_exterior_paises_con_tratados_firmados/Acuerdos_internacionales_de_inversión/Appris/Rep Checa.pdf,4288432,4.09,2025-10-15T11:00:10,2025-10-16T15:09:55.904095,.pdf,30e4af13074a831bdb2f9788bcc889e1
Singapur.pdf,/home/elias/Documentos/Embeddings/SIEM/SIEM/Marco_jurídico/02_Tratados_internacionales/Comercio_exterior_paises_con_tratados_firmados/Acuerdos_internacionales_de_inversión/Appris/Singapur.pdf,SIEM/Marco_jurídico/02_Tratados_internacionales/Comercio_exterior_paises_con_tratados_firmados/Acuerdos_internacionales_de_inversión/Appris/Singapur.pdf,5593297,5.33,2025-10-15T10:59:56,2025-10-16T15:09:56.043814,.pdf,040cf4139e63cda2d20aa48aac431c5a
Italia.pdf,/home/elias/Documentos/Embeddings/SIEM/SIEM/Marco_jurídico/02_Tratados_internacionales/Comercio_exterior_paises_con_tratados_firmados/Acuerdos_internacionales_de_inversión/Appris/Italia.pdf,SIEM/Marco_jurídico/02_Tratados_internacionales/Comercio_exterior_paises_con_tratados_firmados/Acuerdos_internacionales_de_inversión/Appris/Italia.pdf,3869744,3.69,2025-10-15T11:01:28,2025-10-16T15:09:55.328062,.pdf,adf0c1a79055be6c2a1c563cf97b4e3d
Dinamarca.pdf,/home/elias/Documentos/Embeddings/SIEM/SIEM/Marco_jurídico/02_Tratados_internacionales/Comercio_exterior_paises_con_tratados_firmados/Acuerdos_internacionales_de_inversión/Appris/Dinamarca.pdf,SIEM/Marco_jurídico/02_Tratados_internacionales/Comercio_exterior_paises_con_tratados_firmados/Acuerdos_internacionales_de_inversión/Appris/Dinamarca.pdf,3559837,3.39,2025-10-15T11:09:22,2025-10-16T15:09:54.300780,.pdf,89a884c9a34b3e373a36a60ca8466200
Hong Kong.pdf,/home/elias/Documentos/Embeddings/SIEM/SIEM/Marco_jurídico/02_Tratados_internacionales/Comercio_exterior_paises_con_tratados_firmados/Acuerdos_internacionales_de_inversión/Appris/Hong Kong.pdf,SIEM/Marco_jurídico/02_Tratados_internacionales/Comercio_exterior_paises_con_tratados_firmados/Acuerdos_internacionales_de_inversión/Appris/Hong Kong.pdf,6583604,6.28,2025-10-15T11:03:58,2025-10-16T15:09:55.117337,.pdf,7bc8086ebd99e08b381639a00b108cf9
Paises Bajos.pdf,/home/elias/Documentos/Embeddings/SIEM/SIEM/Marco_jurídico/02_Tratados_internacionales/Comercio_exterior_paises_con_tratados_firmados/Acuerdos_internacionales_de_inversión/Appris/Paises Bajos.pdf,SIEM/Marco_jurídico/02_Tratados_internacionales/Comercio_exterior_paises_con_tratados_firmados/Acuerdos_internacionales_de_inversión/Appris/Paises Bajos.pdf,4298173,4.1,2025-10-15T11:01:02,2025-10-16T15:09:55.566623,.pdf,373aed55400876df68c2ea509834a4cd
Uruguay.pdf,/home/elias/Documentos/Embeddings/SIEM/SIEM/Marco_jurídico/02_Tratados_internacionales/Comercio_exterior_paises_con_tratados_firmados/Acuerdos_internacionales_de_inversión/Appris/Uruguay.pdf,SIEM/Marco_jurídico/02_Tratados_internacionales/Comercio_exterior_paises_con_tratados_firmados/Acuerdos_internacionales_de_inversión/Appris/Uruguay.pdf,3489382,3.33,2025-10-15T10:58:16,2025-10-16T15:09:56.633106,.pdf,d694d1a9de96b820679e320312b9650c
Islandia.pdf,/home/elias/Documentos/Embeddings/SIEM/SIEM/Marco_jurídico/02_Tratados_internacionales/Comercio_exterior_paises_con_tratados_firmados/Acuerdos_internacionales_de_inversión/Appris/Islandia.pdf,SIEM/Marco_jurídico/02_Tratados_internacionales/Comercio_exterior_paises_con_tratados_firmados/Acuerdos_internacionales_de_inversión/Appris/Islandia.pdf,4533955,4.32,2025-10-15T11:01:46,2025-10-16T15:09:55.230776,.pdf,5aaa8e7b28296b57954586a8ee727ebe
Belgo-Luxemburguesa.pdf,/home/elias/Documentos/Embeddings/SIEM/SIEM/Marco_jurídico/02_Tratados_internacionales/Comercio_exterior_paises_con_tratados_firmados/Acuerdos_internacionales_de_inversión/Appris/Belgo-Luxemburguesa.pdf,SIEM/Marco_jurídico/02_Tratados_internacionales/Comercio_exterior_paises_con_tratados_firmados/Acuerdos_internacionales_de_inversión/Appris/Belgo-Luxemburguesa.pdf,3785342,3.61,2025-10-15T11:11:08,2025-10-16T15:09:53.854998,.pdf,625694bd6d4a6b8447efd9269004fafc
Grecia.pdf,/home/elias/Documentos/Embeddings/SIEM/SIEM/Marco_jurídico/02_Tratados_internacionales/Comercio_exterior_paises_con_tratados_firmados/Acuerdos_internacionales_de_inversión/Appris/Grecia.pdf,SIEM/Marco_jurídico/02_Tratados_internacionales/Comercio_exterior_paises_con_tratados_firmados/Acuerdos_internacionales_de_inversión/Appris/Grecia.pdf,3762852,3.59,2025-10-15T11:07:28,2025-10-16T15:09:54.953053,.pdf,2c3aae53a57983a598d80dd3188e76db
Eslovenia.pdf,/home/elias/Documentos/Embeddings/SIEM/SIEM/Marco_jurídico/02_Tratados_internacionales/Comercio_exterior_paises_con_tratados_firmados/Acuerdos_internacionales_de_inversión/Appris/Eslovenia.pdf,SIEM/Marco_jurídico/02_Tratados_internacionales/Comercio_exterior_paises_con_tratados_firmados/Acuerdos_internacionales_de_inversión/Appris/Eslovenia.pdf,5503151,5.25,2025-10-15T11:08:52,2025-10-16T15:09:54.587920,.pdf,5faea49534525052a0411ff7b69bdba8
Corea.pdf,/home/elias/Documentos/Embeddings/SIEM/SIEM/Marco_jurídico/02_Tratados_internacionales/Comercio_exterior_paises_con_tratados_firmados/Acuerdos_internacionales_de_inversión/Appris/Corea.pdf,SIEM/Marco_jurídico/02_Tratados_internacionales/Comercio_exterior_paises_con_tratados_firmados/Acuerdos_internacionales_de_inversión/Appris/Corea.pdf,4331330,4.13,2025-10-15T11:09:54,2025-10-16T15:09:54.085576,.pdf,438d4115a7f2ed0bcbbc180cf43e0eb9
Reino unido.pdf,/home/elias/Documentos/Embeddings/SIEM/SIEM/Marco_jurídico/02_Tratados_internacionales/Comercio_exterior_paises_con_tratados_firmados/Acuerdos_internacionales_de_inversión/Appris/Reino unido.pdf,SIEM/Marco_jurídico/02_Tratados_internacionales/Comercio_exterior_paises_con_tratados_firmados/Acuerdos_internacionales_de_inversión/Appris/Reino unido.pdf,5189412,4.95,2025-10-15T11:00:30,2025-10-16T15:09:55.797081,.pdf,88cabc03f00f3409d535e23176704a7e
Francia.pdf,/home/elias/Documentos/Embeddings/SIEM/SIEM/Marco_jurídico/02_Tratados_internacionales/Comercio_exterior_paises_con_tratados_firmados/Acuerdos_internacionales_de_inversión/Appris/Francia.pdf,SIEM/Marco_jurídico/02_Tratados_internacionales/Comercio_exterior_paises_con_tratados_firmados/Acuerdos_internacionales_de_inversión/Appris/Francia.pdf,3077107,2.93,2025-10-15T11:07:42,2025-10-16T15:09:54.858833,.pdf,d25b0c39618cdadd81dcaef4b69c7ea5
Kuwuait.pdf,/home/elias/Documentos/Embeddings/SIEM/SIEM/Marco_jurídico/02_Tratados_internacionales/Comercio_exterior_paises_con_tratados_firmados/Acuerdos_internacionales_de_inversión/Appris/Kuwuait.pdf,SIEM/Marco_jurídico/02_Tratados_internacionales/Comercio_exterior_paises_con_tratados_firmados/Acuerdos_internacionales_de_inversión/Appris/Kuwuait.pdf,5255469,5.01,2025-10-15T11:01:20,2025-10-16T15:09:55.459168,.pdf,45635d3fcc9fd60f08cd730cb5ac0a07
Emíratos Árabes.pdf,/home/elias/Documentos/Embeddings/SIEM/SIEM/Marco_jurídico/02_Tratados_internacionales/Comercio_exterior_paises_con_tratados_firmados/Acuerdos_internacionales_de_inversión/Appris/Emíratos Árabes.pdf,SIEM/Marco_jurídico/02_Tratados_internacionales/Comercio_exterior_paises_con_tratados_firmados/Acuerdos_internacionales_de_inversión/Appris/Emíratos Árabes.pdf,5982558,5.71,2025-10-15T11:09:14,2025-10-16T15:09:54.450611,.pdf,a530c0b4fe78245caf59804194956697
Suiza.pdf,/home/elias/Documentos/Embeddings/SIEM/SIEM/Marco_jurídico/02_Tratados_internacionales/Comercio_exterior_paises_con_tratados_firmados/Acuerdos_internacionales_de_inversión/Appris/Suiza.pdf,SIEM/Marco_jurídico/02_Tratados_internacionales/Comercio_exterior_paises_con_tratados_firmados/Acuerdos_internacionales_de_inversión/Appris/Suiza.pdf,4157791,3.97,2025-10-15T10:59:18,2025-10-16T15:09:56.251447,.pdf,3bbacff0e54be71e6b3dc6c7b0a62075
China.pdf,/home/elias/Documentos/Embeddings/SIEM/SIEM/Marco_jurídico/02_Tratados_internacionales/Comercio_exterior_paises_con_tratados_firmados/Acuerdos_internacionales_de_inversión/Appris/China.pdf,SIEM/Marco_jurídico/02_Tratados_internacionales/Comercio_exterior_paises_con_tratados_firmados/Acuerdos_internacionales_de_inversión/Appris/China.pdf,4890622,4.66,2025-10-15T11:10:16,2025-10-16T15:09:53.977054,.pdf,8275b051a58b6fc4589d18eed0a72d37
España.pdf,/home/elias/Documentos/Embeddings/SIEM/SIEM/Marco_jurídico/02_Tratados_internacionales/Comercio_exterior_paises_con_tratados_firmados/Acuerdos_internacionales_de_inversión/Appris/España.pdf,SIEM/Marco_jurídico/02_Tratados_internacionales/Comercio_exterior_paises_con_tratados_firmados/Acuerdos_internacionales_de_inversión/Appris/España.pdf,3899051,3.72,2025-10-15T11:08:30,2025-10-16T15:09:54.685469,.pdf,744430157920eab55658ed679f9fb728
Bahrein.pdf,/home/elias/Documentos/Embeddings/SIEM/SIEM/Marco_jurídico/02_Tratados_internacionales/Comercio_exterior_paises_con_tratados_firmados/Acuerdos_internacionales_de_inversión/Appris/Bahrein.pdf,SIEM/Marco_jurídico/02_Tratados_internacionales/Comercio_exterior_paises_con_tratados_firmados/Acuerdos_internacionales_de_inversión/Appris/Bahrein.pdf,5222222,4.98,2025-10-15T11:11:52,2025-10-16T15:09:53.634631,.pdf,556e36c9af6e68fd4a8a864895cdfe56
Alemania.pdf,/home/elias/Documentos/Embeddings/SIEM/SIEM/Marco_jurídico/02_Tratados_internacionales/Comercio_exterior_paises_con_tratados_firmados/Acuerdos_internacionales_de_inversión/Appris/Alemania.pdf,SIEM/Marco_jurídico/02_Tratados_internacionales/Comercio_exterior_paises_con_tratados_firmados/Acuerdos_internacionales_de_inversión/Appris/Alemania.pdf,3812969,3.64,2025-10-15T11:12:32,2025-10-16T15:09:53.303908,.pdf,4350bbb4c116d25eec506980e2b7596a
Belarus.pdf,/home/elias/Documentos/Embeddings/SIEM/SIEM/Marco_jurídico/02_Tratados_internacionales/Comercio_exterior_paises_con_tratados_firmados/Acuerdos_internacionales_de_inversión/Appris/Belarus.pdf,SIEM/Marco_jurídico/02_Tratados_internacionales/Comercio_exterior_paises_con_tratados_firmados/Acuerdos_internacionales_de_inversión/Appris/Belarus.pdf,5030043,4.8,2025-10-15T11:11:30,2025-10-16T15:09:53.760127,.pdf,40917f1ff55a5ffee1855459f7552d61
Cuba.pdf,/home/elias/Documentos/Embeddings/SIEM/SIEM/Marco_jurídico/02_Tratados_internacionales/Comercio_exterior_paises_con_tratados_firmados/Acuerdos_internacionales_de_inversión/Appris/Cuba.pdf,SIEM/Marco_jurídico/02_Tratados_internacionales/Comercio_exterior_paises_con_tratados_firmados/Acuerdos_internacionales_de_inversión/Appris/Cuba.pdf,5043524,4.81,2025-10-15T11:09:40,2025-10-16T15:09:54.211608,.pdf,46bbb035878f66561d77f8f19dc6f545
Finlandia.pdf,/home/elias/Documentos/Embeddings/SIEM/SIEM/Marco_jurídico/02_Tratados_internacionales/Comercio_exterior_paises_con_tratados_firmados/Acuerdos_internacionales_de_inversión/Appris/Finlandia.pdf,SIEM/Marco_jurídico/02_Tratados_internacionales/Comercio_exterior_paises_con_tratados_firmados/Acuerdos_internacionales_de_inversión/Appris/Finlandia.pdf,3836701,3.66,2025-10-15T11:08:12,2025-10-16T15:09:54.781567,.pdf,d46141762b90181ef9adc3882fc8dee9
Austria.pdf,/home/elias/Documentos/Embeddings/SIEM/SIEM/Marco_jurídico/02_Tratados_internacionales/Comercio_exterior_paises_con_tratados_firmados/Acuerdos_internacionales_de_inversión/Appris/Austria.pdf,SIEM/Marco_jurídico/02_Tratados_internacionales/Comercio_exterior_paises_con_tratados_firmados/Acuerdos_internacionales_de_inversión/Appris/Austria.pdf,4175785,3.98,2025-10-15T11:12:06,2025-10-16T15:09:53.504468,.pdf,0a84188aaa8f55d50c59059a917b4f42
Costa rica.pdf,/home/elias/Documentos/Embeddings/SIEM/SIEM/Marco_jurídico/02_Tratados_internacionales/Comercio_exterior_paises_con_tratados_firmados/TLC_capítulos_de_inversión/Tablas/Costa rica.pdf,SIEM/Marco_jurídico/02_Tratados_internacionales/Comercio_exterior_paises_con_tratados_firmados/TLC_capítulos_de_inversión/Tablas/Costa rica.pdf,45136843,43.05,2025-10-15T11:31:38,2025-10-16T15:10:09.527865,.pdf,8a4abb85b6d6d01a86da37db7b5015f3
Panama.pdf,/home/elias/Documentos/Embeddings/SIEM/SIEM/Marco_jurídico/02_Tratados_internacionales/Comercio_exterior_paises_con_tratados_firmados/TLC_capítulos_de_inversión/Tablas/Panama.pdf,SIEM/Marco_jurídico/02_Tratados_internacionales/Comercio_exterior_paises_con_tratados_firmados/TLC_capítulos_de_inversión/Tablas/Panama.pdf,60478763,57.68,2025-10-15T11:23:44,2025-10-16T15:10:12.105609,.pdf,b2fe921d1b21c41f35a5a39556944015
Japon.pdf,/home/elias/Documentos/Embeddings/SIEM/SIEM/Marco_jurídico/02_Tratados_internacionales/Comercio_exterior_paises_con_tratados_firmados/TLC_capítulos_de_inversión/Tablas/Japon.pdf,SIEM/Marco_jurídico/02_Tratados_internacionales/Comercio_exterior_paises_con_tratados_firmados/TLC_capítulos_de_inversión/Tablas/Japon.pdf,43518491,41.5,2025-10-15T11:26:42,2025-10-16T15:10:10.606995,.pdf,d62660935944b824409650fe579129b4
Peru.pdf,/home/elias/Documentos/Embeddings/SIEM/SIEM/Marco_jurídico/02_Tratados_internacionales/Comercio_exterior_paises_con_tratados_firmados/TLC_capítulos_de_inversión/Tablas/Peru.pdf,SIEM/Marco_jurídico/02_Tratados_internacionales/Comercio_exterior_paises_con_tratados_firmados/TLC_capítulos_de_inversión/Tablas/Peru.pdf,30940020,29.51,2025-10-15T11:20:26,2025-10-16T15:10:12.873389,.pdf,edd157420c5dcf83db880ab5f2062703
Copia_29_04_2016.pdf,/home/elias/Documentos/Embeddings/SIEM/SIEM/Marco_jurídico/02_Tratados_internacionales/Comercio_exterior_paises_con_tratados_firmados/TLC_capítulos_de_inversión/respaldo_docs_imagen/Copia_29_04_2016.pdf,SIEM/Marco_jurídico/02_Tratados_internacionales/Comercio_exterior_paises_con_tratados_firmados/TLC_capítulos_de_inversión/respaldo_docs_imagen/Copia_29_04_2016.pdf,598562,0.57,2025-10-15T11:23:38,2025-10-16T15:10:08.408371,.pdf,80f5654305ad4f2a50a2c6198214b590
Copia_09_01_1995.pdf,/home/elias/Documentos/Embeddings/SIEM/SIEM/Marco_jurídico/02_Tratados_internacionales/Comercio_exterior_paises_con_tratados_firmados/TLC_capítulos_de_inversión/respaldo_docs_imagen/Copia_09_01_1995.pdf,SIEM/Marco_jurídico/02_Tratados_internacionales/Comercio_exterior_paises_con_tratados_firmados/TLC_capítulos_de_inversión/respaldo_docs_imagen/Copia_09_01_1995.pdf,128170,0.12,2025-10-15T11:23:00,2025-10-16T15:10:08.392602,.pdf,6d26097018676e38c2193c236e20623b
SE_Peru_Informe_conclusion2011.pdf,/home/elias/Documentos/Embeddings/SIEM/SIEM/Marco_jurídico/02_Tratados_internacionales/Comercio_exterior_paises_con_tratados_firmados/Informes_senado_proceso_negociacion/Tablas/SE_Peru_Informe_conclusion2011.pdf,SIEM/Marco_jurídico/02_Tratados_internacionales/Comercio_exterior_paises_con_tratados_firmados/Informes_senado_proceso_negociacion/Tablas/SE_Peru_Informe_conclusion2011.pdf,406945,0.39,2025-10-15T11:41:02,2025-10-16T15:10:03.837759,.pdf,f2b9af4e4200e69bdf734c93591584de
CIDAI.pdf,/home/elias/Documentos/Embeddings/SIEM/SIEM/Marco_jurídico/02_Tratados_internacionales/Comercio_exterior_paises_con_tratados_firmados/Acuerdos_internacionales_inversión/Otros_acuerdos_materia_inversión/CIDAI.pdf,SIEM/Marco_jurídico/02_Tratados_internacionales/Comercio_exterior_paises_con_tratados_firmados/Acuerdos_internacionales_inversión/Otros_acuerdos_materia_inversión/CIDAI.pdf,5623547,5.36,2025-10-10T12:03:12,2025-10-16T15:10:03.538935,.pdf,09a1bbbeb6e04bfaab9cca7026c44408
Paises_miembros.pdf,/home/elias/Documentos/Embeddings/SIEM/SIEM/Marco_jurídico/02_Tratados_internacionales/Comercio_exterior_paises_con_tratados_firmados/Acuerdos_internacionales_inversión/Otros_acuerdos_materia_inversión/Paises_miembros.pdf,SIEM/Marco_jurídico/02_Tratados_internacionales/Comercio_exterior_paises_con_tratados_firmados/Acuerdos_internacionales_inversión/Otros_acuerdos_materia_inversión/Paises_miembros.pdf,10487759,10.0,2025-10-10T12:03:48,2025-10-16T15:10:03.799664,.pdf,7f5485a1f9ce08bbd7328dac9fe45d9b
Brasil.pdf,/home/elias/Documentos/Embeddings/SIEM/SIEM/Marco_jurídico/02_Tratados_internacionales/Comercio_exterior_paises_con_tratados_firmados/Acuerdos_internacionales_inversión/Otros_acuerdos_materia_inversión/Brasil.pdf,SIEM/Marco_jurídico/02_Tratados_internacionales/Comercio_exterior_paises_con_tratados_firmados/Acuerdos_internacionales_inversión/Otros_acuerdos_materia_inversión/Brasil.pdf,4894956,4.67,2025-10-10T12:02:38,2025-10-16T15:10:03.398928,.pdf,95cb8056786a4bbcbe835c6b316de5c9
Estados_contratantes_signatarios.pdf,/home/elias/Documentos/Embeddings/SIEM/SIEM/Marco_jurídico/02_Tratados_internacionales/Comercio_exterior_paises_con_tratados_firmados/Acuerdos_internacionales_inversión/Convenios_materia_inversión_Banco_Mundial/Estados_contratantes_signatarios.pdf,SIEM/Marco_jurídico/02_Tratados_internacionales/Comercio_exterior_paises_con_tratados_firmados/Acuerdos_internacionales_inversión/Convenios_materia_inversión_Banco_Mundial/Estados_contratantes_signatarios.pdf,5627145,5.37,2025-10-10T12:15:26,2025-10-16T15:10:03.014601,.pdf,2f05c2b517f6abbd17135f76909b0cfa
Paises_miembros.pdf,/home/elias/Documentos/Embeddings/SIEM/SIEM/Marco_jurídico/02_Tratados_internacionales/Comercio_exterior_paises_con_tratados_firmados/Acuerdos_internacionales_inversión/Convenios_materia_inversión_Banco_Mundial/Paises_miembros.pdf,SIEM/Marco_jurídico/02_Tratados_internacionales/Comercio_exterior_paises_con_tratados_firmados/Acuerdos_internacionales_inversión/Convenios_materia_inversión_Banco_Mundial/Paises_miembros.pdf,10497439,10.01,2025-10-10T12:15:58,2025-10-16T15:10:03.275145,.pdf,7c04c3a09ce0763db89b619b95a15503
Reino_unido.pdf,/home/elias/Documentos/Embeddings/SIEM/SIEM/Marco_jurídico/02_Tratados_internacionales/Comercio_exterior_paises_con_tratados_firmados/Acuerdos_internacionales_inversión/Acuerdos_de_promoción_protección_reciproca_inversiones/respaldo_docs_im/Reino_unido.pdf,SIEM/Marco_jurídico/02_Tratados_internacionales/Comercio_exterior_paises_con_tratados_firmados/Acuerdos_internacionales_inversión/Acuerdos_de_promoción_protección_reciproca_inversiones/respaldo_docs_im/Reino_unido.pdf,5189561,4.95,2025-10-10T11:58:54,2025-10-16T15:10:02.036489,.pdf,0e79f6b4c9dd7d173b78d4cd076ab207
Suecia.pdf,/home/elias/Documentos/Embeddings/SIEM/SIEM/Marco_jurídico/02_Tratados_internacionales/Comercio_exterior_paises_con_tratados_firmados/Acuerdos_internacionales_inversión/Acuerdos_de_promoción_protección_reciproca_inversiones/respaldo_docs_im/Suecia.pdf,SIEM/Marco_jurídico/02_Tratados_internacionales/Comercio_exterior_paises_con_tratados_firmados/Acuerdos_internacionales_inversión/Acuerdos_de_promoción_protección_reciproca_inversiones/respaldo_docs_im/Suecia.pdf,4140675,3.95,2025-10-10T12:00:28,2025-10-16T15:10:02.387433,.pdf,68c31dd0f5ec06b0b59063c6e3a0b7eb
Paises_bajos.pdf,/home/elias/Documentos/Embeddings/SIEM/SIEM/Marco_jurídico/02_Tratados_internacionales/Comercio_exterior_paises_con_tratados_firmados/Acuerdos_internacionales_inversión/Acuerdos_de_promoción_protección_reciproca_inversiones/respaldo_docs_im/Paises_bajos.pdf,SIEM/Marco_jurídico/02_Tratados_internacionales/Comercio_exterior_paises_con_tratados_firmados/Acuerdos_internacionales_inversión/Acuerdos_de_promoción_protección_reciproca_inversiones/respaldo_docs_im/Paises_bajos.pdf,4297178,4.1,2025-10-10T11:58:14,2025-10-16T15:10:01.806505,.pdf,f0bba5d0076e6e05016239e309a3a103
Argentina.pdf,/home/elias/Documentos/Embeddings/SIEM/SIEM/Marco_jurídico/02_Tratados_internacionales/Comercio_exterior_paises_con_tratados_firmados/Acuerdos_internacionales_inversión/Acuerdos_de_promoción_protección_reciproca_inversiones/respaldo_docs_im/Argentina.pdf,SIEM/Marco_jurídico/02_Tratados_internacionales/Comercio_exterior_paises_con_tratados_firmados/Acuerdos_internacionales_inversión/Acuerdos_de_promoción_protección_reciproca_inversiones/respaldo_docs_im/Argentina.pdf,3842872,3.66,2025-10-10T11:29:20,2025-10-16T15:09:59.637477,.pdf,0699e36dcca678014c74586b8d5e818c
Emriatos_arabes.pdf,/home/elias/Documentos/Embeddings/SIEM/SIEM/Marco_jurídico/02_Tratados_internacionales/Comercio_exterior_paises_con_tratados_firmados/Acuerdos_internacionales_inversión/Acuerdos_de_promoción_protección_reciproca_inversiones/respaldo_docs_im/Emriatos_arabes.pdf,SIEM/Marco_jurídico/02_Tratados_internacionales/Comercio_exterior_paises_con_tratados_firmados/Acuerdos_internacionales_inversión/Acuerdos_de_promoción_protección_reciproca_inversiones/respaldo_docs_im/Emriatos_arabes.pdf,5980624,5.7,2025-10-10T11:32:30,2025-10-16T15:10:00.690341,.pdf,5396e6e0f207dc4d1623809195444145
Eslovaquia.pdf,/home/elias/Documentos/Embeddings/SIEM/SIEM/Marco_jurídico/02_Tratados_internacionales/Comercio_exterior_paises_con_tratados_firmados/Acuerdos_internacionales_inversión/Acuerdos_de_promoción_protección_reciproca_inversiones/respaldo_docs_im/Eslovaquia.pdf,SIEM/Marco_jurídico/02_Tratados_internacionales/Comercio_exterior_paises_con_tratados_firmados/Acuerdos_internacionales_inversión/Acuerdos_de_promoción_protección_reciproca_inversiones/respaldo_docs_im/Eslovaquia.pdf,5496219,5.24,2025-10-10T11:33:24,2025-10-16T15:10:00.827591,.pdf,806b01a2cbe7c96d47eac7d577d1a9f7
Bahren.pdf,/home/elias/Documentos/Embeddings/SIEM/SIEM/Marco_jurídico/02_Tratados_internacionales/Comercio_exterior_paises_con_tratados_firmados/Acuerdos_internacionales_inversión/Acuerdos_de_promoción_protección_reciproca_inversiones/respaldo_docs_im/Bahren.pdf,SIEM/Marco_jurídico/02_Tratados_internacionales/Comercio_exterior_paises_con_tratados_firmados/Acuerdos_internacionales_inversión/Acuerdos_de_promoción_protección_reciproca_inversiones/respaldo_docs_im/Bahren.pdf,5218938,4.98,2025-10-10T11:30:12,2025-10-16T15:09:59.872531,.pdf,01a4657f5c772f52b15af4cd82adabb4
Portugal.pdf,/home/elias/Documentos/Embeddings/SIEM/SIEM/Marco_jurídico/02_Tratados_internacionales/Comercio_exterior_paises_con_tratados_firmados/Acuerdos_internacionales_inversión/Acuerdos_de_promoción_protección_reciproca_inversiones/respaldo_docs_im/Portugal.pdf,SIEM/Marco_jurídico/02_Tratados_internacionales/Comercio_exterior_paises_con_tratados_firmados/Acuerdos_internacionales_inversión/Acuerdos_de_promoción_protección_reciproca_inversiones/respaldo_docs_im/Portugal.pdf,4011742,3.83,2025-10-10T11:58:34,2025-10-16T15:10:01.906713,.pdf,d339f64fa0dbc7b258c135a2e605489b
Republica_checa.pdf,/home/elias/Documentos/Embeddings/SIEM/SIEM/Marco_jurídico/02_Tratados_internacionales/Comercio_exterior_paises_con_tratados_firmados/Acuerdos_internacionales_inversión/Acuerdos_de_promoción_protección_reciproca_inversiones/respaldo_docs_im/Republica_checa.pdf,SIEM/Marco_jurídico/02_Tratados_internacionales/Comercio_exterior_paises_con_tratados_firmados/Acuerdos_internacionales_inversión/Acuerdos_de_promoción_protección_reciproca_inversiones/respaldo_docs_im/Republica_checa.pdf,4272824,4.07,2025-10-10T11:59:48,2025-10-16T15:10:02.143358,.pdf,d0508a2b37b43e34db2de8de6ed480f7
Kuwait.pdf,/home/elias/Documentos/Embeddings/SIEM/SIEM/Marco_jurídico/02_Tratados_internacionales/Comercio_exterior_paises_con_tratados_firmados/Acuerdos_internacionales_inversión/Acuerdos_de_promoción_protección_reciproca_inversiones/respaldo_docs_im/Kuwait.pdf,SIEM/Marco_jurídico/02_Tratados_internacionales/Comercio_exterior_paises_con_tratados_firmados/Acuerdos_internacionales_inversión/Acuerdos_de_promoción_protección_reciproca_inversiones/respaldo_docs_im/Kuwait.pdf,5255247,5.01,2025-10-10T11:57:56,2025-10-16T15:10:01.699227,.pdf,b2c1e4696150db2564e9d346d56d8df0
Turquia.pdf,/home/elias/Documentos/Embeddings/SIEM/SIEM/Marco_jurídico/02_Tratados_internacionales/Comercio_exterior_paises_con_tratados_firmados/Acuerdos_internacionales_inversión/Acuerdos_de_promoción_protección_reciproca_inversiones/respaldo_docs_im/Turquia.pdf,SIEM/Marco_jurídico/02_Tratados_internacionales/Comercio_exterior_paises_con_tratados_firmados/Acuerdos_internacionales_inversión/Acuerdos_de_promoción_protección_reciproca_inversiones/respaldo_docs_im/Turquia.pdf,6360048,6.07,2025-10-10T12:01:38,2025-10-16T15:10:02.785587,.pdf,115b712fe9aca70e33b3329c1f5b207f
Singapur.pdf,/home/elias/Documentos/Embeddings/SIEM/SIEM/Marco_jurídico/02_Tratados_internacionales/Comercio_exterior_paises_con_tratados_firmados/Acuerdos_internacionales_inversión/Acuerdos_de_promoción_protección_reciproca_inversiones/respaldo_docs_im/Singapur.pdf,SIEM/Marco_jurídico/02_Tratados_internacionales/Comercio_exterior_paises_con_tratados_firmados/Acuerdos_internacionales_inversión/Acuerdos_de_promoción_protección_reciproca_inversiones/respaldo_docs_im/Singapur.pdf,5595855,5.34,2025-10-10T12:00:10,2025-10-16T15:10:02.283243,.pdf,63a70a71de19b0168e0c0c1652beeaa4
Italia.pdf,/home/elias/Documentos/Embeddings/SIEM/SIEM/Marco_jurídico/02_Tratados_internacionales/Comercio_exterior_paises_con_tratados_firmados/Acuerdos_internacionales_inversión/Acuerdos_de_promoción_protección_reciproca_inversiones/respaldo_docs_im/Italia.pdf,SIEM/Marco_jurídico/02_Tratados_internacionales/Comercio_exterior_paises_con_tratados_firmados/Acuerdos_internacionales_inversión/Acuerdos_de_promoción_protección_reciproca_inversiones/respaldo_docs_im/Italia.pdf,3878071,3.7,2025-10-10T11:53:46,2025-10-16T15:10:01.567875,.pdf,64158f91df67247e822282752d5ad31f
Belgica y Luxemburgo.pdf,/home/elias/Documentos/Embeddings/SIEM/SIEM/Marco_jurídico/02_Tratados_internacionales/Comercio_exterior_paises_con_tratados_firmados/Acuerdos_internacionales_inversión/Acuerdos_de_promoción_protección_reciproca_inversiones/respaldo_docs_im/Belgica y Luxemburgo.pdf,SIEM/Marco_jurídico/02_Tratados_internacionales/Comercio_exterior_paises_con_tratados_firmados/Acuerdos_internacionales_inversión/Acuerdos_de_promoción_protección_reciproca_inversiones/respaldo_docs_im/Belgica y Luxemburgo.pdf,3792947,3.62,2025-10-10T11:30:48,2025-10-16T15:10:00.093553,.pdf,3cb1f63be6a6a24a72426c1d98d36bc4
Dinamarca.pdf,/home/elias/Documentos/Embeddings/SIEM/SIEM/Marco_jurídico/02_Tratados_internacionales/Comercio_exterior_paises_con_tratados_firmados/Acuerdos_internacionales_inversión/Acuerdos_de_promoción_protección_reciproca_inversiones/respaldo_docs_im/Dinamarca.pdf,SIEM/Marco_jurídico/02_Tratados_internacionales/Comercio_exterior_paises_con_tratados_firmados/Acuerdos_internacionales_inversión/Acuerdos_de_promoción_protección_reciproca_inversiones/respaldo_docs_im/Dinamarca.pdf,3558040,3.39,2025-10-10T11:32:06,2025-10-16T15:10:00.540334,.pdf,1e34a25a095af83276ef363210c19f5a
Uruguay.pdf,/home/elias/Documentos/Embeddings/SIEM/SIEM/Marco_jurídico/02_Tratados_internacionales/Comercio_exterior_paises_con_tratados_firmados/Acuerdos_internacionales_inversión/Acuerdos_de_promoción_protección_reciproca_inversiones/respaldo_docs_im/Uruguay.pdf,SIEM/Marco_jurídico/02_Tratados_internacionales/Comercio_exterior_paises_con_tratados_firmados/Acuerdos_internacionales_inversión/Acuerdos_de_promoción_protección_reciproca_inversiones/respaldo_docs_im/Uruguay.pdf,3489767,3.33,2025-10-10T12:01:48,2025-10-16T15:10:02.873215,.pdf,1d5c23b1d3ff8ca7f06610284c8c712f
Islandia.pdf,/home/elias/Documentos/Embeddings/SIEM/SIEM/Marco_jurídico/02_Tratados_internacionales/Comercio_exterior_paises_con_tratados_firmados/Acuerdos_internacionales_inversión/Acuerdos_de_promoción_protección_reciproca_inversiones/respaldo_docs_im/Islandia.pdf,SIEM/Marco_jurídico/02_Tratados_internacionales/Comercio_exterior_paises_con_tratados_firmados/Acuerdos_internacionales_inversión/Acuerdos_de_promoción_protección_reciproca_inversiones/respaldo_docs_im/Islandia.pdf,4536879,4.33,2025-10-10T11:45:56,2025-10-16T15:10:01.470391,.pdf,933c688b7a4a0070922a359cdfea2e17
Grecia.pdf,/home/elias/Documentos/Embeddings/SIEM/SIEM/Marco_jurídico/02_Tratados_internacionales/Comercio_exterior_paises_con_tratados_firmados/Acuerdos_internacionales_inversión/Acuerdos_de_promoción_protección_reciproca_inversiones/respaldo_docs_im/Grecia.pdf,SIEM/Marco_jurídico/02_Tratados_internacionales/Comercio_exterior_paises_con_tratados_firmados/Acuerdos_internacionales_inversión/Acuerdos_de_promoción_protección_reciproca_inversiones/respaldo_docs_im/Grecia.pdf,3761785,3.59,2025-10-10T11:35:02,2025-10-16T15:10:01.192599,.pdf,d03862ef1f0f5b3351d06c8cf682ea20
Corea.pdf,/home/elias/Documentos/Embeddings/SIEM/SIEM/Marco_jurídico/02_Tratados_internacionales/Comercio_exterior_paises_con_tratados_firmados/Acuerdos_internacionales_inversión/Acuerdos_de_promoción_protección_reciproca_inversiones/respaldo_docs_im/Corea.pdf,SIEM/Marco_jurídico/02_Tratados_internacionales/Comercio_exterior_paises_con_tratados_firmados/Acuerdos_internacionales_inversión/Acuerdos_de_promoción_protección_reciproca_inversiones/respaldo_docs_im/Corea.pdf,4344835,4.14,2025-10-10T11:31:32,2025-10-16T15:10:00.324661,.pdf,53656c06e1a063f9d7c3d143562f4482
Francia.pdf,/home/elias/Documentos/Embeddings/SIEM/SIEM/Marco_jurídico/02_Tratados_internacionales/Comercio_exterior_paises_con_tratados_firmados/Acuerdos_internacionales_inversión/Acuerdos_de_promoción_protección_reciproca_inversiones/respaldo_docs_im/Francia.pdf,SIEM/Marco_jurídico/02_Tratados_internacionales/Comercio_exterior_paises_con_tratados_firmados/Acuerdos_internacionales_inversión/Acuerdos_de_promoción_protección_reciproca_inversiones/respaldo_docs_im/Francia.pdf,3073167,2.93,2025-10-10T11:34:40,2025-10-16T15:10:01.098311,.pdf,5b493ff6a1f0f0ccc05b7d998d4a4772
Hong_kong.pdf,/home/elias/Documentos/Embeddings/SIEM/SIEM/Marco_jurídico/02_Tratados_internacionales/Comercio_exterior_paises_con_tratados_firmados/Acuerdos_internacionales_inversión/Acuerdos_de_promoción_protección_reciproca_inversiones/respaldo_docs_im/Hong_kong.pdf,SIEM/Marco_jurídico/02_Tratados_internacionales/Comercio_exterior_paises_con_tratados_firmados/Acuerdos_internacionales_inversión/Acuerdos_de_promoción_protección_reciproca_inversiones/respaldo_docs_im/Hong_kong.pdf,6583257,6.28,2025-10-10T11:35:36,2025-10-16T15:10:01.356749,.pdf,d7d2c838ebef4ba3b32fdaf141103d53
Suiza.pdf,/home/elias/Documentos/Embeddings/SIEM/SIEM/Marco_jurídico/02_Tratados_internacionales/Comercio_exterior_paises_con_tratados_firmados/Acuerdos_internacionales_inversión/Acuerdos_de_promoción_protección_reciproca_inversiones/respaldo_docs_im/Suiza.pdf,SIEM/Marco_jurídico/02_Tratados_internacionales/Comercio_exterior_paises_con_tratados_firmados/Acuerdos_internacionales_inversión/Acuerdos_de_promoción_protección_reciproca_inversiones/respaldo_docs_im/Suiza.pdf,4157613,3.97,2025-10-10T12:00:48,2025-10-16T15:10:02.491520,.pdf,9de0e295ea065a33432447916b3d1a57
China.pdf,/home/elias/Documentos/Embeddings/SIEM/SIEM/Marco_jurídico/02_Tratados_internacionales/Comercio_exterior_paises_con_tratados_firmados/Acuerdos_internacionales_inversión/Acuerdos_de_promoción_protección_reciproca_inversiones/respaldo_docs_im/China.pdf,SIEM/Marco_jurídico/02_Tratados_internacionales/Comercio_exterior_paises_con_tratados_firmados/Acuerdos_internacionales_inversión/Acuerdos_de_promoción_protección_reciproca_inversiones/respaldo_docs_im/China.pdf,4900525,4.67,2025-10-10T11:31:14,2025-10-16T15:10:00.216186,.pdf,7d26e0da25184fef42438ff11558777f
España.pdf,/home/elias/Documentos/Embeddings/SIEM/SIEM/Marco_jurídico/02_Tratados_internacionales/Comercio_exterior_paises_con_tratados_firmados/Acuerdos_internacionales_inversión/Acuerdos_de_promoción_protección_reciproca_inversiones/respaldo_docs_im/España.pdf,SIEM/Marco_jurídico/02_Tratados_internacionales/Comercio_exterior_paises_con_tratados_firmados/Acuerdos_internacionales_inversión/Acuerdos_de_promoción_protección_reciproca_inversiones/respaldo_docs_im/España.pdf,3901222,3.72,2025-10-10T11:33:52,2025-10-16T15:10:00.925325,.pdf,c267b60ad5f96d2ec1202062b6125676
Alemania.pdf,/home/elias/Documentos/Embeddings/SIEM/SIEM/Marco_jurídico/02_Tratados_internacionales/Comercio_exterior_paises_con_tratados_firmados/Acuerdos_internacionales_inversión/Acuerdos_de_promoción_protección_reciproca_inversiones/respaldo_docs_im/Alemania.pdf,SIEM/Marco_jurídico/02_Tratados_internacionales/Comercio_exterior_paises_con_tratados_firmados/Acuerdos_internacionales_inversión/Acuerdos_de_promoción_protección_reciproca_inversiones/respaldo_docs_im/Alemania.pdf,3812330,3.64,2025-10-10T11:29:00,2025-10-16T15:09:59.541221,.pdf,38a413f3654a15aa9fac8022a60913aa
Belarus.pdf,/home/elias/Documentos/Embeddings/SIEM/SIEM/Marco_jurídico/02_Tratados_internacionales/Comercio_exterior_paises_con_tratados_firmados/Acuerdos_internacionales_inversión/Acuerdos_de_promoción_protección_reciproca_inversiones/respaldo_docs_im/Belarus.pdf,SIEM/Marco_jurídico/02_Tratados_internacionales/Comercio_exterior_paises_con_tratados_firmados/Acuerdos_internacionales_inversión/Acuerdos_de_promoción_protección_reciproca_inversiones/respaldo_docs_im/Belarus.pdf,5033197,4.8,2025-10-10T11:30:30,2025-10-16T15:09:59.998469,.pdf,52551597a589373ccb0acde4b72366e7
Cuba.pdf,/home/elias/Documentos/Embeddings/SIEM/SIEM/Marco_jurídico/02_Tratados_internacionales/Comercio_exterior_paises_con_tratados_firmados/Acuerdos_internacionales_inversión/Acuerdos_de_promoción_protección_reciproca_inversiones/respaldo_docs_im/Cuba.pdf,SIEM/Marco_jurídico/02_Tratados_internacionales/Comercio_exterior_paises_con_tratados_firmados/Acuerdos_internacionales_inversión/Acuerdos_de_promoción_protección_reciproca_inversiones/respaldo_docs_im/Cuba.pdf,5047724,4.81,2025-10-10T11:31:50,2025-10-16T15:10:00.450926,.pdf,adf5fb533462fb7a146365d2793dfa2f
Finlandia.pdf,/home/elias/Documentos/Embeddings/SIEM/SIEM/Marco_jurídico/02_Tratados_internacionales/Comercio_exterior_paises_con_tratados_firmados/Acuerdos_internacionales_inversión/Acuerdos_de_promoción_protección_reciproca_inversiones/respaldo_docs_im/Finlandia.pdf,SIEM/Marco_jurídico/02_Tratados_internacionales/Comercio_exterior_paises_con_tratados_firmados/Acuerdos_internacionales_inversión/Acuerdos_de_promoción_protección_reciproca_inversiones/respaldo_docs_im/Finlandia.pdf,3829584,3.65,2025-10-10T11:34:12,2025-10-16T15:10:01.021204,.pdf,b5bac0879ed573bcac6511f31e200fef
Trinidad_tobago.pdf,/home/elias/Documentos/Embeddings/SIEM/SIEM/Marco_jurídico/02_Tratados_internacionales/Comercio_exterior_paises_con_tratados_firmados/Acuerdos_internacionales_inversión/Acuerdos_de_promoción_protección_reciproca_inversiones/respaldo_docs_im/Trinidad_tobago.pdf,SIEM/Marco_jurídico/02_Tratados_internacionales/Comercio_exterior_paises_con_tratados_firmados/Acuerdos_internacionales_inversión/Acuerdos_de_promoción_protección_reciproca_inversiones/respaldo_docs_im/Trinidad_tobago.pdf,5445641,5.19,2025-10-10T12:01:18,2025-10-16T15:10:02.627223,.pdf,e54bc654d7a6b04ff5abff454bf45a16
Austria.pdf,/home/elias/Documentos/Embeddings/SIEM/SIEM/Marco_jurídico/02_Tratados_internacionales/Comercio_exterior_paises_con_tratados_firmados/Acuerdos_internacionales_inversión/Acuerdos_de_promoción_protección_reciproca_inversiones/respaldo_docs_im/Austria.pdf,SIEM/Marco_jurídico/02_Tratados_internacionales/Comercio_exterior_paises_con_tratados_firmados/Acuerdos_internacionales_inversión/Acuerdos_de_promoción_protección_reciproca_inversiones/respaldo_docs_im/Austria.pdf,4184566,3.99,2025-10-10T11:29:42,2025-10-16T15:09:59.742216,.pdf,4cc1889fcbab158a046145ef22a39d65
SE_anexo_07_Japon.pdf,/home/elias/Documentos/Embeddings/SIEM/SIEM/Marco_jurídico/02_Tratados_internacionales/Comercio_exterior_paises_con_tratados_firmados/Tratdos_firmados_con_méxico/América_latina/Asia_pacífico/SE_anexo_07_Japon.pdf,SIEM/Marco_jurídico/02_Tratados_internacionales/Comercio_exterior_paises_con_tratados_firmados/Tratdos_firmados_con_méxico/América_latina/Asia_pacífico/SE_anexo_07_Japon.pdf,59219,0.06,2025-10-14T17:32:18,2025-10-16T15:10:15.902517,.pdf,4d91a6af95fd96008503419afccb4723
SE_3_Inicio_Consultas_TPP.pdf,/home/elias/Documentos/Embeddings/SIEM/SIEM/Marco_jurídico/02_Tratados_internacionales/Comercio_exterior_paises_con_tratados_firmados/Tratdos_firmados_con_méxico/América_latina/Asia_pacífico/SE_3_Inicio_Consultas_TPP.pdf,SIEM/Marco_jurídico/02_Tratados_internacionales/Comercio_exterior_paises_con_tratados_firmados/Tratdos_firmados_con_méxico/América_latina/Asia_pacífico/SE_3_Inicio_Consultas_TPP.pdf,90350,0.09,2025-10-14T17:19:00,2025-10-16T15:10:15.876755,.pdf,76f96a153eb4f34028f0338d1a99ff54
SE_anexo_14_Japon.pdf,/home/elias/Documentos/Embeddings/SIEM/SIEM/Marco_jurídico/02_Tratados_internacionales/Comercio_exterior_paises_con_tratados_firmados/Tratdos_firmados_con_méxico/América_latina/Asia_pacífico/SE_anexo_14_Japon.pdf,SIEM/Marco_jurídico/02_Tratados_internacionales/Comercio_exterior_paises_con_tratados_firmados/Tratdos_firmados_con_méxico/América_latina/Asia_pacífico/SE_anexo_14_Japon.pdf,25676,0.02,2025-10-14T17:32:18,2025-10-16T15:10:15.908988,.pdf,f9acbaf1fa4f4485facb784cfdf0fe68
SE_6_Gira_Oceania_cierre.pdf,/home/elias/Documentos/Embeddings/SIEM/SIEM/Marco_jurídico/02_Tratados_internacionales/Comercio_exterior_paises_con_tratados_firmados/Tratdos_firmados_con_méxico/América_latina/Asia_pacífico/SE_6_Gira_Oceania_cierre.pdf,SIEM/Marco_jurídico/02_Tratados_internacionales/Comercio_exterior_paises_con_tratados_firmados/Tratdos_firmados_con_méxico/América_latina/Asia_pacífico/SE_6_Gira_Oceania_cierre.pdf,86295,0.08,2025-10-14T17:18:58,2025-10-16T15:10:15.883137,.pdf,ce54eba4933c8a78d4bfc1dce997bab6
SE_2_TPP_Reunion_Secretario_Ferrari_CCE.pdf,/home/elias/Documentos/Embeddings/SIEM/SIEM/Marco_jurídico/02_Tratados_internacionales/Comercio_exterior_paises_con_tratados_firmados/Tratdos_firmados_con_méxico/América_latina/Asia_pacífico/SE_2_TPP_Reunion_Secretario_Ferrari_CCE.pdf,SIEM/Marco_jurídico/02_Tratados_internacionales/Comercio_exterior_paises_con_tratados_firmados/Tratdos_firmados_con_méxico/América_latina/Asia_pacífico/SE_2_TPP_Reunion_Secretario_Ferrari_CCE.pdf,168315,0.16,2025-10-14T17:19:00,2025-10-16T15:10:15.874127,.pdf,aff6cc0efd70f03ad2ccfc813c6fade0
SE_anexo_03_Japon.pdf,/home/elias/Documentos/Embeddings/SIEM/SIEM/Marco_jurídico/02_Tratados_internacionales/Comercio_exterior_paises_con_tratados_firmados/Tratdos_firmados_con_méxico/América_latina/Asia_pacífico/SE_anexo_03_Japon.pdf,SIEM/Marco_jurídico/02_Tratados_internacionales/Comercio_exterior_paises_con_tratados_firmados/Tratdos_firmados_con_méxico/América_latina/Asia_pacífico/SE_anexo_03_Japon.pdf,9836,0.01,2025-10-14T17:32:20,2025-10-16T15:10:15.896065,.pdf,704098193a390eb83f05f8194827d667
SE_anexo_17_Japon.pdf,/home/elias/Documentos/Embeddings/SIEM/SIEM/Marco_jurídico/02_Tratados_internacionales/Comercio_exterior_paises_con_tratados_firmados/Tratdos_firmados_con_méxico/América_latina/Asia_pacífico/SE_anexo_17_Japon.pdf,SIEM/Marco_jurídico/02_Tratados_internacionales/Comercio_exterior_paises_con_tratados_firmados/Tratdos_firmados_con_méxico/América_latina/Asia_pacífico/SE_anexo_17_Japon.pdf,19779,0.02,2025-10-14T17:32:18,2025-10-16T15:10:15.915135,.pdf,433115a8295f4c6ffa0f0cc27d513717
Noticia_negociaciones_PI_TPP_Maui_julio_2015.pdf,/home/elias/Documentos/Embeddings/SIEM/SIEM/Marco_jurídico/02_Tratados_internacionales/Comercio_exterior_paises_con_tratados_firmados/Tratdos_firmados_con_méxico/América_latina/Asia_pacífico/Noticia_negociaciones_PI_TPP_Maui_julio_2015.pdf,SIEM/Marco_jurídico/02_Tratados_internacionales/Comercio_exterior_paises_con_tratados_firmados/Tratdos_firmados_con_méxico/América_latina/Asia_pacífico/Noticia_negociaciones_PI_TPP_Maui_julio_2015.pdf,7427,0.01,2025-10-14T17:18:58,2025-10-16T15:10:15.689096,.pdf,4da84342243f6244227857f523efc326
SE_anexo_18_Japon.pdf,/home/elias/Documentos/Embeddings/SIEM/SIEM/Marco_jurídico/02_Tratados_internacionales/Comercio_exterior_paises_con_tratados_firmados/Tratdos_firmados_con_méxico/América_latina/Asia_pacífico/SE_anexo_18_Japon.pdf,SIEM/Marco_jurídico/02_Tratados_internacionales/Comercio_exterior_paises_con_tratados_firmados/Tratdos_firmados_con_méxico/América_latina/Asia_pacífico/SE_anexo_18_Japon.pdf,22462,0.02,2025-10-14T17:32:18,2025-10-16T15:10:15.916766,.pdf,bdcdf3b4af504994d2049fe2788e2b9e
SE_anexo_15_Japon.pdf,/home/elias/Documentos/Embeddings/SIEM/SIEM/Marco_jurídico/02_Tratados_internacionales/Comercio_exterior_paises_con_tratados_firmados/Tratdos_firmados_con_méxico/América_latina/Asia_pacífico/SE_anexo_15_Japon.pdf,SIEM/Marco_jurídico/02_Tratados_internacionales/Comercio_exterior_paises_con_tratados_firmados/Tratdos_firmados_con_méxico/América_latina/Asia_pacífico/SE_anexo_15_Japon.pdf,32746,0.03,2025-10-14T17:32:18,2025-10-16T15:10:15.912211,.pdf,ff8c187f8a3af31d871320f9f3c90bcc
SE_anexo_11_Japon.pdf,/home/elias/Documentos/Embeddings/SIEM/SIEM/Marco_jurídico/02_Tratados_internacionales/Comercio_exterior_paises_con_tratados_firmados/Tratdos_firmados_con_méxico/América_latina/Asia_pacífico/SE_anexo_11_Japon.pdf,SIEM/Marco_jurídico/02_Tratados_internacionales/Comercio_exterior_paises_con_tratados_firmados/Tratdos_firmados_con_méxico/América_latina/Asia_pacífico/SE_anexo_11_Japon.pdf,48146,0.05,2025-10-14T17:32:18,2025-10-16T15:10:15.906189,.pdf,854fc2bbe67ac6df8cf36fcef2687163
SE_anexo_08_Japon.pdf,/home/elias/Documentos/Embeddings/SIEM/SIEM/Marco_jurídico/02_Tratados_internacionales/Comercio_exterior_paises_con_tratados_firmados/Tratdos_firmados_con_méxico/América_latina/Asia_pacífico/SE_anexo_08_Japon.pdf,SIEM/Marco_jurídico/02_Tratados_internacionales/Comercio_exterior_paises_con_tratados_firmados/Tratdos_firmados_con_méxico/América_latina/Asia_pacífico/SE_anexo_08_Japon.pdf,15309,0.01,2025-10-14T17:32:18,2025-10-16T15:10:15.903179,.pdf,8726d83d498257b16a6271790f915903
SE_4_Gira_Asia_cierre.pdf,/home/elias/Documentos/Embeddings/SIEM/SIEM/Marco_jurídico/02_Tratados_internacionales/Comercio_exterior_paises_con_tratados_firmados/Tratdos_firmados_con_méxico/América_latina/Asia_pacífico/SE_4_Gira_Asia_cierre.pdf,SIEM/Marco_jurídico/02_Tratados_internacionales/Comercio_exterior_paises_con_tratados_firmados/Tratdos_firmados_con_méxico/América_latina/Asia_pacífico/SE_4_Gira_Asia_cierre.pdf,85147,0.08,2025-10-14T17:19:00,2025-10-16T15:10:15.879274,.pdf,6254b4edef17b02dc6182af471efaa34
imagen_presentacion_tpp_soc_civil_26feb2013.pdf,/home/elias/Documentos/Embeddings/SIEM/SIEM/Marco_jurídico/02_Tratados_internacionales/Comercio_exterior_paises_con_tratados_firmados/Tratdos_firmados_con_méxico/América_latina/Asia_pacífico/imagen_presentacion_tpp_soc_civil_26feb2013.pdf,SIEM/Marco_jurídico/02_Tratados_internacionales/Comercio_exterior_paises_con_tratados_firmados/Tratdos_firmados_con_méxico/América_latina/Asia_pacífico/imagen_presentacion_tpp_soc_civil_26feb2013.pdf,1223078,1.17,2025-10-14T17:19:00,2025-10-16T15:10:15.576957,.pdf,aa08433ff5409402d3bb23c2a7096a84
SE_anexo_12_Japon.pdf,/home/elias/Documentos/Embeddings/SIEM/SIEM/Marco_jurídico/02_Tratados_internacionales/Comercio_exterior_paises_con_tratados_firmados/Tratdos_firmados_con_méxico/América_latina/Asia_pacífico/SE_anexo_12_Japon.pdf,SIEM/Marco_jurídico/02_Tratados_internacionales/Comercio_exterior_paises_con_tratados_firmados/Tratdos_firmados_con_méxico/América_latina/Asia_pacífico/SE_anexo_12_Japon.pdf,26918,0.03,2025-10-14T17:32:20,2025-10-16T15:10:15.907201,.pdf,f53170489f1b32859362874ed2cad081
SE_Protocolo_Modificatorio_AAEMJ_sep_22_2011_ingles_Japon.pdf,/home/elias/Documentos/Embeddings/SIEM/SIEM/Marco_jurídico/02_Tratados_internacionales/Comercio_exterior_paises_con_tratados_firmados/Tratdos_firmados_con_méxico/América_latina/Asia_pacífico/SE_Protocolo_Modificatorio_AAEMJ_sep_22_2011_ingles_Japon.pdf,SIEM/Marco_jurídico/02_Tratados_internacionales/Comercio_exterior_paises_con_tratados_firmados/Tratdos_firmados_con_méxico/América_latina/Asia_pacífico/SE_Protocolo_Modificatorio_AAEMJ_sep_22_2011_ingles_Japon.pdf,905669,0.86,2025-10-14T17:32:18,2025-10-16T15:10:15.982016,.pdf,243954b50d611636e6c5380b0a9742da
SE_leaders_press_release_2014.pdf,/home/elias/Documentos/Embeddings/SIEM/SIEM/Marco_jurídico/02_Tratados_internacionales/Comercio_exterior_paises_con_tratados_firmados/Tratdos_firmados_con_méxico/América_latina/Asia_pacífico/SE_leaders_press_release_2014.pdf,SIEM/Marco_jurídico/02_Tratados_internacionales/Comercio_exterior_paises_con_tratados_firmados/Tratdos_firmados_con_méxico/América_latina/Asia_pacífico/SE_leaders_press_release_2014.pdf,60057,0.06,2025-10-14T17:19:00,2025-10-16T15:10:15.955375,.pdf,b975c2c1e387d4794bf4757dec3b1fdb
SE_anexo_01_sec2-1_Japon.pdf,/home/elias/Documentos/Embeddings/SIEM/SIEM/Marco_jurídico/02_Tratados_internacionales/Comercio_exterior_paises_con_tratados_firmados/Tratdos_firmados_con_méxico/América_latina/Asia_pacífico/SE_anexo_01_sec2-1_Japon.pdf,SIEM/Marco_jurídico/02_Tratados_internacionales/Comercio_exterior_paises_con_tratados_firmados/Tratdos_firmados_con_méxico/América_latina/Asia_pacífico/SE_anexo_01_sec2-1_Japon.pdf,63515,0.06,2025-10-14T17:32:20,2025-10-16T15:10:15.893428,.pdf,0476a8455788ab70f3b83ae554309a31
SE_7_Let_Mexico_trade_agreement_Ferrari.pdf,/home/elias/Documentos/Embeddings/SIEM/SIEM/Marco_jurídico/02_Tratados_internacionales/Comercio_exterior_paises_con_tratados_firmados/Tratdos_firmados_con_méxico/América_latina/Asia_pacífico/SE_7_Let_Mexico_trade_agreement_Ferrari.pdf,SIEM/Marco_jurídico/02_Tratados_internacionales/Comercio_exterior_paises_con_tratados_firmados/Tratdos_firmados_con_méxico/América_latina/Asia_pacífico/SE_7_Let_Mexico_trade_agreement_Ferrari.pdf,213736,0.2,2025-10-14T17:18:58,2025-10-16T15:10:15.888865,.pdf,a4f77d9eae036d6648e63f1200f0d154
SE_Israel_Resumen_TLC-Israel.pdf,/home/elias/Documentos/Embeddings/SIEM/SIEM/Marco_jurídico/02_Tratados_internacionales/Comercio_exterior_paises_con_tratados_firmados/Tratdos_firmados_con_méxico/América_latina/Asia_pacífico/SE_Israel_Resumen_TLC-Israel.pdf,SIEM/Marco_jurídico/02_Tratados_internacionales/Comercio_exterior_paises_con_tratados_firmados/Tratdos_firmados_con_méxico/América_latina/Asia_pacífico/SE_Israel_Resumen_TLC-Israel.pdf,32820,0.03,2025-10-14T17:48:06,2025-10-16T15:10:15.952444,.pdf,26009fe37a7e22984dd7874da916f4be
SE_anexo_02_Japon.pdf,/home/elias/Documentos/Embeddings/SIEM/SIEM/Marco_jurídico/02_Tratados_internacionales/Comercio_exterior_paises_con_tratados_firmados/Tratdos_firmados_con_méxico/América_latina/Asia_pacífico/SE_anexo_02_Japon.pdf,SIEM/Marco_jurídico/02_Tratados_internacionales/Comercio_exterior_paises_con_tratados_firmados/Tratdos_firmados_con_méxico/América_latina/Asia_pacífico/SE_anexo_02_Japon.pdf,12968,0.01,2025-10-14T17:32:20,2025-10-16T15:10:15.895522,.pdf,e91c81c2df92c357be91338f81428837
SE_APPRI_Singapur.pdf,/home/elias/Documentos/Embeddings/SIEM/SIEM/Marco_jurídico/02_Tratados_internacionales/Comercio_exterior_paises_con_tratados_firmados/Tratdos_firmados_con_méxico/América_latina/Asia_pacífico/SE_APPRI_Singapur.pdf,SIEM/Marco_jurídico/02_Tratados_internacionales/Comercio_exterior_paises_con_tratados_firmados/Tratdos_firmados_con_méxico/América_latina/Asia_pacífico/SE_APPRI_Singapur.pdf,148113,0.14,2025-10-14T17:17:10,2025-10-16T15:10:15.921611,.pdf,429563df11f36e558062ced6d57ecd4f
imagen_comparecencia_tpp_senado_27feb2013.pdf,/home/elias/Documentos/Embeddings/SIEM/SIEM/Marco_jurídico/02_Tratados_internacionales/Comercio_exterior_paises_con_tratados_firmados/Tratdos_firmados_con_méxico/América_latina/Asia_pacífico/imagen_comparecencia_tpp_senado_27feb2013.pdf,SIEM/Marco_jurídico/02_Tratados_internacionales/Comercio_exterior_paises_con_tratados_firmados/Tratdos_firmados_con_méxico/América_latina/Asia_pacífico/imagen_comparecencia_tpp_senado_27feb2013.pdf,864652,0.82,2025-10-14T17:19:00,2025-10-16T15:10:15.518289,.pdf,a3d51fb3b6d9e1157f6da098448d4ac3
SE_anexo_04_Japon.pdf,/home/elias/Documentos/Embeddings/SIEM/SIEM/Marco_jurídico/02_Tratados_internacionales/Comercio_exterior_paises_con_tratados_firmados/Tratdos_firmados_con_méxico/América_latina/Asia_pacífico/SE_anexo_04_Japon.pdf,SIEM/Marco_jurídico/02_Tratados_internacionales/Comercio_exterior_paises_con_tratados_firmados/Tratdos_firmados_con_méxico/América_latina/Asia_pacífico/SE_anexo_04_Japon.pdf,150866,0.14,2025-10-14T17:32:18,2025-10-16T15:10:15.900107,.pdf,3e58e1cfa7fd485cb286988669d8459f
SE_anexo_10_Japon.pdf,/home/elias/Documentos/Embeddings/SIEM/SIEM/Marco_jurídico/02_Tratados_internacionales/Comercio_exterior_paises_con_tratados_firmados/Tratdos_firmados_con_méxico/América_latina/Asia_pacífico/SE_anexo_10_Japon.pdf,SIEM/Marco_jurídico/02_Tratados_internacionales/Comercio_exterior_paises_con_tratados_firmados/Tratdos_firmados_con_méxico/América_latina/Asia_pacífico/SE_anexo_10_Japon.pdf,24123,0.02,2025-10-14T17:32:18,2025-10-16T15:10:15.904071,.pdf,d52d130d3b84fd1716527b501d601978
SE_1_Comunicado_Lideres_APEC.pdf,/home/elias/Documentos/Embeddings/SIEM/SIEM/Marco_jurídico/02_Tratados_internacionales/Comercio_exterior_paises_con_tratados_firmados/Tratdos_firmados_con_méxico/América_latina/Asia_pacífico/SE_1_Comunicado_Lideres_APEC.pdf,SIEM/Marco_jurídico/02_Tratados_internacionales/Comercio_exterior_paises_con_tratados_firmados/Tratdos_firmados_con_méxico/América_latina/Asia_pacífico/SE_1_Comunicado_Lideres_APEC.pdf,175245,0.17,2025-10-14T17:19:00,2025-10-16T15:10:15.869310,.pdf,52caf568ef066b1ec023fc996c0afb83
SE_tpp_ministers_report_to_leaders_2014.pdf,/home/elias/Documentos/Embeddings/SIEM/SIEM/Marco_jurídico/02_Tratados_internacionales/Comercio_exterior_paises_con_tratados_firmados/Tratdos_firmados_con_méxico/América_latina/Asia_pacífico/SE_tpp_ministers_report_to_leaders_2014.pdf,SIEM/Marco_jurídico/02_Tratados_internacionales/Comercio_exterior_paises_con_tratados_firmados/Tratdos_firmados_con_méxico/América_latina/Asia_pacífico/SE_tpp_ministers_report_to_leaders_2014.pdf,242133,0.23,2025-10-14T17:19:00,2025-10-16T15:10:15.997211,.pdf,e17d4bfdad650fefedbe3b1bd97d5eb9
imagen_presentacion_sociedad_civil_status_tpp_25abril2014.pdf,/home/elias/Documentos/Embeddings/SIEM/SIEM/Marco_jurídico/02_Tratados_internacionales/Comercio_exterior_paises_con_tratados_firmados/Tratdos_firmados_con_méxico/América_latina/Asia_pacífico/imagen_presentacion_sociedad_civil_status_tpp_25abril2014.pdf,SIEM/Marco_jurídico/02_Tratados_internacionales/Comercio_exterior_paises_con_tratados_firmados/Tratdos_firmados_con_méxico/América_latina/Asia_pacífico/imagen_presentacion_sociedad_civil_status_tpp_25abril2014.pdf,1079176,1.03,2025-10-14T17:19:02,2025-10-16T15:10:15.545767,.pdf,dcf7990a6f0462f25f34d7ebea1cb48f
Inf_Senado_inicio_negociaciones_TPP.pdf,/home/elias/Documentos/Embeddings/SIEM/SIEM/Marco_jurídico/02_Tratados_internacionales/Comercio_exterior_paises_con_tratados_firmados/Tratdos_firmados_con_méxico/América_latina/Asia_pacífico/Inf_Senado_inicio_negociaciones_TPP.pdf,SIEM/Marco_jurídico/02_Tratados_internacionales/Comercio_exterior_paises_con_tratados_firmados/Tratdos_firmados_con_méxico/América_latina/Asia_pacífico/Inf_Senado_inicio_negociaciones_TPP.pdf,4462505,4.26,2025-10-14T17:19:00,2025-10-16T15:10:15.688318,.pdf,ad2ce04251be942aeb8d75268fbdcf8a
SE_5_Visita_WashingtonD_C__cierre.pdf,/home/elias/Documentos/Embeddings/SIEM/SIEM/Marco_jurídico/02_Tratados_internacionales/Comercio_exterior_paises_con_tratados_firmados/Tratdos_firmados_con_méxico/América_latina/Asia_pacífico/SE_5_Visita_WashingtonD_C__cierre.pdf,SIEM/Marco_jurídico/02_Tratados_internacionales/Comercio_exterior_paises_con_tratados_firmados/Tratdos_firmados_con_méxico/América_latina/Asia_pacífico/SE_5_Visita_WashingtonD_C__cierre.pdf,8553,0.01,2025-10-14T17:19:00,2025-10-16T15:10:15.879905,.pdf,0b8e5c51fe3ab218150fd46c7d45e4f0
SE_texto_acuerdo_Japon.pdf,/home/elias/Documentos/Embeddings/SIEM/SIEM/Marco_jurídico/02_Tratados_internacionales/Comercio_exterior_paises_con_tratados_firmados/Tratdos_firmados_con_méxico/América_latina/Asia_pacífico/SE_texto_acuerdo_Japon.pdf,SIEM/Marco_jurídico/02_Tratados_internacionales/Comercio_exterior_paises_con_tratados_firmados/Tratdos_firmados_con_méxico/América_latina/Asia_pacífico/SE_texto_acuerdo_Japon.pdf,319869,0.31,2025-10-14T17:32:20,2025-10-16T15:10:15.990637,.pdf,88b3868473f7409c9de38f11099762b4
SE_anexo_05_Japon.pdf,/home/elias/Documentos/Embeddings/SIEM/SIEM/Marco_jurídico/02_Tratados_internacionales/Comercio_exterior_paises_con_tratados_firmados/Tratdos_firmados_con_méxico/América_latina/Asia_pacífico/SE_anexo_05_Japon.pdf,SIEM/Marco_jurídico/02_Tratados_internacionales/Comercio_exterior_paises_con_tratados_firmados/Tratdos_firmados_con_méxico/América_latina/Asia_pacífico/SE_anexo_05_Japon.pdf,10619,0.01,2025-10-14T17:32:18,2025-10-16T15:10:15.900662,.pdf,eb21dd30031ad70c782a9ac32a44cb32
TPP_resumen_ejecutivo.pdf,/home/elias/Documentos/Embeddings/SIEM/SIEM/Marco_jurídico/02_Tratados_internacionales/Comercio_exterior_paises_con_tratados_firmados/Tratdos_firmados_con_méxico/América_latina/Asia_pacífico/TPP_resumen_ejecutivo.pdf,SIEM/Marco_jurídico/02_Tratados_internacionales/Comercio_exterior_paises_con_tratados_firmados/Tratdos_firmados_con_méxico/América_latina/Asia_pacífico/TPP_resumen_ejecutivo.pdf,366042,0.35,2025-10-14T17:19:00,2025-10-16T15:10:16.012354,.pdf,58cad9f4b4816bb08c5729eb0eb79d5a
SE_Corea_esp-firma.pdf,/home/elias/Documentos/Embeddings/SIEM/SIEM/Marco_jurídico/02_Tratados_internacionales/Comercio_exterior_paises_con_tratados_firmados/Tratdos_firmados_con_méxico/América_latina/Asia_pacífico/SE_Corea_esp-firma.pdf,SIEM/Marco_jurídico/02_Tratados_internacionales/Comercio_exterior_paises_con_tratados_firmados/Tratdos_firmados_con_méxico/América_latina/Asia_pacífico/SE_Corea_esp-firma.pdf,74735,0.07,2025-10-14T17:16:44,2025-10-16T15:10:15.930209,.pdf,925283d733844d142e02c397864bbe6b
SE_anexo_01_sec1_Japon.pdf,/home/elias/Documentos/Embeddings/SIEM/SIEM/Marco_jurídico/02_Tratados_internacionales/Comercio_exterior_paises_con_tratados_firmados/Tratdos_firmados_con_méxico/América_latina/Asia_pacífico/SE_anexo_01_sec1_Japon.pdf,SIEM/Marco_jurídico/02_Tratados_internacionales/Comercio_exterior_paises_con_tratados_firmados/Tratdos_firmados_con_méxico/América_latina/Asia_pacífico/SE_anexo_01_sec1_Japon.pdf,26577,0.03,2025-10-14T17:32:20,2025-10-16T15:10:15.891555,.pdf,1d3b73343c3f9e0f5dcbce345a08480f
SE_India_esp-firma.pdf,/home/elias/Documentos/Embeddings/SIEM/SIEM/Marco_jurídico/02_Tratados_internacionales/Comercio_exterior_paises_con_tratados_firmados/Tratdos_firmados_con_méxico/América_latina/Asia_pacífico/SE_India_esp-firma.pdf,SIEM/Marco_jurídico/02_Tratados_internacionales/Comercio_exterior_paises_con_tratados_firmados/Tratdos_firmados_con_méxico/América_latina/Asia_pacífico/SE_India_esp-firma.pdf,103241,0.1,2025-10-14T17:17:00,2025-10-16T15:10:15.951251,.pdf,c73eba0757a5c93702d18d6a183b45e7
SE_anexo_01_sec3-1_Japon.pdf,/home/elias/Documentos/Embeddings/SIEM/SIEM/Marco_jurídico/02_Tratados_internacionales/Comercio_exterior_paises_con_tratados_firmados/Tratdos_firmados_con_méxico/América_latina/Asia_pacífico/SE_anexo_01_sec3-1_Japon.pdf,SIEM/Marco_jurídico/02_Tratados_internacionales/Comercio_exterior_paises_con_tratados_firmados/Tratdos_firmados_con_méxico/América_latina/Asia_pacífico/SE_anexo_01_sec3-1_Japon.pdf,46834,0.04,2025-10-14T17:32:20,2025-10-16T15:10:15.894910,.pdf,97c121bedad593401ea1e35def244f6b
SE_Japon_anexo_09.pdf,/home/elias/Documentos/Embeddings/SIEM/SIEM/Marco_jurídico/02_Tratados_internacionales/Comercio_exterior_paises_con_tratados_firmados/Tratdos_firmados_con_méxico/América_latina/Asia_pacífico/SE_Japon_anexo_09.pdf,SIEM/Marco_jurídico/02_Tratados_internacionales/Comercio_exterior_paises_con_tratados_firmados/Tratdos_firmados_con_méxico/América_latina/Asia_pacífico/SE_Japon_anexo_09.pdf,20835,0.02,2025-10-14T17:32:18,2025-10-16T15:10:15.953287,.pdf,061253dab865a3348c96f6821252a9cc
SE_acuerdo_implementacion_Japon.pdf,/home/elias/Documentos/Embeddings/SIEM/SIEM/Marco_jurídico/02_Tratados_internacionales/Comercio_exterior_paises_con_tratados_firmados/Tratdos_firmados_con_méxico/América_latina/Asia_pacífico/SE_acuerdo_implementacion_Japon.pdf,SIEM/Marco_jurídico/02_Tratados_internacionales/Comercio_exterior_paises_con_tratados_firmados/Tratdos_firmados_con_méxico/América_latina/Asia_pacífico/SE_acuerdo_implementacion_Japon.pdf,51203,0.05,2025-10-14T17:32:20,2025-10-16T15:10:15.890601,.pdf,621bc3261564f4ef986382aca13c3570
SE_outlines_tpp.pdf,/home/elias/Documentos/Embeddings/SIEM/SIEM/Marco_jurídico/02_Tratados_internacionales/Comercio_exterior_paises_con_tratados_firmados/Tratdos_firmados_con_méxico/América_latina/Asia_pacífico/SE_outlines_tpp.pdf,SIEM/Marco_jurídico/02_Tratados_internacionales/Comercio_exterior_paises_con_tratados_firmados/Tratdos_firmados_con_méxico/América_latina/Asia_pacífico/SE_outlines_tpp.pdf,113789,0.11,2025-10-14T17:19:00,2025-10-16T15:10:15.958654,.pdf,93b651218ff18af083da11ed322c7596
SE_Australia_esp2.pdf,/home/elias/Documentos/Embeddings/SIEM/SIEM/Marco_jurídico/02_Tratados_internacionales/Comercio_exterior_paises_con_tratados_firmados/Tratdos_firmados_con_méxico/América_latina/Asia_pacífico/SE_Australia_esp2.pdf,SIEM/Marco_jurídico/02_Tratados_internacionales/Comercio_exterior_paises_con_tratados_firmados/Tratdos_firmados_con_méxico/América_latina/Asia_pacífico/SE_Australia_esp2.pdf,85585,0.08,2025-10-14T17:16:36,2025-10-16T15:10:15.924194,.pdf,664cf19010dcfbd45430e63b21a11229
SE_trade_ministers_report_leaders_tpp.pdf,/home/elias/Documentos/Embeddings/SIEM/SIEM/Marco_jurídico/02_Tratados_internacionales/Comercio_exterior_paises_con_tratados_firmados/Tratdos_firmados_con_méxico/América_latina/Asia_pacífico/SE_trade_ministers_report_leaders_tpp.pdf,SIEM/Marco_jurídico/02_Tratados_internacionales/Comercio_exterior_paises_con_tratados_firmados/Tratdos_firmados_con_méxico/América_latina/Asia_pacífico/SE_trade_ministers_report_leaders_tpp.pdf,195299,0.19,2025-10-14T17:19:00,2025-10-16T15:10:16.002631,.pdf,de4b7a07e27f6fab37bc4478ea6e555f
SE_anexo_16_Japon.pdf,/home/elias/Documentos/Embeddings/SIEM/SIEM/Marco_jurídico/02_Tratados_internacionales/Comercio_exterior_paises_con_tratados_firmados/Tratdos_firmados_con_méxico/América_latina/Asia_pacífico/SE_anexo_16_Japon.pdf,SIEM/Marco_jurídico/02_Tratados_internacionales/Comercio_exterior_paises_con_tratados_firmados/Tratdos_firmados_con_méxico/América_latina/Asia_pacífico/SE_anexo_16_Japon.pdf,39997,0.04,2025-10-14T17:32:18,2025-10-16T15:10:15.913967,.pdf,ec78bc33711e18c51e9698eb0426c571
SE_China_esp-firma.pdf,/home/elias/Documentos/Embeddings/SIEM/SIEM/Marco_jurídico/02_Tratados_internacionales/Comercio_exterior_paises_con_tratados_firmados/Tratdos_firmados_con_méxico/América_latina/Asia_pacífico/SE_China_esp-firma.pdf,SIEM/Marco_jurídico/02_Tratados_internacionales/Comercio_exterior_paises_con_tratados_firmados/Tratdos_firmados_con_méxico/América_latina/Asia_pacífico/SE_China_esp-firma.pdf,132149,0.13,2025-10-14T17:16:50,2025-10-16T15:10:15.927986,.pdf,56284efea29219f957f05766edc46ffa
VI_Protocolo_Adicional_al_Ap_ndice_I_Sobre_el_Comercio_en_el_Sector_Automotor_entre_la_Argentina_y_M_xico.pdf,/home/elias/Documentos/Embeddings/SIEM/SIEM/Marco_jurídico/02_Tratados_internacionales/Comercio_exterior_paises_con_tratados_firmados/Tratdos_firmados_con_méxico/América_latina/Mercosur/VI_Protocolo_Adicional_al_Ap_ndice_I_Sobre_el_Comercio_en_el_Sector_Automotor_entre_la_Argentina_y_M_xico.pdf,SIEM/Marco_jurídico/02_Tratados_internacionales/Comercio_exterior_paises_con_tratados_firmados/Tratdos_firmados_con_méxico/América_latina/Mercosur/VI_Protocolo_Adicional_al_Ap_ndice_I_Sobre_el_Comercio_en_el_Sector_Automotor_entre_la_Argentina_y_M_xico.pdf,117205,0.11,2025-10-14T15:47:36,2025-10-16T15:10:29.359666,.pdf,a998356fa66e8deb402ed57ed64d85ec
SE_04_ACE-55_Tercer_Protocolo_Adicional_Apendice_IV.pdf,/home/elias/Documentos/Embeddings/SIEM/SIEM/Marco_jurídico/02_Tratados_internacionales/Comercio_exterior_paises_con_tratados_firmados/Tratdos_firmados_con_méxico/América_latina/Mercosur/SE_04_ACE-55_Tercer_Protocolo_Adicional_Apendice_IV.pdf,SIEM/Marco_jurídico/02_Tratados_internacionales/Comercio_exterior_paises_con_tratados_firmados/Tratdos_firmados_con_méxico/América_latina/Mercosur/SE_04_ACE-55_Tercer_Protocolo_Adicional_Apendice_IV.pdf,180382,0.17,2025-10-14T15:47:36,2025-10-16T15:10:29.161998,.pdf,5a75e4ecdff134e1fe53e8cae4f8c2c1
SE_10_ACE-55_Tercer_Protocolo_Adicional_Apendice_I.pdf,/home/elias/Documentos/Embeddings/SIEM/SIEM/Marco_jurídico/02_Tratados_internacionales/Comercio_exterior_paises_con_tratados_firmados/Tratdos_firmados_con_méxico/América_latina/Mercosur/SE_10_ACE-55_Tercer_Protocolo_Adicional_Apendice_I.pdf,SIEM/Marco_jurídico/02_Tratados_internacionales/Comercio_exterior_paises_con_tratados_firmados/Tratdos_firmados_con_méxico/América_latina/Mercosur/SE_10_ACE-55_Tercer_Protocolo_Adicional_Apendice_I.pdf,148065,0.14,2025-10-14T15:47:38,2025-10-16T15:10:29.271138,.pdf,e4d0aa506abf088c49e6421fade4f7de
SE_02_ACE-55_Acuerdo_entrada_en_vigor.pdf,/home/elias/Documentos/Embeddings/SIEM/SIEM/Marco_jurídico/02_Tratados_internacionales/Comercio_exterior_paises_con_tratados_firmados/Tratdos_firmados_con_méxico/América_latina/Mercosur/SE_02_ACE-55_Acuerdo_entrada_en_vigor.pdf,SIEM/Marco_jurídico/02_Tratados_internacionales/Comercio_exterior_paises_con_tratados_firmados/Tratdos_firmados_con_méxico/América_latina/Mercosur/SE_02_ACE-55_Acuerdo_entrada_en_vigor.pdf,12986,0.01,2025-10-14T15:47:38,2025-10-16T15:10:29.102525,.pdf,db4602c034be744fb80a148558348100
SE_05_ACE-55_Acuerdo_preferencias_arancelarias_Apendice_IV.pdf,/home/elias/Documentos/Embeddings/SIEM/SIEM/Marco_jurídico/02_Tratados_internacionales/Comercio_exterior_paises_con_tratados_firmados/Tratdos_firmados_con_méxico/América_latina/Mercosur/SE_05_ACE-55_Acuerdo_preferencias_arancelarias_Apendice_IV.pdf,SIEM/Marco_jurídico/02_Tratados_internacionales/Comercio_exterior_paises_con_tratados_firmados/Tratdos_firmados_con_méxico/América_latina/Mercosur/SE_05_ACE-55_Acuerdo_preferencias_arancelarias_Apendice_IV.pdf,551961,0.53,2025-10-14T15:47:36,2025-10-16T15:10:29.176226,.pdf,b11f910541551cdbbfa75f65c3d8e198
SE_02_ACE-55_Primer_Protocolo_Adicional_Apendice_I.pdf,/home/elias/Documentos/Embeddings/SIEM/SIEM/Marco_jurídico/02_Tratados_internacionales/Comercio_exterior_paises_con_tratados_firmados/Tratdos_firmados_con_méxico/América_latina/Mercosur/SE_02_ACE-55_Primer_Protocolo_Adicional_Apendice_I.pdf,SIEM/Marco_jurídico/02_Tratados_internacionales/Comercio_exterior_paises_con_tratados_firmados/Tratdos_firmados_con_méxico/América_latina/Mercosur/SE_02_ACE-55_Primer_Protocolo_Adicional_Apendice_I.pdf,148614,0.14,2025-10-14T15:47:38,2025-10-16T15:10:29.121870,.pdf,33020374edb27ac457309f675f6f755e
SE_08_ACE-55_Modificacion_Segundo_Protocolo_Adicional_Apendice_I.pdf,/home/elias/Documentos/Embeddings/SIEM/SIEM/Marco_jurídico/02_Tratados_internacionales/Comercio_exterior_paises_con_tratados_firmados/Tratdos_firmados_con_méxico/América_latina/Mercosur/SE_08_ACE-55_Modificacion_Segundo_Protocolo_Adicional_Apendice_I.pdf,SIEM/Marco_jurídico/02_Tratados_internacionales/Comercio_exterior_paises_con_tratados_firmados/Tratdos_firmados_con_méxico/América_latina/Mercosur/SE_08_ACE-55_Modificacion_Segundo_Protocolo_Adicional_Apendice_I.pdf,130835,0.12,2025-10-14T15:47:40,2025-10-16T15:10:29.250909,.pdf,5a2abb83827a4925b9e927798aa6a839
SE_03_ACE-55_Decreto_aplicacion_Primer_Protocolo_Adicional_Apend.pdf,/home/elias/Documentos/Embeddings/SIEM/SIEM/Marco_jurídico/02_Tratados_internacionales/Comercio_exterior_paises_con_tratados_firmados/Tratdos_firmados_con_méxico/América_latina/Mercosur/SE_03_ACE-55_Decreto_aplicacion_Primer_Protocolo_Adicional_Apend.pdf,SIEM/Marco_jurídico/02_Tratados_internacionales/Comercio_exterior_paises_con_tratados_firmados/Tratdos_firmados_con_méxico/América_latina/Mercosur/SE_03_ACE-55_Decreto_aplicacion_Primer_Protocolo_Adicional_Apend.pdf,77783,0.07,2025-10-14T15:47:38,2025-10-16T15:10:29.140548,.pdf,15ad779c14679963a169563c62b03054
SE_06_ACE-55_Segundo_Protocolo_Adicional.pdf,/home/elias/Documentos/Embeddings/SIEM/SIEM/Marco_jurídico/02_Tratados_internacionales/Comercio_exterior_paises_con_tratados_firmados/Tratdos_firmados_con_méxico/América_latina/Mercosur/SE_06_ACE-55_Segundo_Protocolo_Adicional.pdf,SIEM/Marco_jurídico/02_Tratados_internacionales/Comercio_exterior_paises_con_tratados_firmados/Tratdos_firmados_con_méxico/América_latina/Mercosur/SE_06_ACE-55_Segundo_Protocolo_Adicional.pdf,135440,0.13,2025-10-14T15:47:40,2025-10-16T15:10:29.206284,.pdf,e14eeab7c6eb982fe4d0c18fabf67240
SE_04_ACE-55_Aviso_entrada_Primer_Protocolo_Adicional.pdf,/home/elias/Documentos/Embeddings/SIEM/SIEM/Marco_jurídico/02_Tratados_internacionales/Comercio_exterior_paises_con_tratados_firmados/Tratdos_firmados_con_méxico/América_latina/Mercosur/SE_04_ACE-55_Aviso_entrada_Primer_Protocolo_Adicional.pdf,SIEM/Marco_jurídico/02_Tratados_internacionales/Comercio_exterior_paises_con_tratados_firmados/Tratdos_firmados_con_méxico/América_latina/Mercosur/SE_04_ACE-55_Aviso_entrada_Primer_Protocolo_Adicional.pdf,12472,0.01,2025-10-14T15:47:38,2025-10-16T15:10:29.147176,.pdf,716bebc92df74eda94c38b71e27f270a
SE_02_ACE-55_Primer_Protocolo_Adicional_Apendice_II.pdf,/home/elias/Documentos/Embeddings/SIEM/SIEM/Marco_jurídico/02_Tratados_internacionales/Comercio_exterior_paises_con_tratados_firmados/Tratdos_firmados_con_méxico/América_latina/Mercosur/SE_02_ACE-55_Primer_Protocolo_Adicional_Apendice_II.pdf,SIEM/Marco_jurídico/02_Tratados_internacionales/Comercio_exterior_paises_con_tratados_firmados/Tratdos_firmados_con_méxico/América_latina/Mercosur/SE_02_ACE-55_Primer_Protocolo_Adicional_Apendice_II.pdf,70619,0.07,2025-10-14T15:47:38,2025-10-16T15:10:29.123870,.pdf,63312506ce6d645ed623fdf565609ef0
SE_08_ACE-55_Aviso_entrada_Mexico-Argentina_PrimerProtocolo.pdf,/home/elias/Documentos/Embeddings/SIEM/SIEM/Marco_jurídico/02_Tratados_internacionales/Comercio_exterior_paises_con_tratados_firmados/Tratdos_firmados_con_méxico/América_latina/Mercosur/SE_08_ACE-55_Aviso_entrada_Mexico-Argentina_PrimerProtocolo.pdf,SIEM/Marco_jurídico/02_Tratados_internacionales/Comercio_exterior_paises_con_tratados_firmados/Tratdos_firmados_con_méxico/América_latina/Mercosur/SE_08_ACE-55_Aviso_entrada_Mexico-Argentina_PrimerProtocolo.pdf,11761,0.01,2025-10-14T15:47:40,2025-10-16T15:10:29.247373,.pdf,f6b169514a650c1c58bdcddca54115c4
SE_10_ACE-55_Tercer-Cuarto_Protocolo_Adicional.pdf,/home/elias/Documentos/Embeddings/SIEM/SIEM/Marco_jurídico/02_Tratados_internacionales/Comercio_exterior_paises_con_tratados_firmados/Tratdos_firmados_con_méxico/América_latina/Mercosur/SE_10_ACE-55_Tercer-Cuarto_Protocolo_Adicional.pdf,SIEM/Marco_jurídico/02_Tratados_internacionales/Comercio_exterior_paises_con_tratados_firmados/Tratdos_firmados_con_méxico/América_latina/Mercosur/SE_10_ACE-55_Tercer-Cuarto_Protocolo_Adicional.pdf,144455,0.14,2025-10-14T15:47:38,2025-10-16T15:10:29.267165,.pdf,28c7a8394091ea5dd5579e9c1bc4e4b7
SE_11_ACE-55_Aviso_entrada_vigor_Mexico-Argentina_Tercer-Cuarto_.pdf,/home/elias/Documentos/Embeddings/SIEM/SIEM/Marco_jurídico/02_Tratados_internacionales/Comercio_exterior_paises_con_tratados_firmados/Tratdos_firmados_con_méxico/América_latina/Mercosur/SE_11_ACE-55_Aviso_entrada_vigor_Mexico-Argentina_Tercer-Cuarto_.pdf,SIEM/Marco_jurídico/02_Tratados_internacionales/Comercio_exterior_paises_con_tratados_firmados/Tratdos_firmados_con_méxico/América_latina/Mercosur/SE_11_ACE-55_Aviso_entrada_vigor_Mexico-Argentina_Tercer-Cuarto_.pdf,15783,0.02,2025-10-14T15:47:38,2025-10-16T15:10:29.271784,.pdf,ce79aa95ccaf731bb76e37970f02c2f1
SE_11_ACE-55_Decreto_aplicacion_Tercer_Protocolo_Adicional_Apend.pdf,/home/elias/Documentos/Embeddings/SIEM/SIEM/Marco_jurídico/02_Tratados_internacionales/Comercio_exterior_paises_con_tratados_firmados/Tratdos_firmados_con_méxico/América_latina/Mercosur/SE_11_ACE-55_Decreto_aplicacion_Tercer_Protocolo_Adicional_Apend.pdf,SIEM/Marco_jurídico/02_Tratados_internacionales/Comercio_exterior_paises_con_tratados_firmados/Tratdos_firmados_con_méxico/América_latina/Mercosur/SE_11_ACE-55_Decreto_aplicacion_Tercer_Protocolo_Adicional_Apend.pdf,131005,0.12,2025-10-14T15:47:38,2025-10-16T15:10:29.275275,.pdf,3676d35d91f7c53363bbd973763703ec
SE_07_ACE-55_Decreto_aplicacion_Apendice_I.pdf,/home/elias/Documentos/Embeddings/SIEM/SIEM/Marco_jurídico/02_Tratados_internacionales/Comercio_exterior_paises_con_tratados_firmados/Tratdos_firmados_con_méxico/América_latina/Mercosur/SE_07_ACE-55_Decreto_aplicacion_Apendice_I.pdf,SIEM/Marco_jurídico/02_Tratados_internacionales/Comercio_exterior_paises_con_tratados_firmados/Tratdos_firmados_con_méxico/América_latina/Mercosur/SE_07_ACE-55_Decreto_aplicacion_Apendice_I.pdf,508142,0.48,2025-10-14T15:47:40,2025-10-16T15:10:29.225234,.pdf,54407199ca2f0ea921bfbac5243fb74b
SE_08_ACE-55_Acuerdo_preferencias_arancelarias_Apendice_II.pdf,/home/elias/Documentos/Embeddings/SIEM/SIEM/Marco_jurídico/02_Tratados_internacionales/Comercio_exterior_paises_con_tratados_firmados/Tratdos_firmados_con_méxico/América_latina/Mercosur/SE_08_ACE-55_Acuerdo_preferencias_arancelarias_Apendice_II.pdf,SIEM/Marco_jurídico/02_Tratados_internacionales/Comercio_exterior_paises_con_tratados_firmados/Tratdos_firmados_con_méxico/América_latina/Mercosur/SE_08_ACE-55_Acuerdo_preferencias_arancelarias_Apendice_II.pdf,756350,0.72,2025-10-14T15:47:40,2025-10-16T15:10:29.246781,.pdf,fc0cd07e09d5ef8175909e17a989dc80
SE_06_ACE-55_Acuerdo_modificatorio_Segundo_Protocolo_Adicional_A.pdf,/home/elias/Documentos/Embeddings/SIEM/SIEM/Marco_jurídico/02_Tratados_internacionales/Comercio_exterior_paises_con_tratados_firmados/Tratdos_firmados_con_méxico/América_latina/Mercosur/SE_06_ACE-55_Acuerdo_modificatorio_Segundo_Protocolo_Adicional_A.pdf,SIEM/Marco_jurídico/02_Tratados_internacionales/Comercio_exterior_paises_con_tratados_firmados/Tratdos_firmados_con_méxico/América_latina/Mercosur/SE_06_ACE-55_Acuerdo_modificatorio_Segundo_Protocolo_Adicional_A.pdf,207688,0.2,2025-10-14T15:47:40,2025-10-16T15:10:29.198329,.pdf,1cbfc836168fd6e0490896e366cc06c8
imagen_ACE_055_002_Rectificado.pdf,/home/elias/Documentos/Embeddings/SIEM/SIEM/Marco_jurídico/02_Tratados_internacionales/Comercio_exterior_paises_con_tratados_firmados/Tratdos_firmados_con_méxico/América_latina/Mercosur/imagen_ACE_055_002_Rectificado.pdf,SIEM/Marco_jurídico/02_Tratados_internacionales/Comercio_exterior_paises_con_tratados_firmados/Tratdos_firmados_con_méxico/América_latina/Mercosur/imagen_ACE_055_002_Rectificado.pdf,108710,0.1,2025-10-14T15:43:16,2025-10-16T15:10:29.063571,.pdf,dfb1ad0d4813d730cd9f3582d0448f9e
SE_ACE_54_Mexico-Mercosur.pdf,/home/elias/Documentos/Embeddings/SIEM/SIEM/Marco_jurídico/02_Tratados_internacionales/Comercio_exterior_paises_con_tratados_firmados/Tratdos_firmados_con_méxico/América_latina/Mercosur/SE_ACE_54_Mexico-Mercosur.pdf,SIEM/Marco_jurídico/02_Tratados_internacionales/Comercio_exterior_paises_con_tratados_firmados/Tratdos_firmados_con_méxico/América_latina/Mercosur/SE_ACE_54_Mexico-Mercosur.pdf,37377,0.04,2025-10-14T15:43:12,2025-10-16T15:10:29.290121,.pdf,d0e28b09a4477f389311cdb60a413893
SE_01_ACE-55.pdf,/home/elias/Documentos/Embeddings/SIEM/SIEM/Marco_jurídico/02_Tratados_internacionales/Comercio_exterior_paises_con_tratados_firmados/Tratdos_firmados_con_méxico/América_latina/Mercosur/SE_01_ACE-55.pdf,SIEM/Marco_jurídico/02_Tratados_internacionales/Comercio_exterior_paises_con_tratados_firmados/Tratdos_firmados_con_méxico/América_latina/Mercosur/SE_01_ACE-55.pdf,622184,0.59,2025-10-14T15:47:38,2025-10-16T15:10:29.082541,.pdf,9c2a894c4ba59161f05758240ea58c2e
imagen_ACE_055_003.pdf,/home/elias/Documentos/Embeddings/SIEM/SIEM/Marco_jurídico/02_Tratados_internacionales/Comercio_exterior_paises_con_tratados_firmados/Tratdos_firmados_con_méxico/América_latina/Mercosur/imagen_ACE_055_003.pdf,SIEM/Marco_jurídico/02_Tratados_internacionales/Comercio_exterior_paises_con_tratados_firmados/Tratdos_firmados_con_méxico/América_latina/Mercosur/imagen_ACE_055_003.pdf,49853,0.05,2025-10-14T15:43:16,2025-10-16T15:10:29.065072,.pdf,40f647bd4c76175fdf6e2dfae8ce639d
SE_03_ACE-55_Primer_Protocolo_Adicional.pdf,/home/elias/Documentos/Embeddings/SIEM/SIEM/Marco_jurídico/02_Tratados_internacionales/Comercio_exterior_paises_con_tratados_firmados/Tratdos_firmados_con_méxico/América_latina/Mercosur/SE_03_ACE-55_Primer_Protocolo_Adicional.pdf,SIEM/Marco_jurídico/02_Tratados_internacionales/Comercio_exterior_paises_con_tratados_firmados/Tratdos_firmados_con_méxico/América_latina/Mercosur/SE_03_ACE-55_Primer_Protocolo_Adicional.pdf,138639,0.13,2025-10-14T15:47:38,2025-10-16T15:10:29.144257,.pdf,118da291ea9ceab0e3f65ecaac9f1bba
SE_09_ACE-55_Tercer_Protocolo_Adicional-Apendice_II.pdf,/home/elias/Documentos/Embeddings/SIEM/SIEM/Marco_jurídico/02_Tratados_internacionales/Comercio_exterior_paises_con_tratados_firmados/Tratdos_firmados_con_méxico/América_latina/Mercosur/SE_09_ACE-55_Tercer_Protocolo_Adicional-Apendice_II.pdf,SIEM/Marco_jurídico/02_Tratados_internacionales/Comercio_exterior_paises_con_tratados_firmados/Tratdos_firmados_con_méxico/América_latina/Mercosur/SE_09_ACE-55_Tercer_Protocolo_Adicional-Apendice_II.pdf,212408,0.2,2025-10-14T15:47:38,2025-10-16T15:10:29.263323,.pdf,41831fd56dd935e0d7080c8f131165dc
SE_07_ACE-55_Aviso_entrada_Mexico-Brasil_PrimerProtocolo.pdf,/home/elias/Documentos/Embeddings/SIEM/SIEM/Marco_jurídico/02_Tratados_internacionales/Comercio_exterior_paises_con_tratados_firmados/Tratdos_firmados_con_méxico/América_latina/Mercosur/SE_07_ACE-55_Aviso_entrada_Mexico-Brasil_PrimerProtocolo.pdf,SIEM/Marco_jurídico/02_Tratados_internacionales/Comercio_exterior_paises_con_tratados_firmados/Tratdos_firmados_con_méxico/América_latina/Mercosur/SE_07_ACE-55_Aviso_entrada_Mexico-Brasil_PrimerProtocolo.pdf,234129,0.22,2025-10-14T15:47:40,2025-10-16T15:10:29.212319,.pdf,bd065f7f9c6a863e6b358e0e203ae285
SE_09_ACE-55_Decreto_abrogatorio_ApendicesI-II-IV.pdf,/home/elias/Documentos/Embeddings/SIEM/SIEM/Marco_jurídico/02_Tratados_internacionales/Comercio_exterior_paises_con_tratados_firmados/Tratdos_firmados_con_méxico/América_latina/Mercosur/SE_09_ACE-55_Decreto_abrogatorio_ApendicesI-II-IV.pdf,SIEM/Marco_jurídico/02_Tratados_internacionales/Comercio_exterior_paises_con_tratados_firmados/Tratdos_firmados_con_méxico/América_latina/Mercosur/SE_09_ACE-55_Decreto_abrogatorio_ApendicesI-II-IV.pdf,15366,0.01,2025-10-14T15:47:38,2025-10-16T15:10:29.251563,.pdf,f5bf7db154ee16922ccd145f15a78e9f
SE_05_ACE-55_Segundo_Protocolo_Adicional_Apendice_I.pdf,/home/elias/Documentos/Embeddings/SIEM/SIEM/Marco_jurídico/02_Tratados_internacionales/Comercio_exterior_paises_con_tratados_firmados/Tratdos_firmados_con_méxico/América_latina/Mercosur/SE_05_ACE-55_Segundo_Protocolo_Adicional_Apendice_I.pdf,SIEM/Marco_jurídico/02_Tratados_internacionales/Comercio_exterior_paises_con_tratados_firmados/Tratdos_firmados_con_méxico/América_latina/Mercosur/SE_05_ACE-55_Segundo_Protocolo_Adicional_Apendice_I.pdf,142066,0.14,2025-10-14T15:47:40,2025-10-16T15:10:29.192901,.pdf,706e948698398140a34f2c9e184e2588
SE_07_ACE-55_Decreto_modificatorio_Segundo_Protocolo_Adicional_A.pdf,/home/elias/Documentos/Embeddings/SIEM/SIEM/Marco_jurídico/02_Tratados_internacionales/Comercio_exterior_paises_con_tratados_firmados/Tratdos_firmados_con_méxico/América_latina/Mercosur/SE_07_ACE-55_Decreto_modificatorio_Segundo_Protocolo_Adicional_A.pdf,SIEM/Marco_jurídico/02_Tratados_internacionales/Comercio_exterior_paises_con_tratados_firmados/Tratdos_firmados_con_méxico/América_latina/Mercosur/SE_07_ACE-55_Decreto_modificatorio_Segundo_Protocolo_Adicional_A.pdf,75588,0.07,2025-10-14T15:47:40,2025-10-16T15:10:29.227369,.pdf,eae1749084c8ba404880326afed686ab
SE_03_ACE-55_Decreto_aplicacion_Apendice_II.pdf,/home/elias/Documentos/Embeddings/SIEM/SIEM/Marco_jurídico/02_Tratados_internacionales/Comercio_exterior_paises_con_tratados_firmados/Tratdos_firmados_con_méxico/América_latina/Mercosur/SE_03_ACE-55_Decreto_aplicacion_Apendice_II.pdf,SIEM/Marco_jurídico/02_Tratados_internacionales/Comercio_exterior_paises_con_tratados_firmados/Tratdos_firmados_con_méxico/América_latina/Mercosur/SE_03_ACE-55_Decreto_aplicacion_Apendice_II.pdf,564839,0.54,2025-10-14T15:47:38,2025-10-16T15:10:29.138375,.pdf,e8fbfe08792c50768413074b63a5c62f
SE_05_ACE-55_Decreto_aplicacion_Segundo_Protocolo_Adicional_Apen.pdf,/home/elias/Documentos/Embeddings/SIEM/SIEM/Marco_jurídico/02_Tratados_internacionales/Comercio_exterior_paises_con_tratados_firmados/Tratdos_firmados_con_méxico/América_latina/Mercosur/SE_05_ACE-55_Decreto_aplicacion_Segundo_Protocolo_Adicional_Apen.pdf,SIEM/Marco_jurídico/02_Tratados_internacionales/Comercio_exterior_paises_con_tratados_firmados/Tratdos_firmados_con_méxico/América_latina/Mercosur/SE_05_ACE-55_Decreto_aplicacion_Segundo_Protocolo_Adicional_Apen.pdf,484792,0.46,2025-10-14T15:47:40,2025-10-16T15:10:29.189082,.pdf,056fd4dd46086aa5bf8987b6a71085a7
imagen_ACE_055_004.pdf,/home/elias/Documentos/Embeddings/SIEM/SIEM/Marco_jurídico/02_Tratados_internacionales/Comercio_exterior_paises_con_tratados_firmados/Tratdos_firmados_con_méxico/América_latina/Mercosur/imagen_ACE_055_004.pdf,SIEM/Marco_jurídico/02_Tratados_internacionales/Comercio_exterior_paises_con_tratados_firmados/Tratdos_firmados_con_méxico/América_latina/Mercosur/imagen_ACE_055_004.pdf,47511,0.05,2025-10-14T15:50:26,2025-10-16T15:10:29.066517,.pdf,26ff9cc40d4c01e70b9b6431011522fc
SE_01_ACE-55_Decreto_aplicacion_Apendice_II.pdf,/home/elias/Documentos/Embeddings/SIEM/SIEM/Marco_jurídico/02_Tratados_internacionales/Comercio_exterior_paises_con_tratados_firmados/Tratdos_firmados_con_méxico/América_latina/Mercosur/SE_01_ACE-55_Decreto_aplicacion_Apendice_II.pdf,SIEM/Marco_jurídico/02_Tratados_internacionales/Comercio_exterior_paises_con_tratados_firmados/Tratdos_firmados_con_méxico/América_latina/Mercosur/SE_01_ACE-55_Decreto_aplicacion_Apendice_II.pdf,390105,0.37,2025-10-14T15:47:38,2025-10-16T15:10:29.096586,.pdf,0c4d1b2b0a31169615cb2742bd4e8095
SE_04_ACE-55_Segundo_Protocolo_Adicional_Apendice_II.pdf,/home/elias/Documentos/Embeddings/SIEM/SIEM/Marco_jurídico/02_Tratados_internacionales/Comercio_exterior_paises_con_tratados_firmados/Tratdos_firmados_con_méxico/América_latina/Mercosur/SE_04_ACE-55_Segundo_Protocolo_Adicional_Apendice_II.pdf,SIEM/Marco_jurídico/02_Tratados_internacionales/Comercio_exterior_paises_con_tratados_firmados/Tratdos_firmados_con_méxico/América_latina/Mercosur/SE_04_ACE-55_Segundo_Protocolo_Adicional_Apendice_II.pdf,247164,0.24,2025-10-14T15:47:36,2025-10-16T15:10:29.157259,.pdf,95cd3c666c908a0bc15aecd4b139e857
Tercer y cuarto protocolo adicional.pdf,/home/elias/Documentos/Embeddings/SIEM/SIEM/Marco_jurídico/02_Tratados_internacionales/Comercio_exterior_paises_con_tratados_firmados/Tratdos_firmados_con_méxico/América_latina/Mercosur/Tercer y cuarto protocolo adicional.pdf,SIEM/Marco_jurídico/02_Tratados_internacionales/Comercio_exterior_paises_con_tratados_firmados/Tratdos_firmados_con_méxico/América_latina/Mercosur/Tercer y cuarto protocolo adicional.pdf,1652552,1.58,2025-10-14T15:44:52,2025-10-16T15:10:29.356411,.pdf,d374d8fc67682d6f183f78f0709b2575
SE_05_ACE-55_Aviso_entrada_vigor_Mexico-Paraguay.pdf,/home/elias/Documentos/Embeddings/SIEM/SIEM/Marco_jurídico/02_Tratados_internacionales/Comercio_exterior_paises_con_tratados_firmados/Tratdos_firmados_con_méxico/América_latina/Mercosur/SE_05_ACE-55_Aviso_entrada_vigor_Mexico-Paraguay.pdf,SIEM/Marco_jurídico/02_Tratados_internacionales/Comercio_exterior_paises_con_tratados_firmados/Tratdos_firmados_con_méxico/América_latina/Mercosur/SE_05_ACE-55_Aviso_entrada_vigor_Mexico-Paraguay.pdf,12313,0.01,2025-10-14T15:47:40,2025-10-16T15:10:29.176799,.pdf,30899c6fd6cd5129a41606700ce3451d
imagen_ACE_055.pdf,/home/elias/Documentos/Embeddings/SIEM/SIEM/Marco_jurídico/02_Tratados_internacionales/Comercio_exterior_paises_con_tratados_firmados/Tratdos_firmados_con_méxico/América_latina/Mercosur/imagen_ACE_055.pdf,SIEM/Marco_jurídico/02_Tratados_internacionales/Comercio_exterior_paises_con_tratados_firmados/Tratdos_firmados_con_méxico/América_latina/Mercosur/imagen_ACE_055.pdf,600695,0.57,2025-10-14T15:43:14,2025-10-16T15:10:29.045914,.pdf,58a017eaf888624e37e603017dce7d87
S_ptimo_Protocolo_Adicional_Ap_ndice_II_ACE_55_DOF_-_Diario_Oficial_de_la_Federaci_n.pdf,/home/elias/Documentos/Embeddings/SIEM/SIEM/Marco_jurídico/02_Tratados_internacionales/Comercio_exterior_paises_con_tratados_firmados/Tratdos_firmados_con_méxico/América_latina/Mercosur/S_ptimo_Protocolo_Adicional_Ap_ndice_II_ACE_55_DOF_-_Diario_Oficial_de_la_Federaci_n.pdf,SIEM/Marco_jurídico/02_Tratados_internacionales/Comercio_exterior_paises_con_tratados_firmados/Tratdos_firmados_con_méxico/América_latina/Mercosur/S_ptimo_Protocolo_Adicional_Ap_ndice_II_ACE_55_DOF_-_Diario_Oficial_de_la_Federaci_n.pdf,976554,0.93,2025-10-14T15:47:36,2025-10-16T15:10:29.314936,.pdf,888e131d92bb6a615b7232ebafaa6a7d
SE_12_ACE-55_Acuerdo_preferencias_arancelarias_Apendice_I.pdf,/home/elias/Documentos/Embeddings/SIEM/SIEM/Marco_jurídico/02_Tratados_internacionales/Comercio_exterior_paises_con_tratados_firmados/Tratdos_firmados_con_méxico/América_latina/Mercosur/SE_12_ACE-55_Acuerdo_preferencias_arancelarias_Apendice_I.pdf,SIEM/Marco_jurídico/02_Tratados_internacionales/Comercio_exterior_paises_con_tratados_firmados/Tratdos_firmados_con_méxico/América_latina/Mercosur/SE_12_ACE-55_Acuerdo_preferencias_arancelarias_Apendice_I.pdf,530306,0.51,2025-10-14T15:47:38,2025-10-16T15:10:29.288919,.pdf,4b1d1ab4058124aa28cc16305a444e17
SE_09_ACE-55_Decreto_modificatorio_aplicacion_Apendice_I.pdf,/home/elias/Documentos/Embeddings/SIEM/SIEM/Marco_jurídico/02_Tratados_internacionales/Comercio_exterior_paises_con_tratados_firmados/Tratdos_firmados_con_méxico/América_latina/Mercosur/SE_09_ACE-55_Decreto_modificatorio_aplicacion_Apendice_I.pdf,SIEM/Marco_jurídico/02_Tratados_internacionales/Comercio_exterior_paises_con_tratados_firmados/Tratdos_firmados_con_méxico/América_latina/Mercosur/SE_09_ACE-55_Decreto_modificatorio_aplicacion_Apendice_I.pdf,131596,0.13,2025-10-14T15:47:38,2025-10-16T15:10:29.255127,.pdf,a253951ad293c37350fa3f0e581b7c33
SE_01_ACE-55_Primer_Protocolo_Adicional_Apendice_IV.pdf,/home/elias/Documentos/Embeddings/SIEM/SIEM/Marco_jurídico/02_Tratados_internacionales/Comercio_exterior_paises_con_tratados_firmados/Tratdos_firmados_con_méxico/América_latina/Mercosur/SE_01_ACE-55_Primer_Protocolo_Adicional_Apendice_IV.pdf,SIEM/Marco_jurídico/02_Tratados_internacionales/Comercio_exterior_paises_con_tratados_firmados/Tratdos_firmados_con_méxico/América_latina/Mercosur/SE_01_ACE-55_Primer_Protocolo_Adicional_Apendice_IV.pdf,200892,0.19,2025-10-14T15:47:38,2025-10-16T15:10:29.101913,.pdf,aabce03c3d15bbd3f902ea967952fff3
SE_06_ACE-55_Decreto_aplicacion_Segundo_Protocolo_Adicional_Apen.pdf,/home/elias/Documentos/Embeddings/SIEM/SIEM/Marco_jurídico/02_Tratados_internacionales/Comercio_exterior_paises_con_tratados_firmados/Tratdos_firmados_con_méxico/América_latina/Mercosur/SE_06_ACE-55_Decreto_aplicacion_Segundo_Protocolo_Adicional_Apen.pdf,SIEM/Marco_jurídico/02_Tratados_internacionales/Comercio_exterior_paises_con_tratados_firmados/Tratdos_firmados_con_méxico/América_latina/Mercosur/SE_06_ACE-55_Decreto_aplicacion_Segundo_Protocolo_Adicional_Apen.pdf,163849,0.16,2025-10-14T15:47:40,2025-10-16T15:10:29.202672,.pdf,accbc49c81e6e6c25f1cfb0b17a2f45b
SE_03_ACE-55_Segundo_Protocolo_Adicional_Apendice_IV.pdf,/home/elias/Documentos/Embeddings/SIEM/SIEM/Marco_jurídico/02_Tratados_internacionales/Comercio_exterior_paises_con_tratados_firmados/Tratdos_firmados_con_méxico/América_latina/Mercosur/SE_03_ACE-55_Segundo_Protocolo_Adicional_Apendice_IV.pdf,SIEM/Marco_jurídico/02_Tratados_internacionales/Comercio_exterior_paises_con_tratados_firmados/Tratdos_firmados_con_méxico/América_latina/Mercosur/SE_03_ACE-55_Segundo_Protocolo_Adicional_Apendice_IV.pdf,84768,0.08,2025-10-14T15:47:38,2025-10-16T15:10:29.146612,.pdf,4fc4688bb5a05370fe36258468b04d51
SE_04_ACE-55_Decreto_modificactorio_Primer_Protocolo_Adicional_A.pdf,/home/elias/Documentos/Embeddings/SIEM/SIEM/Marco_jurídico/02_Tratados_internacionales/Comercio_exterior_paises_con_tratados_firmados/Tratdos_firmados_con_méxico/América_latina/Mercosur/SE_04_ACE-55_Decreto_modificactorio_Primer_Protocolo_Adicional_A.pdf,SIEM/Marco_jurídico/02_Tratados_internacionales/Comercio_exterior_paises_con_tratados_firmados/Tratdos_firmados_con_méxico/América_latina/Mercosur/SE_04_ACE-55_Decreto_modificactorio_Primer_Protocolo_Adicional_A.pdf,137675,0.13,2025-10-14T15:47:36,2025-10-16T15:10:29.150892,.pdf,e03bffaaf23c7dac264c140f0d9dca1e
imagen_ACE_055_001.pdf,/home/elias/Documentos/Embeddings/SIEM/SIEM/Marco_jurídico/02_Tratados_internacionales/Comercio_exterior_paises_con_tratados_firmados/Tratdos_firmados_con_méxico/América_latina/Mercosur/imagen_ACE_055_001.pdf,SIEM/Marco_jurídico/02_Tratados_internacionales/Comercio_exterior_paises_con_tratados_firmados/Tratdos_firmados_con_méxico/América_latina/Mercosur/imagen_ACE_055_001.pdf,23097,0.02,2025-10-14T15:43:14,2025-10-16T15:10:29.046774,.pdf,059a45b42362eecff620527aab86cb01
SE_01_ACE-55_Decreto_aplicacion_ApendiceI.pdf,/home/elias/Documentos/Embeddings/SIEM/SIEM/Marco_jurídico/02_Tratados_internacionales/Comercio_exterior_paises_con_tratados_firmados/Tratdos_firmados_con_méxico/América_latina/Mercosur/SE_01_ACE-55_Decreto_aplicacion_ApendiceI.pdf,SIEM/Marco_jurídico/02_Tratados_internacionales/Comercio_exterior_paises_con_tratados_firmados/Tratdos_firmados_con_méxico/América_latina/Mercosur/SE_01_ACE-55_Decreto_aplicacion_ApendiceI.pdf,149327,0.14,2025-10-14T15:47:38,2025-10-16T15:10:29.086617,.pdf,ccdda9e515a830c1903430b7a27dc580
SE_02_ACE-55_Decreto_aplicacion_Apendice_IV.pdf,/home/elias/Documentos/Embeddings/SIEM/SIEM/Marco_jurídico/02_Tratados_internacionales/Comercio_exterior_paises_con_tratados_firmados/Tratdos_firmados_con_méxico/América_latina/Mercosur/SE_02_ACE-55_Decreto_aplicacion_Apendice_IV.pdf,SIEM/Marco_jurídico/02_Tratados_internacionales/Comercio_exterior_paises_con_tratados_firmados/Tratdos_firmados_con_méxico/América_latina/Mercosur/SE_02_ACE-55_Decreto_aplicacion_Apendice_IV.pdf,601496,0.57,2025-10-14T15:47:38,2025-10-16T15:10:29.117894,.pdf,06c03231b68ef0300bb39cd1ce30a49f
Anexo Reglas de Origen.pdf,/home/elias/Documentos/Embeddings/SIEM/SIEM/Marco_jurídico/02_Tratados_internacionales/Comercio_exterior_paises_con_tratados_firmados/Tratdos_firmados_con_méxico/América_latina/Iniciativas_regionales/Alianza_del_pacífico/Anexo Reglas de Origen.pdf,SIEM/Marco_jurídico/02_Tratados_internacionales/Comercio_exterior_paises_con_tratados_firmados/Tratdos_firmados_con_méxico/América_latina/Iniciativas_regionales/Alianza_del_pacífico/Anexo Reglas de Origen.pdf,4867090,4.64,2025-10-14T16:15:10,2025-10-16T15:10:23.008674,.pdf,659deb1f88f9eb4b41e411a6db6251b4
12_PASFTA_Telecomunicaciones.pdf,/home/elias/Documentos/Embeddings/SIEM/SIEM/Marco_jurídico/02_Tratados_internacionales/Comercio_exterior_paises_con_tratados_firmados/Tratdos_firmados_con_méxico/América_latina/Iniciativas_regionales/Alianza_del_pacífico/12_PASFTA_Telecomunicaciones.pdf,SIEM/Marco_jurídico/02_Tratados_internacionales/Comercio_exterior_paises_con_tratados_firmados/Tratdos_firmados_con_méxico/América_latina/Iniciativas_regionales/Alianza_del_pacífico/12_PASFTA_Telecomunicaciones.pdf,399729,0.38,2025-10-14T16:28:40,2025-10-16T15:10:22.562987,.pdf,4640ea74f7273084e7975ce653d8a998
18_PASFTA_Cooperaci_n_Econ_mica_y_Comercial.pdf,/home/elias/Documentos/Embeddings/SIEM/SIEM/Marco_jurídico/02_Tratados_internacionales/Comercio_exterior_paises_con_tratados_firmados/Tratdos_firmados_con_méxico/América_latina/Iniciativas_regionales/Alianza_del_pacífico/18_PASFTA_Cooperaci_n_Econ_mica_y_Comercial.pdf,SIEM/Marco_jurídico/02_Tratados_internacionales/Comercio_exterior_paises_con_tratados_firmados/Tratdos_firmados_con_méxico/América_latina/Iniciativas_regionales/Alianza_del_pacífico/18_PASFTA_Cooperaci_n_Econ_mica_y_Comercial.pdf,17702,0.02,2025-10-14T16:28:40,2025-10-16T15:10:22.634248,.pdf,6d3010b4c387327d203d7db65e5c1c5c
Declaraci_n.pdf,/home/elias/Documentos/Embeddings/SIEM/SIEM/Marco_jurídico/02_Tratados_internacionales/Comercio_exterior_paises_con_tratados_firmados/Tratdos_firmados_con_méxico/América_latina/Iniciativas_regionales/Alianza_del_pacífico/Declaraci_n.pdf,SIEM/Marco_jurídico/02_Tratados_internacionales/Comercio_exterior_paises_con_tratados_firmados/Tratdos_firmados_con_méxico/América_latina/Iniciativas_regionales/Alianza_del_pacífico/Declaraci_n.pdf,31032,0.03,2025-10-14T16:31:14,2025-10-16T15:10:23.390106,.pdf,82b7722b2be409471534e3daba1e0a97
imagen_OEA_AP.pdf,/home/elias/Documentos/Embeddings/SIEM/SIEM/Marco_jurídico/02_Tratados_internacionales/Comercio_exterior_paises_con_tratados_firmados/Tratdos_firmados_con_méxico/América_latina/Iniciativas_regionales/Alianza_del_pacífico/imagen_OEA_AP.pdf,SIEM/Marco_jurídico/02_Tratados_internacionales/Comercio_exterior_paises_con_tratados_firmados/Tratdos_firmados_con_méxico/América_latina/Iniciativas_regionales/Alianza_del_pacífico/imagen_OEA_AP.pdf,627931,0.6,2025-10-14T16:13:30,2025-10-16T15:10:23.679757,.pdf,05e3ab6d983654b3184a27c7c0c0a601
imagen_Guia_aplica.pdf,/home/elias/Documentos/Embeddings/SIEM/SIEM/Marco_jurídico/02_Tratados_internacionales/Comercio_exterior_paises_con_tratados_firmados/Tratdos_firmados_con_méxico/América_latina/Iniciativas_regionales/Alianza_del_pacífico/imagen_Guia_aplica.pdf,SIEM/Marco_jurídico/02_Tratados_internacionales/Comercio_exterior_paises_con_tratados_firmados/Tratdos_firmados_con_méxico/América_latina/Iniciativas_regionales/Alianza_del_pacífico/imagen_Guia_aplica.pdf,245203,0.23,2025-10-14T16:13:02,2025-10-16T15:10:23.591523,.pdf,b788c34c553063abe3b73582dca9df42
II_1_Anexo_II_Lista_de_M_xico.pdf,/home/elias/Documentos/Embeddings/SIEM/SIEM/Marco_jurídico/02_Tratados_internacionales/Comercio_exterior_paises_con_tratados_firmados/Tratdos_firmados_con_méxico/América_latina/Iniciativas_regionales/Alianza_del_pacífico/II_1_Anexo_II_Lista_de_M_xico.pdf,SIEM/Marco_jurídico/02_Tratados_internacionales/Comercio_exterior_paises_con_tratados_firmados/Tratdos_firmados_con_méxico/América_latina/Iniciativas_regionales/Alianza_del_pacífico/II_1_Anexo_II_Lista_de_M_xico.pdf,605670,0.58,2025-10-14T16:29:02,2025-10-16T15:10:23.455437,.pdf,15ecc500fef7dbd5faa99d49989756d3
22_PASFTA_Administraci_n_del_Tratado.pdf,/home/elias/Documentos/Embeddings/SIEM/SIEM/Marco_jurídico/02_Tratados_internacionales/Comercio_exterior_paises_con_tratados_firmados/Tratdos_firmados_con_méxico/América_latina/Iniciativas_regionales/Alianza_del_pacífico/22_PASFTA_Administraci_n_del_Tratado.pdf,SIEM/Marco_jurídico/02_Tratados_internacionales/Comercio_exterior_paises_con_tratados_firmados/Tratdos_firmados_con_méxico/América_latina/Iniciativas_regionales/Alianza_del_pacífico/22_PASFTA_Administraci_n_del_Tratado.pdf,206763,0.2,2025-10-14T16:28:42,2025-10-16T15:10:22.703295,.pdf,d65057ffbbe1cfc925b300f314fc8a8f
Anexo_14-A_Lista_de_Compromisos_de_M_xico_a_Singapur.pdf,/home/elias/Documentos/Embeddings/SIEM/SIEM/Marco_jurídico/02_Tratados_internacionales/Comercio_exterior_paises_con_tratados_firmados/Tratdos_firmados_con_méxico/América_latina/Iniciativas_regionales/Alianza_del_pacífico/Anexo_14-A_Lista_de_Compromisos_de_M_xico_a_Singapur.pdf,SIEM/Marco_jurídico/02_Tratados_internacionales/Comercio_exterior_paises_con_tratados_firmados/Tratdos_firmados_con_méxico/América_latina/Iniciativas_regionales/Alianza_del_pacífico/Anexo_14-A_Lista_de_Compromisos_de_M_xico_a_Singapur.pdf,156530,0.15,2025-10-14T16:29:02,2025-10-16T15:10:23.033813,.pdf,3c488b7658ec583a34de75a6ff6661b8
11_PASFTA_Entrada_Temporal.pdf,/home/elias/Documentos/Embeddings/SIEM/SIEM/Marco_jurídico/02_Tratados_internacionales/Comercio_exterior_paises_con_tratados_firmados/Tratdos_firmados_con_méxico/América_latina/Iniciativas_regionales/Alianza_del_pacífico/11_PASFTA_Entrada_Temporal.pdf,SIEM/Marco_jurídico/02_Tratados_internacionales/Comercio_exterior_paises_con_tratados_firmados/Tratdos_firmados_con_méxico/América_latina/Iniciativas_regionales/Alianza_del_pacífico/11_PASFTA_Entrada_Temporal.pdf,203075,0.19,2025-10-14T16:28:40,2025-10-16T15:10:22.545364,.pdf,392bff6a4e28aadf8ecde2b4db152938
25._PASFTA_Disposiciones_Finales_in_situ.pdf,/home/elias/Documentos/Embeddings/SIEM/SIEM/Marco_jurídico/02_Tratados_internacionales/Comercio_exterior_paises_con_tratados_firmados/Tratdos_firmados_con_méxico/América_latina/Iniciativas_regionales/Alianza_del_pacífico/25._PASFTA_Disposiciones_Finales_in_situ.pdf,SIEM/Marco_jurídico/02_Tratados_internacionales/Comercio_exterior_paises_con_tratados_firmados/Tratdos_firmados_con_méxico/América_latina/Iniciativas_regionales/Alianza_del_pacífico/25._PASFTA_Disposiciones_Finales_in_situ.pdf,47583,0.05,2025-10-14T16:29:02,2025-10-16T15:10:22.738341,.pdf,fd96ba4fc55b1ca55b0f02eee4251762
10_PASFTA_Servicios_Mar_timos.pdf,/home/elias/Documentos/Embeddings/SIEM/SIEM/Marco_jurídico/02_Tratados_internacionales/Comercio_exterior_paises_con_tratados_firmados/Tratdos_firmados_con_méxico/América_latina/Iniciativas_regionales/Alianza_del_pacífico/10_PASFTA_Servicios_Mar_timos.pdf,SIEM/Marco_jurídico/02_Tratados_internacionales/Comercio_exterior_paises_con_tratados_firmados/Tratdos_firmados_con_méxico/América_latina/Iniciativas_regionales/Alianza_del_pacífico/10_PASFTA_Servicios_Mar_timos.pdf,363183,0.35,2025-10-14T16:28:40,2025-10-16T15:10:22.535615,.pdf,9f84cbb9c3a5a0a5a90e05154b003faa
Anexo_4-A_Requisitos_espec_ficos_de_origen.pdf,/home/elias/Documentos/Embeddings/SIEM/SIEM/Marco_jurídico/02_Tratados_internacionales/Comercio_exterior_paises_con_tratados_firmados/Tratdos_firmados_con_méxico/América_latina/Iniciativas_regionales/Alianza_del_pacífico/Anexo_4-A_Requisitos_espec_ficos_de_origen.pdf,SIEM/Marco_jurídico/02_Tratados_internacionales/Comercio_exterior_paises_con_tratados_firmados/Tratdos_firmados_con_méxico/América_latina/Iniciativas_regionales/Alianza_del_pacífico/Anexo_4-A_Requisitos_espec_ficos_de_origen.pdf,2007574,1.91,2025-10-14T16:29:04,2025-10-16T15:10:23.201528,.pdf,06e420ad458b331747637168ed910cff
09_PASFTA_Comercio_Transfronterizo_de_Servicios.pdf,/home/elias/Documentos/Embeddings/SIEM/SIEM/Marco_jurídico/02_Tratados_internacionales/Comercio_exterior_paises_con_tratados_firmados/Tratdos_firmados_con_méxico/América_latina/Iniciativas_regionales/Alianza_del_pacífico/09_PASFTA_Comercio_Transfronterizo_de_Servicios.pdf,SIEM/Marco_jurídico/02_Tratados_internacionales/Comercio_exterior_paises_con_tratados_firmados/Tratdos_firmados_con_méxico/América_latina/Iniciativas_regionales/Alianza_del_pacífico/09_PASFTA_Comercio_Transfronterizo_de_Servicios.pdf,350568,0.33,2025-10-14T16:28:40,2025-10-16T15:10:22.521760,.pdf,b359e002f31a2f093fa1f4757a77b763
19_PASFTA_Peque_as_y_Medianas_Empresas.pdf,/home/elias/Documentos/Embeddings/SIEM/SIEM/Marco_jurídico/02_Tratados_internacionales/Comercio_exterior_paises_con_tratados_firmados/Tratdos_firmados_con_méxico/América_latina/Iniciativas_regionales/Alianza_del_pacífico/19_PASFTA_Peque_as_y_Medianas_Empresas.pdf,SIEM/Marco_jurídico/02_Tratados_internacionales/Comercio_exterior_paises_con_tratados_firmados/Tratdos_firmados_con_méxico/América_latina/Iniciativas_regionales/Alianza_del_pacífico/19_PASFTA_Peque_as_y_Medianas_Empresas.pdf,148448,0.14,2025-10-14T16:28:40,2025-10-16T15:10:22.649293,.pdf,33ae4146c175a5245e68e3f1292aafb3
02_PASFTA_Definiciones_Generales.pdf,/home/elias/Documentos/Embeddings/SIEM/SIEM/Marco_jurídico/02_Tratados_internacionales/Comercio_exterior_paises_con_tratados_firmados/Tratdos_firmados_con_méxico/América_latina/Iniciativas_regionales/Alianza_del_pacífico/02_PASFTA_Definiciones_Generales.pdf,SIEM/Marco_jurídico/02_Tratados_internacionales/Comercio_exterior_paises_con_tratados_firmados/Tratdos_firmados_con_méxico/América_latina/Iniciativas_regionales/Alianza_del_pacífico/02_PASFTA_Definiciones_Generales.pdf,315055,0.3,2025-10-14T16:28:38,2025-10-16T15:10:22.444191,.pdf,5b50030ea75a2ea4fe59c7dceed226b7
imagen_Resolucione.pdf,/home/elias/Documentos/Embeddings/SIEM/SIEM/Marco_jurídico/02_Tratados_internacionales/Comercio_exterior_paises_con_tratados_firmados/Tratdos_firmados_con_méxico/América_latina/Iniciativas_regionales/Alianza_del_pacífico/imagen_Resolucione.pdf,SIEM/Marco_jurídico/02_Tratados_internacionales/Comercio_exterior_paises_con_tratados_firmados/Tratdos_firmados_con_méxico/América_latina/Iniciativas_regionales/Alianza_del_pacífico/imagen_Resolucione.pdf,681272,0.65,2025-10-14T16:13:40,2025-10-16T15:10:23.707326,.pdf,89a52ab11fee74a84e2a2830d413f908
Declaraci_n_de_L_deres_de_APEC_2023.pdf,/home/elias/Documentos/Embeddings/SIEM/SIEM/Marco_jurídico/02_Tratados_internacionales/Comercio_exterior_paises_con_tratados_firmados/Tratdos_firmados_con_méxico/América_latina/Iniciativas_regionales/Alianza_del_pacífico/Declaraci_n_de_L_deres_de_APEC_2023.pdf,SIEM/Marco_jurídico/02_Tratados_internacionales/Comercio_exterior_paises_con_tratados_firmados/Tratdos_firmados_con_méxico/América_latina/Iniciativas_regionales/Alianza_del_pacífico/Declaraci_n_de_L_deres_de_APEC_2023.pdf,31032,0.03,2025-10-14T16:28:38,2025-10-16T15:10:23.401873,.pdf,82b7722b2be409471534e3daba1e0a97
16_PASFTA_Empresas_Propiedad_del_Estado.pdf,/home/elias/Documentos/Embeddings/SIEM/SIEM/Marco_jurídico/02_Tratados_internacionales/Comercio_exterior_paises_con_tratados_firmados/Tratdos_firmados_con_méxico/América_latina/Iniciativas_regionales/Alianza_del_pacífico/16_PASFTA_Empresas_Propiedad_del_Estado.pdf,SIEM/Marco_jurídico/02_Tratados_internacionales/Comercio_exterior_paises_con_tratados_firmados/Tratdos_firmados_con_méxico/América_latina/Iniciativas_regionales/Alianza_del_pacífico/16_PASFTA_Empresas_Propiedad_del_Estado.pdf,183366,0.17,2025-10-14T16:28:40,2025-10-16T15:10:22.612955,.pdf,daf0df159a8e08bd80de30daea2f7121
imagen_Transito-y-.pdf,/home/elias/Documentos/Embeddings/SIEM/SIEM/Marco_jurídico/02_Tratados_internacionales/Comercio_exterior_paises_con_tratados_firmados/Tratdos_firmados_con_méxico/América_latina/Iniciativas_regionales/Alianza_del_pacífico/imagen_Transito-y-.pdf,SIEM/Marco_jurídico/02_Tratados_internacionales/Comercio_exterior_paises_con_tratados_firmados/Tratdos_firmados_con_méxico/América_latina/Iniciativas_regionales/Alianza_del_pacífico/imagen_Transito-y-.pdf,131447,0.13,2025-10-14T16:09:28,2025-10-16T15:10:23.720340,.pdf,497932cdf6c797744411c9897c68de36
Anexo_11-A_Lista_de_compromisos_de_M_xico_a_Singapur.pdf,/home/elias/Documentos/Embeddings/SIEM/SIEM/Marco_jurídico/02_Tratados_internacionales/Comercio_exterior_paises_con_tratados_firmados/Tratdos_firmados_con_méxico/América_latina/Iniciativas_regionales/Alianza_del_pacífico/Anexo_11-A_Lista_de_compromisos_de_M_xico_a_Singapur.pdf,SIEM/Marco_jurídico/02_Tratados_internacionales/Comercio_exterior_paises_con_tratados_firmados/Tratdos_firmados_con_méxico/América_latina/Iniciativas_regionales/Alianza_del_pacífico/Anexo_11-A_Lista_de_compromisos_de_M_xico_a_Singapur.pdf,169240,0.16,2025-10-14T16:29:02,2025-10-16T15:10:23.021516,.pdf,a939c7c009134bfc06202823746e5b26
imagen_Devolucion aranceles.pdf,/home/elias/Documentos/Embeddings/SIEM/SIEM/Marco_jurídico/02_Tratados_internacionales/Comercio_exterior_paises_con_tratados_firmados/Tratdos_firmados_con_méxico/América_latina/Iniciativas_regionales/Alianza_del_pacífico/imagen_Devolucion aranceles.pdf,SIEM/Marco_jurídico/02_Tratados_internacionales/Comercio_exterior_paises_con_tratados_firmados/Tratdos_firmados_con_méxico/América_latina/Iniciativas_regionales/Alianza_del_pacífico/imagen_Devolucion aranceles.pdf,984626,0.94,2025-10-14T16:08:56,2025-10-16T15:10:23.566816,.pdf,546a86e9685728cf1ad94041ec1011c7
II_Anexo_II_Notas_Explicativas_M_xico.pdf,/home/elias/Documentos/Embeddings/SIEM/SIEM/Marco_jurídico/02_Tratados_internacionales/Comercio_exterior_paises_con_tratados_firmados/Tratdos_firmados_con_méxico/América_latina/Iniciativas_regionales/Alianza_del_pacífico/II_Anexo_II_Notas_Explicativas_M_xico.pdf,SIEM/Marco_jurídico/02_Tratados_internacionales/Comercio_exterior_paises_con_tratados_firmados/Tratdos_firmados_con_méxico/América_latina/Iniciativas_regionales/Alianza_del_pacífico/II_Anexo_II_Notas_Explicativas_M_xico.pdf,187487,0.18,2025-10-14T16:29:02,2025-10-16T15:10:23.469909,.pdf,561538046ed17aadba04d63d19c7705b
Decision-09-CLC.pdf,/home/elias/Documentos/Embeddings/SIEM/SIEM/Marco_jurídico/02_Tratados_internacionales/Comercio_exterior_paises_con_tratados_firmados/Tratdos_firmados_con_méxico/América_latina/Iniciativas_regionales/Alianza_del_pacífico/Decision-09-CLC.pdf,SIEM/Marco_jurídico/02_Tratados_internacionales/Comercio_exterior_paises_con_tratados_firmados/Tratdos_firmados_con_méxico/América_latina/Iniciativas_regionales/Alianza_del_pacífico/Decision-09-CLC.pdf,1137377,1.08,2025-10-14T16:16:44,2025-10-16T15:10:23.290514,.pdf,b4a7309a4568555fbc490c978af202cf
iamgen_Aspectos-ad.pdf,/home/elias/Documentos/Embeddings/SIEM/SIEM/Marco_jurídico/02_Tratados_internacionales/Comercio_exterior_paises_con_tratados_firmados/Tratdos_firmados_con_méxico/América_latina/Iniciativas_regionales/Alianza_del_pacífico/iamgen_Aspectos-ad.pdf,SIEM/Marco_jurídico/02_Tratados_internacionales/Comercio_exterior_paises_con_tratados_firmados/Tratdos_firmados_con_méxico/América_latina/Iniciativas_regionales/Alianza_del_pacífico/iamgen_Aspectos-ad.pdf,42562,0.04,2025-10-14T16:09:20,2025-10-16T15:10:23.428419,.pdf,43a6f7c97dc226416685804fdc53bf6f
2_Carta_paralela_terminaci_n_APPRI_M_xico-Singapur.pdf,/home/elias/Documentos/Embeddings/SIEM/SIEM/Marco_jurídico/02_Tratados_internacionales/Comercio_exterior_paises_con_tratados_firmados/Tratdos_firmados_con_méxico/América_latina/Iniciativas_regionales/Alianza_del_pacífico/2_Carta_paralela_terminaci_n_APPRI_M_xico-Singapur.pdf,SIEM/Marco_jurídico/02_Tratados_internacionales/Comercio_exterior_paises_con_tratados_firmados/Tratdos_firmados_con_méxico/América_latina/Iniciativas_regionales/Alianza_del_pacífico/2_Carta_paralela_terminaci_n_APPRI_M_xico-Singapur.pdf,114904,0.11,2025-10-14T16:29:02,2025-10-16T15:10:22.753378,.pdf,9cf096100a54da17b3abe5cd7fc3c133
14_PASFTA_Contrataci_n_P_blica.pdf,/home/elias/Documentos/Embeddings/SIEM/SIEM/Marco_jurídico/02_Tratados_internacionales/Comercio_exterior_paises_con_tratados_firmados/Tratdos_firmados_con_méxico/América_latina/Iniciativas_regionales/Alianza_del_pacífico/14_PASFTA_Contrataci_n_P_blica.pdf,SIEM/Marco_jurídico/02_Tratados_internacionales/Comercio_exterior_paises_con_tratados_firmados/Tratdos_firmados_con_méxico/América_latina/Iniciativas_regionales/Alianza_del_pacífico/14_PASFTA_Contrataci_n_P_blica.pdf,340663,0.32,2025-10-14T16:28:42,2025-10-16T15:10:22.590401,.pdf,ae35f97ccbb5f1491b9d561a3845eeae
13_PASFTA_Comercio_Electr_nico.pdf,/home/elias/Documentos/Embeddings/SIEM/SIEM/Marco_jurídico/02_Tratados_internacionales/Comercio_exterior_paises_con_tratados_firmados/Tratdos_firmados_con_méxico/América_latina/Iniciativas_regionales/Alianza_del_pacífico/13_PASFTA_Comercio_Electr_nico.pdf,SIEM/Marco_jurídico/02_Tratados_internacionales/Comercio_exterior_paises_con_tratados_firmados/Tratdos_firmados_con_méxico/América_latina/Iniciativas_regionales/Alianza_del_pacífico/13_PASFTA_Comercio_Electr_nico.pdf,336554,0.32,2025-10-14T16:28:40,2025-10-16T15:10:22.575279,.pdf,55cbe92fdf922d7132120fbeccd5007b
imagen_Infografia-2.pdf,/home/elias/Documentos/Embeddings/SIEM/SIEM/Marco_jurídico/02_Tratados_internacionales/Comercio_exterior_paises_con_tratados_firmados/Tratdos_firmados_con_méxico/América_latina/Iniciativas_regionales/Alianza_del_pacífico/imagen_Infografia-2.pdf,SIEM/Marco_jurídico/02_Tratados_internacionales/Comercio_exterior_paises_con_tratados_firmados/Tratdos_firmados_con_méxico/América_latina/Iniciativas_regionales/Alianza_del_pacífico/imagen_Infografia-2.pdf,115580,0.11,2025-10-14T16:11:10,2025-10-16T15:10:23.638779,.pdf,a944fc2a1ae68bc8d3306e92d7168fb1
00_PASFTA_Pre_mbulo.pdf,/home/elias/Documentos/Embeddings/SIEM/SIEM/Marco_jurídico/02_Tratados_internacionales/Comercio_exterior_paises_con_tratados_firmados/Tratdos_firmados_con_méxico/América_latina/Iniciativas_regionales/Alianza_del_pacífico/00_PASFTA_Pre_mbulo.pdf,SIEM/Marco_jurídico/02_Tratados_internacionales/Comercio_exterior_paises_con_tratados_firmados/Tratdos_firmados_con_méxico/América_latina/Iniciativas_regionales/Alianza_del_pacífico/00_PASFTA_Pre_mbulo.pdf,118094,0.11,2025-10-14T16:28:38,2025-10-16T15:10:22.431138,.pdf,074b9f9b7b132a9e123478ed9fff37e6
08_PASFTA_Inversi_n.pdf,/home/elias/Documentos/Embeddings/SIEM/SIEM/Marco_jurídico/02_Tratados_internacionales/Comercio_exterior_paises_con_tratados_firmados/Tratdos_firmados_con_méxico/América_latina/Iniciativas_regionales/Alianza_del_pacífico/08_PASFTA_Inversi_n.pdf,SIEM/Marco_jurídico/02_Tratados_internacionales/Comercio_exterior_paises_con_tratados_firmados/Tratdos_firmados_con_méxico/América_latina/Iniciativas_regionales/Alianza_del_pacífico/08_PASFTA_Inversi_n.pdf,470716,0.45,2025-10-14T16:28:40,2025-10-16T15:10:22.508936,.pdf,9ebbb8d3dd8df703244b94f6d9a51f4b
imagen_CN_Facilita.pdf,/home/elias/Documentos/Embeddings/SIEM/SIEM/Marco_jurídico/02_Tratados_internacionales/Comercio_exterior_paises_con_tratados_firmados/Tratdos_firmados_con_méxico/América_latina/Iniciativas_regionales/Alianza_del_pacífico/imagen_CN_Facilita.pdf,SIEM/Marco_jurídico/02_Tratados_internacionales/Comercio_exterior_paises_con_tratados_firmados/Tratdos_firmados_con_méxico/América_latina/Iniciativas_regionales/Alianza_del_pacífico/imagen_CN_Facilita.pdf,187738,0.18,2025-10-14T16:14:08,2025-10-16T15:10:23.522112,.pdf,0fde811936a8155cf54cd1e508ab0933
07_PASFTA_Obst_culos_T_cnicos_al_Comercio.pdf,/home/elias/Documentos/Embeddings/SIEM/SIEM/Marco_jurídico/02_Tratados_internacionales/Comercio_exterior_paises_con_tratados_firmados/Tratdos_firmados_con_méxico/América_latina/Iniciativas_regionales/Alianza_del_pacífico/07_PASFTA_Obst_culos_T_cnicos_al_Comercio.pdf,SIEM/Marco_jurídico/02_Tratados_internacionales/Comercio_exterior_paises_con_tratados_firmados/Tratdos_firmados_con_méxico/América_latina/Iniciativas_regionales/Alianza_del_pacífico/07_PASFTA_Obst_culos_T_cnicos_al_Comercio.pdf,289056,0.28,2025-10-14T16:28:40,2025-10-16T15:10:22.491236,.pdf,160b0a40d96359676a013848b812aaec
05_PASFTA_Administraci_n_Aduanera_y_Facilitaci_n_del_Comercio.pdf,/home/elias/Documentos/Embeddings/SIEM/SIEM/Marco_jurídico/02_Tratados_internacionales/Comercio_exterior_paises_con_tratados_firmados/Tratdos_firmados_con_méxico/América_latina/Iniciativas_regionales/Alianza_del_pacífico/05_PASFTA_Administraci_n_Aduanera_y_Facilitaci_n_del_Comercio.pdf,SIEM/Marco_jurídico/02_Tratados_internacionales/Comercio_exterior_paises_con_tratados_firmados/Tratdos_firmados_con_méxico/América_latina/Iniciativas_regionales/Alianza_del_pacífico/05_PASFTA_Administraci_n_Aduanera_y_Facilitaci_n_del_Comercio.pdf,234704,0.22,2025-10-14T16:28:38,2025-10-16T15:10:22.467896,.pdf,dc1cdaaca0b684b4dc64803498997f93
imagen_Infogra.pdf,/home/elias/Documentos/Embeddings/SIEM/SIEM/Marco_jurídico/02_Tratados_internacionales/Comercio_exterior_paises_con_tratados_firmados/Tratdos_firmados_con_méxico/América_latina/Iniciativas_regionales/Alianza_del_pacífico/imagen_Infogra.pdf,SIEM/Marco_jurídico/02_Tratados_internacionales/Comercio_exterior_paises_con_tratados_firmados/Tratdos_firmados_con_méxico/América_latina/Iniciativas_regionales/Alianza_del_pacífico/imagen_Infogra.pdf,115580,0.11,2025-10-14T16:08:26,2025-10-16T15:10:23.601290,.pdf,a944fc2a1ae68bc8d3306e92d7168fb1
17_PASFTA_Comercio_y_G_nero.pdf,/home/elias/Documentos/Embeddings/SIEM/SIEM/Marco_jurídico/02_Tratados_internacionales/Comercio_exterior_paises_con_tratados_firmados/Tratdos_firmados_con_méxico/América_latina/Iniciativas_regionales/Alianza_del_pacífico/17_PASFTA_Comercio_y_G_nero.pdf,SIEM/Marco_jurídico/02_Tratados_internacionales/Comercio_exterior_paises_con_tratados_firmados/Tratdos_firmados_con_méxico/América_latina/Iniciativas_regionales/Alianza_del_pacífico/17_PASFTA_Comercio_y_G_nero.pdf,185204,0.18,2025-10-14T16:28:40,2025-10-16T15:10:22.625766,.pdf,e37575f45d428cddacd060de323aded5
Anexo de servicios Mexico.pdf,/home/elias/Documentos/Embeddings/SIEM/SIEM/Marco_jurídico/02_Tratados_internacionales/Comercio_exterior_paises_con_tratados_firmados/Tratdos_firmados_con_méxico/América_latina/Iniciativas_regionales/Alianza_del_pacífico/Anexo de servicios Mexico.pdf,SIEM/Marco_jurídico/02_Tratados_internacionales/Comercio_exterior_paises_con_tratados_firmados/Tratdos_firmados_con_méxico/América_latina/Iniciativas_regionales/Alianza_del_pacífico/Anexo de servicios Mexico.pdf,340186,0.32,2025-10-14T16:14:56,2025-10-16T15:10:22.839029,.pdf,34875d6ffb4ac1cf956f0ccff56deb29
Decision-07-CLC.pdf,/home/elias/Documentos/Embeddings/SIEM/SIEM/Marco_jurídico/02_Tratados_internacionales/Comercio_exterior_paises_con_tratados_firmados/Tratdos_firmados_con_méxico/América_latina/Iniciativas_regionales/Alianza_del_pacífico/Decision-07-CLC.pdf,SIEM/Marco_jurídico/02_Tratados_internacionales/Comercio_exterior_paises_con_tratados_firmados/Tratdos_firmados_con_méxico/América_latina/Iniciativas_regionales/Alianza_del_pacífico/Decision-07-CLC.pdf,297090,0.28,2025-10-14T16:16:54,2025-10-16T15:10:23.227120,.pdf,11fdc4ab54ffcb297443c4793c708dcc
06_PASFTA_Medidas_Sanitarias_y_Fitosanitarias.pdf,/home/elias/Documentos/Embeddings/SIEM/SIEM/Marco_jurídico/02_Tratados_internacionales/Comercio_exterior_paises_con_tratados_firmados/Tratdos_firmados_con_méxico/América_latina/Iniciativas_regionales/Alianza_del_pacífico/06_PASFTA_Medidas_Sanitarias_y_Fitosanitarias.pdf,SIEM/Marco_jurídico/02_Tratados_internacionales/Comercio_exterior_paises_con_tratados_firmados/Tratdos_firmados_con_méxico/América_latina/Iniciativas_regionales/Alianza_del_pacífico/06_PASFTA_Medidas_Sanitarias_y_Fitosanitarias.pdf,347495,0.33,2025-10-14T16:28:40,2025-10-16T15:10:22.476869,.pdf,0fe44b97906172aab5de5f39653880e5
imagen_Infografia-1.pdf,/home/elias/Documentos/Embeddings/SIEM/SIEM/Marco_jurídico/02_Tratados_internacionales/Comercio_exterior_paises_con_tratados_firmados/Tratdos_firmados_con_méxico/América_latina/Iniciativas_regionales/Alianza_del_pacífico/imagen_Infografia-1.pdf,SIEM/Marco_jurídico/02_Tratados_internacionales/Comercio_exterior_paises_con_tratados_firmados/Tratdos_firmados_con_méxico/América_latina/Iniciativas_regionales/Alianza_del_pacífico/imagen_Infografia-1.pdf,189376,0.18,2025-10-14T16:09:56,2025-10-16T15:10:23.627872,.pdf,ce59ed494801cfeb3de38ed46327cc3b
04._PASFTA_Reglas_de_Origen_y_Procedimientos_in_situ.pdf,/home/elias/Documentos/Embeddings/SIEM/SIEM/Marco_jurídico/02_Tratados_internacionales/Comercio_exterior_paises_con_tratados_firmados/Tratdos_firmados_con_méxico/América_latina/Iniciativas_regionales/Alianza_del_pacífico/04._PASFTA_Reglas_de_Origen_y_Procedimientos_in_situ.pdf,SIEM/Marco_jurídico/02_Tratados_internacionales/Comercio_exterior_paises_con_tratados_firmados/Tratdos_firmados_con_méxico/América_latina/Iniciativas_regionales/Alianza_del_pacífico/04._PASFTA_Reglas_de_Origen_y_Procedimientos_in_situ.pdf,269569,0.26,2025-10-14T16:28:38,2025-10-16T15:10:22.461711,.pdf,b93a935cb8a3b01d1de04ce36144d70d
I1_Anexo_I_Lista_de_M_xico.pdf,/home/elias/Documentos/Embeddings/SIEM/SIEM/Marco_jurídico/02_Tratados_internacionales/Comercio_exterior_paises_con_tratados_firmados/Tratdos_firmados_con_méxico/América_latina/Iniciativas_regionales/Alianza_del_pacífico/I1_Anexo_I_Lista_de_M_xico.pdf,SIEM/Marco_jurídico/02_Tratados_internacionales/Comercio_exterior_paises_con_tratados_firmados/Tratdos_firmados_con_méxico/América_latina/Iniciativas_regionales/Alianza_del_pacífico/I1_Anexo_I_Lista_de_M_xico.pdf,511880,0.49,2025-10-14T16:29:02,2025-10-16T15:10:23.425578,.pdf,268ccf6165e5787bedda32fffca5fba8
Decision-10-CLC.pdf,/home/elias/Documentos/Embeddings/SIEM/SIEM/Marco_jurídico/02_Tratados_internacionales/Comercio_exterior_paises_con_tratados_firmados/Tratdos_firmados_con_méxico/América_latina/Iniciativas_regionales/Alianza_del_pacífico/Decision-10-CLC.pdf,SIEM/Marco_jurídico/02_Tratados_internacionales/Comercio_exterior_paises_con_tratados_firmados/Tratdos_firmados_con_méxico/América_latina/Iniciativas_regionales/Alianza_del_pacífico/Decision-10-CLC.pdf,886407,0.85,2025-10-14T16:16:38,2025-10-16T15:10:23.319868,.pdf,4fe6efb3c7e70710dd28ff1d40c37bd3
Anexo de servicios Colombia.pdf,/home/elias/Documentos/Embeddings/SIEM/SIEM/Marco_jurídico/02_Tratados_internacionales/Comercio_exterior_paises_con_tratados_firmados/Tratdos_firmados_con_méxico/América_latina/Iniciativas_regionales/Alianza_del_pacífico/Anexo de servicios Colombia.pdf,SIEM/Marco_jurídico/02_Tratados_internacionales/Comercio_exterior_paises_con_tratados_firmados/Tratdos_firmados_con_méxico/América_latina/Iniciativas_regionales/Alianza_del_pacífico/Anexo de servicios Colombia.pdf,196795,0.19,2025-10-14T16:14:50,2025-10-16T15:10:22.821129,.pdf,b040a3333c0da7e5b6b4d22021b5d7dc
24_PASFTA_Excepciones.pdf,/home/elias/Documentos/Embeddings/SIEM/SIEM/Marco_jurídico/02_Tratados_internacionales/Comercio_exterior_paises_con_tratados_firmados/Tratdos_firmados_con_méxico/América_latina/Iniciativas_regionales/Alianza_del_pacífico/24_PASFTA_Excepciones.pdf,SIEM/Marco_jurídico/02_Tratados_internacionales/Comercio_exterior_paises_con_tratados_firmados/Tratdos_firmados_con_méxico/América_latina/Iniciativas_regionales/Alianza_del_pacífico/24_PASFTA_Excepciones.pdf,215016,0.21,2025-10-14T16:28:42,2025-10-16T15:10:22.729670,.pdf,e1ff5273bc49c4bc293985ca0d0c4a66
Anexo de servicios Chile.pdf,/home/elias/Documentos/Embeddings/SIEM/SIEM/Marco_jurídico/02_Tratados_internacionales/Comercio_exterior_paises_con_tratados_firmados/Tratdos_firmados_con_méxico/América_latina/Iniciativas_regionales/Alianza_del_pacífico/Anexo de servicios Chile.pdf,SIEM/Marco_jurídico/02_Tratados_internacionales/Comercio_exterior_paises_con_tratados_firmados/Tratdos_firmados_con_méxico/América_latina/Iniciativas_regionales/Alianza_del_pacífico/Anexo de servicios Chile.pdf,214907,0.2,2025-10-14T16:14:38,2025-10-16T15:10:22.808755,.pdf,d60e0097cf857197020127b1770a0885
20_PASFTA_Buenas_Pr_cticas_Regulatarias.pdf,/home/elias/Documentos/Embeddings/SIEM/SIEM/Marco_jurídico/02_Tratados_internacionales/Comercio_exterior_paises_con_tratados_firmados/Tratdos_firmados_con_méxico/América_latina/Iniciativas_regionales/Alianza_del_pacífico/20_PASFTA_Buenas_Pr_cticas_Regulatarias.pdf,SIEM/Marco_jurídico/02_Tratados_internacionales/Comercio_exterior_paises_con_tratados_firmados/Tratdos_firmados_con_méxico/América_latina/Iniciativas_regionales/Alianza_del_pacífico/20_PASFTA_Buenas_Pr_cticas_Regulatarias.pdf,214648,0.2,2025-10-14T16:28:40,2025-10-16T15:10:22.677111,.pdf,8ce20475d4b81c86db622f8ffab4855b
23_PASFTA_Soluci_n_de_Controversias.pdf,/home/elias/Documentos/Embeddings/SIEM/SIEM/Marco_jurídico/02_Tratados_internacionales/Comercio_exterior_paises_con_tratados_firmados/Tratdos_firmados_con_méxico/América_latina/Iniciativas_regionales/Alianza_del_pacífico/23_PASFTA_Soluci_n_de_Controversias.pdf,SIEM/Marco_jurídico/02_Tratados_internacionales/Comercio_exterior_paises_con_tratados_firmados/Tratdos_firmados_con_méxico/América_latina/Iniciativas_regionales/Alianza_del_pacífico/23_PASFTA_Soluci_n_de_Controversias.pdf,287977,0.27,2025-10-14T16:28:42,2025-10-16T15:10:22.718167,.pdf,f2a486142d03bf3eca6b71352409a73d
imagen_VUCE_AP.pdf,/home/elias/Documentos/Embeddings/SIEM/SIEM/Marco_jurídico/02_Tratados_internacionales/Comercio_exterior_paises_con_tratados_firmados/Tratdos_firmados_con_méxico/América_latina/Iniciativas_regionales/Alianza_del_pacífico/imagen_VUCE_AP.pdf,SIEM/Marco_jurídico/02_Tratados_internacionales/Comercio_exterior_paises_con_tratados_firmados/Tratdos_firmados_con_méxico/América_latina/Iniciativas_regionales/Alianza_del_pacífico/imagen_VUCE_AP.pdf,657354,0.63,2025-10-14T16:12:48,2025-10-16T15:10:23.747169,.pdf,7b58fbafd421a953a5a2b8b774b6c53c
21_PASTA_Transparencia_y_anticorrupci_n.pdf,/home/elias/Documentos/Embeddings/SIEM/SIEM/Marco_jurídico/02_Tratados_internacionales/Comercio_exterior_paises_con_tratados_firmados/Tratdos_firmados_con_méxico/América_latina/Iniciativas_regionales/Alianza_del_pacífico/21_PASTA_Transparencia_y_anticorrupci_n.pdf,SIEM/Marco_jurídico/02_Tratados_internacionales/Comercio_exterior_paises_con_tratados_firmados/Tratdos_firmados_con_méxico/América_latina/Iniciativas_regionales/Alianza_del_pacífico/21_PASTA_Transparencia_y_anticorrupci_n.pdf,341530,0.33,2025-10-14T16:28:42,2025-10-16T15:10:22.693136,.pdf,e2f4abd5ed6b3f0451495d6384b18b5b
Anexo_3-B_Lista_eliminaci_n_arancelaria_M_xico.pdf,/home/elias/Documentos/Embeddings/SIEM/SIEM/Marco_jurídico/02_Tratados_internacionales/Comercio_exterior_paises_con_tratados_firmados/Tratdos_firmados_con_méxico/América_latina/Iniciativas_regionales/Alianza_del_pacífico/Anexo_3-B_Lista_eliminaci_n_arancelaria_M_xico.pdf,SIEM/Marco_jurídico/02_Tratados_internacionales/Comercio_exterior_paises_con_tratados_firmados/Tratdos_firmados_con_méxico/América_latina/Iniciativas_regionales/Alianza_del_pacífico/Anexo_3-B_Lista_eliminaci_n_arancelaria_M_xico.pdf,3127533,2.98,2025-10-14T16:29:02,2025-10-16T15:10:23.139366,.pdf,04e1caf3d9153e76c8df16fb5581d7f3
imagen_Infografia_.pdf,/home/elias/Documentos/Embeddings/SIEM/SIEM/Marco_jurídico/02_Tratados_internacionales/Comercio_exterior_paises_con_tratados_firmados/Tratdos_firmados_con_méxico/América_latina/Iniciativas_regionales/Alianza_del_pacífico/imagen_Infografia_.pdf,SIEM/Marco_jurídico/02_Tratados_internacionales/Comercio_exterior_paises_con_tratados_firmados/Tratdos_firmados_con_méxico/América_latina/Iniciativas_regionales/Alianza_del_pacífico/imagen_Infografia_.pdf,301255,0.29,2025-10-14T16:13:20,2025-10-16T15:10:23.657207,.pdf,fedd5e898e468245f8102c445dacfbc0
Decision-06-CLC.pdf,/home/elias/Documentos/Embeddings/SIEM/SIEM/Marco_jurídico/02_Tratados_internacionales/Comercio_exterior_paises_con_tratados_firmados/Tratdos_firmados_con_méxico/América_latina/Iniciativas_regionales/Alianza_del_pacífico/Decision-06-CLC.pdf,SIEM/Marco_jurídico/02_Tratados_internacionales/Comercio_exterior_paises_con_tratados_firmados/Tratdos_firmados_con_méxico/América_latina/Iniciativas_regionales/Alianza_del_pacífico/Decision-06-CLC.pdf,347314,0.33,2025-10-14T16:16:58,2025-10-16T15:10:23.213264,.pdf,15523ea4dc2b97b1e56739ffe0e24798
01_PASFTA_Disposiciones_Iniciales.pdf,/home/elias/Documentos/Embeddings/SIEM/SIEM/Marco_jurídico/02_Tratados_internacionales/Comercio_exterior_paises_con_tratados_firmados/Tratdos_firmados_con_méxico/América_latina/Iniciativas_regionales/Alianza_del_pacífico/01_PASFTA_Disposiciones_Iniciales.pdf,SIEM/Marco_jurídico/02_Tratados_internacionales/Comercio_exterior_paises_con_tratados_firmados/Tratdos_firmados_con_méxico/América_latina/Iniciativas_regionales/Alianza_del_pacífico/01_PASFTA_Disposiciones_Iniciales.pdf,187963,0.18,2025-10-14T16:28:38,2025-10-16T15:10:22.436076,.pdf,752818d1628f5c844c62a290566954c7
Anexo de servicios Peru.pdf,/home/elias/Documentos/Embeddings/SIEM/SIEM/Marco_jurídico/02_Tratados_internacionales/Comercio_exterior_paises_con_tratados_firmados/Tratdos_firmados_con_méxico/América_latina/Iniciativas_regionales/Alianza_del_pacífico/Anexo de servicios Peru.pdf,SIEM/Marco_jurídico/02_Tratados_internacionales/Comercio_exterior_paises_con_tratados_firmados/Tratdos_firmados_con_méxico/América_latina/Iniciativas_regionales/Alianza_del_pacífico/Anexo de servicios Peru.pdf,213428,0.2,2025-10-14T16:15:02,2025-10-16T15:10:22.849395,.pdf,63776050c3f7b406cd65cd264441454a
1_Carta_paralela_sobre_inversi_n_M_xico-Singapur.pdf,/home/elias/Documentos/Embeddings/SIEM/SIEM/Marco_jurídico/02_Tratados_internacionales/Comercio_exterior_paises_con_tratados_firmados/Tratdos_firmados_con_méxico/América_latina/Iniciativas_regionales/Alianza_del_pacífico/1_Carta_paralela_sobre_inversi_n_M_xico-Singapur.pdf,SIEM/Marco_jurídico/02_Tratados_internacionales/Comercio_exterior_paises_con_tratados_firmados/Tratdos_firmados_con_méxico/América_latina/Iniciativas_regionales/Alianza_del_pacífico/1_Carta_paralela_sobre_inversi_n_M_xico-Singapur.pdf,109686,0.1,2025-10-14T16:29:02,2025-10-16T15:10:22.661693,.pdf,82a828baf7c9b5a634f0b1d47b6ba1e2
Decision-08-CLC.pdf,/home/elias/Documentos/Embeddings/SIEM/SIEM/Marco_jurídico/02_Tratados_internacionales/Comercio_exterior_paises_con_tratados_firmados/Tratdos_firmados_con_méxico/América_latina/Iniciativas_regionales/Alianza_del_pacífico/Decision-08-CLC.pdf,SIEM/Marco_jurídico/02_Tratados_internacionales/Comercio_exterior_paises_con_tratados_firmados/Tratdos_firmados_con_méxico/América_latina/Iniciativas_regionales/Alianza_del_pacífico/Decision-08-CLC.pdf,517369,0.49,2025-10-14T16:16:50,2025-10-16T15:10:23.245951,.pdf,97bc8dd73d698201d47ca09db16ffb8c
imagen_Acuerdo_Fac.pdf,/home/elias/Documentos/Embeddings/SIEM/SIEM/Marco_jurídico/02_Tratados_internacionales/Comercio_exterior_paises_con_tratados_firmados/Tratdos_firmados_con_méxico/América_latina/Iniciativas_regionales/Alianza_del_pacífico/imagen_Acuerdo_Fac.pdf,SIEM/Marco_jurídico/02_Tratados_internacionales/Comercio_exterior_paises_con_tratados_firmados/Tratdos_firmados_con_méxico/América_latina/Iniciativas_regionales/Alianza_del_pacífico/imagen_Acuerdo_Fac.pdf,556285,0.53,2025-10-14T16:13:50,2025-10-16T15:10:23.494478,.pdf,0871d38f28ae2eb8d41ff5ad44b12567
3_Carta_paralela_Energ_a_Hidrocarburos_M_xico-Singapur.pdf,/home/elias/Documentos/Embeddings/SIEM/SIEM/Marco_jurídico/02_Tratados_internacionales/Comercio_exterior_paises_con_tratados_firmados/Tratdos_firmados_con_méxico/América_latina/Iniciativas_regionales/Alianza_del_pacífico/3_Carta_paralela_Energ_a_Hidrocarburos_M_xico-Singapur.pdf,SIEM/Marco_jurídico/02_Tratados_internacionales/Comercio_exterior_paises_con_tratados_firmados/Tratdos_firmados_con_méxico/América_latina/Iniciativas_regionales/Alianza_del_pacífico/3_Carta_paralela_Energ_a_Hidrocarburos_M_xico-Singapur.pdf,111322,0.11,2025-10-14T16:29:02,2025-10-16T15:10:22.765574,.pdf,63c31d7d8cdabb76e836220a298bc97c
imagen_Certificado.pdf,/home/elias/Documentos/Embeddings/SIEM/SIEM/Marco_jurídico/02_Tratados_internacionales/Comercio_exterior_paises_con_tratados_firmados/Tratdos_firmados_con_méxico/América_latina/Iniciativas_regionales/Alianza_del_pacífico/imagen_Certificado.pdf,SIEM/Marco_jurídico/02_Tratados_internacionales/Comercio_exterior_paises_con_tratados_firmados/Tratdos_firmados_con_méxico/América_latina/Iniciativas_regionales/Alianza_del_pacífico/imagen_Certificado.pdf,89651,0.09,2025-10-14T16:12:36,2025-10-16T15:10:23.507517,.pdf,731745514e024e50ebd1b14c42ff9f8c
03_PASFTA_Trato_Nacional_y_Acceso_de_Mercanc_as_al_Mercado.pdf,/home/elias/Documentos/Embeddings/SIEM/SIEM/Marco_jurídico/02_Tratados_internacionales/Comercio_exterior_paises_con_tratados_firmados/Tratdos_firmados_con_méxico/América_latina/Iniciativas_regionales/Alianza_del_pacífico/03_PASFTA_Trato_Nacional_y_Acceso_de_Mercanc_as_al_Mercado.pdf,SIEM/Marco_jurídico/02_Tratados_internacionales/Comercio_exterior_paises_con_tratados_firmados/Tratdos_firmados_con_méxico/América_latina/Iniciativas_regionales/Alianza_del_pacífico/03_PASFTA_Trato_Nacional_y_Acceso_de_Mercanc_as_al_Mercado.pdf,412526,0.39,2025-10-14T16:28:38,2025-10-16T15:10:22.454775,.pdf,0d3f651f008744d655a02d8f445ef7a2
I_Anexo_I_Notas_Explicativas_M_xico.pdf,/home/elias/Documentos/Embeddings/SIEM/SIEM/Marco_jurídico/02_Tratados_internacionales/Comercio_exterior_paises_con_tratados_firmados/Tratdos_firmados_con_méxico/América_latina/Iniciativas_regionales/Alianza_del_pacífico/I_Anexo_I_Notas_Explicativas_M_xico.pdf,SIEM/Marco_jurídico/02_Tratados_internacionales/Comercio_exterior_paises_con_tratados_firmados/Tratdos_firmados_con_méxico/América_latina/Iniciativas_regionales/Alianza_del_pacífico/I_Anexo_I_Notas_Explicativas_M_xico.pdf,187743,0.18,2025-10-14T16:29:02,2025-10-16T15:10:23.760871,.pdf,cc2e29f8b276da82527193062509a7a9
15_PASFTA_Pol_tica_de_Competencia.pdf,/home/elias/Documentos/Embeddings/SIEM/SIEM/Marco_jurídico/02_Tratados_internacionales/Comercio_exterior_paises_con_tratados_firmados/Tratdos_firmados_con_méxico/América_latina/Iniciativas_regionales/Alianza_del_pacífico/15_PASFTA_Pol_tica_de_Competencia.pdf,SIEM/Marco_jurídico/02_Tratados_internacionales/Comercio_exterior_paises_con_tratados_firmados/Tratdos_firmados_con_méxico/América_latina/Iniciativas_regionales/Alianza_del_pacífico/15_PASFTA_Pol_tica_de_Competencia.pdf,242945,0.23,2025-10-14T16:28:40,2025-10-16T15:10:22.601528,.pdf,2bbc27d4fef61236da14a3ed43bfa329
imagen_Envios_entr.pdf,/home/elias/Documentos/Embeddings/SIEM/SIEM/Marco_jurídico/02_Tratados_internacionales/Comercio_exterior_paises_con_tratados_firmados/Tratdos_firmados_con_méxico/América_latina/Iniciativas_regionales/Alianza_del_pacífico/imagen_Envios_entr.pdf,SIEM/Marco_jurídico/02_Tratados_internacionales/Comercio_exterior_paises_con_tratados_firmados/Tratdos_firmados_con_méxico/América_latina/Iniciativas_regionales/Alianza_del_pacífico/imagen_Envios_entr.pdf,491794,0.47,2025-10-14T16:14:00,2025-10-16T15:10:23.583261,.pdf,c2479d88af62086c6b93baa133c4e1ce
imagen_Infografia-.pdf,/home/elias/Documentos/Embeddings/SIEM/SIEM/Marco_jurídico/02_Tratados_internacionales/Comercio_exterior_paises_con_tratados_firmados/Tratdos_firmados_con_méxico/América_latina/Iniciativas_regionales/Alianza_del_pacífico/imagen_Infografia-.pdf,SIEM/Marco_jurídico/02_Tratados_internacionales/Comercio_exterior_paises_con_tratados_firmados/Tratdos_firmados_con_méxico/América_latina/Iniciativas_regionales/Alianza_del_pacífico/imagen_Infografia-.pdf,148019,0.14,2025-10-14T16:09:42,2025-10-16T15:10:23.614357,.pdf,8877e6e0474c013d40c024719289f07b
SE_XI-XII_Anexo_III_Actividades_Reservadas_al_Estado-Lista_de_Nicaragua_CA.pdf,/home/elias/Documentos/Embeddings/SIEM/SIEM/Marco_jurídico/02_Tratados_internacionales/Comercio_exterior_paises_con_tratados_firmados/Tratdos_firmados_con_méxico/América_latina/Iniciativas_regionales/TLC_centroamerica/SE_XI-XII_Anexo_III_Actividades_Reservadas_al_Estado-Lista_de_Nicaragua_CA.pdf,SIEM/Marco_jurídico/02_Tratados_internacionales/Comercio_exterior_paises_con_tratados_firmados/Tratdos_firmados_con_méxico/América_latina/Iniciativas_regionales/TLC_centroamerica/SE_XI-XII_Anexo_III_Actividades_Reservadas_al_Estado-Lista_de_Nicaragua_CA.pdf,91403,0.09,2025-10-14T17:11:36,2025-10-16T15:10:28.897315,.pdf,80c4dc79fa18f1441ed3afda8c00b0e8
SE_XI-XII_Anexo_I_Medidas_Disconformes-Lista_de_Costa_Rica_CA.pdf,/home/elias/Documentos/Embeddings/SIEM/SIEM/Marco_jurídico/02_Tratados_internacionales/Comercio_exterior_paises_con_tratados_firmados/Tratdos_firmados_con_méxico/América_latina/Iniciativas_regionales/TLC_centroamerica/SE_XI-XII_Anexo_I_Medidas_Disconformes-Lista_de_Costa_Rica_CA.pdf,SIEM/Marco_jurídico/02_Tratados_internacionales/Comercio_exterior_paises_con_tratados_firmados/Tratdos_firmados_con_méxico/América_latina/Iniciativas_regionales/TLC_centroamerica/SE_XI-XII_Anexo_I_Medidas_Disconformes-Lista_de_Costa_Rica_CA.pdf,349191,0.33,2025-10-14T17:11:12,2025-10-16T15:10:28.929225,.pdf,a00eb2a846b932c4e25168f6288cde90
SE_XIX_Administracion_del_Tratado_centroamerica.pdf,/home/elias/Documentos/Embeddings/SIEM/SIEM/Marco_jurídico/02_Tratados_internacionales/Comercio_exterior_paises_con_tratados_firmados/Tratdos_firmados_con_méxico/América_latina/Iniciativas_regionales/TLC_centroamerica/SE_XIX_Administracion_del_Tratado_centroamerica.pdf,SIEM/Marco_jurídico/02_Tratados_internacionales/Comercio_exterior_paises_con_tratados_firmados/Tratdos_firmados_con_méxico/América_latina/Iniciativas_regionales/TLC_centroamerica/SE_XIX_Administracion_del_Tratado_centroamerica.pdf,110228,0.11,2025-10-14T17:11:12,2025-10-16T15:10:29.000076,.pdf,15f1d68bf3205a9b3e54fd6e4d7a493d
SE_XI-XII_Anexo_II_Medidas_Futuras-Lista_de_Honduras_CA.pdf,/home/elias/Documentos/Embeddings/SIEM/SIEM/Marco_jurídico/02_Tratados_internacionales/Comercio_exterior_paises_con_tratados_firmados/Tratdos_firmados_con_méxico/América_latina/Iniciativas_regionales/TLC_centroamerica/SE_XI-XII_Anexo_II_Medidas_Futuras-Lista_de_Honduras_CA.pdf,SIEM/Marco_jurídico/02_Tratados_internacionales/Comercio_exterior_paises_con_tratados_firmados/Tratdos_firmados_con_méxico/América_latina/Iniciativas_regionales/TLC_centroamerica/SE_XI-XII_Anexo_II_Medidas_Futuras-Lista_de_Honduras_CA.pdf,92211,0.09,2025-10-14T17:11:56,2025-10-16T15:10:28.911838,.pdf,10320b5802c1ec6a73670ff2132159d5
SE_VII_Defensa_Comercial_centroamerica.pdf,/home/elias/Documentos/Embeddings/SIEM/SIEM/Marco_jurídico/02_Tratados_internacionales/Comercio_exterior_paises_con_tratados_firmados/Tratdos_firmados_con_méxico/América_latina/Iniciativas_regionales/TLC_centroamerica/SE_VII_Defensa_Comercial_centroamerica.pdf,SIEM/Marco_jurídico/02_Tratados_internacionales/Comercio_exterior_paises_con_tratados_firmados/Tratdos_firmados_con_méxico/América_latina/Iniciativas_regionales/TLC_centroamerica/SE_VII_Defensa_Comercial_centroamerica.pdf,42574,0.04,2025-10-14T17:11:14,2025-10-16T15:10:28.876817,.pdf,b1d3279f6de1785ba959ef826ad1af64
SE_XI-XII_Anexo_II_Medidas_Futuras-Lista_de_Nicaragua_CA.pdf,/home/elias/Documentos/Embeddings/SIEM/SIEM/Marco_jurídico/02_Tratados_internacionales/Comercio_exterior_paises_con_tratados_firmados/Tratdos_firmados_con_méxico/América_latina/Iniciativas_regionales/TLC_centroamerica/SE_XI-XII_Anexo_II_Medidas_Futuras-Lista_de_Nicaragua_CA.pdf,SIEM/Marco_jurídico/02_Tratados_internacionales/Comercio_exterior_paises_con_tratados_firmados/Tratdos_firmados_con_méxico/América_latina/Iniciativas_regionales/TLC_centroamerica/SE_XI-XII_Anexo_II_Medidas_Futuras-Lista_de_Nicaragua_CA.pdf,97314,0.09,2025-10-14T17:11:56,2025-10-16T15:10:28.917281,.pdf,ac312c69782a4a1e31808f835f20b7a9
SE_acuerdo_tlc_unico_centroamerica_decision_1_20140605.pdf,/home/elias/Documentos/Embeddings/SIEM/SIEM/Marco_jurídico/02_Tratados_internacionales/Comercio_exterior_paises_con_tratados_firmados/Tratdos_firmados_con_méxico/América_latina/Iniciativas_regionales/TLC_centroamerica/SE_acuerdo_tlc_unico_centroamerica_decision_1_20140605.pdf,SIEM/Marco_jurídico/02_Tratados_internacionales/Comercio_exterior_paises_con_tratados_firmados/Tratdos_firmados_con_méxico/América_latina/Iniciativas_regionales/TLC_centroamerica/SE_acuerdo_tlc_unico_centroamerica_decision_1_20140605.pdf,235308,0.22,2025-10-14T17:11:14,2025-10-16T15:10:28.733910,.pdf,88bf0c683d2457fcfbd04cee4c256076
SE_XV_Comercio_Electronico_centroamerica.pdf,/home/elias/Documentos/Embeddings/SIEM/SIEM/Marco_jurídico/02_Tratados_internacionales/Comercio_exterior_paises_con_tratados_firmados/Tratdos_firmados_con_méxico/América_latina/Iniciativas_regionales/TLC_centroamerica/SE_XV_Comercio_Electronico_centroamerica.pdf,SIEM/Marco_jurídico/02_Tratados_internacionales/Comercio_exterior_paises_con_tratados_firmados/Tratdos_firmados_con_méxico/América_latina/Iniciativas_regionales/TLC_centroamerica/SE_XV_Comercio_Electronico_centroamerica.pdf,18703,0.02,2025-10-14T17:11:34,2025-10-16T15:10:29.020036,.pdf,31b103928a51eddc59936aa09105d990
SE_XI-XII_Anexo_I_Medidas_Disconformes-Lista_de_Nicaragua_CA.pdf,/home/elias/Documentos/Embeddings/SIEM/SIEM/Marco_jurídico/02_Tratados_internacionales/Comercio_exterior_paises_con_tratados_firmados/Tratdos_firmados_con_méxico/América_latina/Iniciativas_regionales/TLC_centroamerica/SE_XI-XII_Anexo_I_Medidas_Disconformes-Lista_de_Nicaragua_CA.pdf,SIEM/Marco_jurídico/02_Tratados_internacionales/Comercio_exterior_paises_con_tratados_firmados/Tratdos_firmados_con_méxico/América_latina/Iniciativas_regionales/TLC_centroamerica/SE_XI-XII_Anexo_I_Medidas_Disconformes-Lista_de_Nicaragua_CA.pdf,211276,0.2,2025-10-14T17:11:56,2025-10-16T15:10:28.961404,.pdf,78c1c30d28486a1502a39aaa94c1cafd
SE_XIII_Servicios_de_Telecomunicaciones_centroamerica.pdf,/home/elias/Documentos/Embeddings/SIEM/SIEM/Marco_jurídico/02_Tratados_internacionales/Comercio_exterior_paises_con_tratados_firmados/Tratdos_firmados_con_méxico/América_latina/Iniciativas_regionales/TLC_centroamerica/SE_XIII_Servicios_de_Telecomunicaciones_centroamerica.pdf,SIEM/Marco_jurídico/02_Tratados_internacionales/Comercio_exterior_paises_con_tratados_firmados/Tratdos_firmados_con_méxico/América_latina/Iniciativas_regionales/TLC_centroamerica/SE_XIII_Servicios_de_Telecomunicaciones_centroamerica.pdf,98372,0.09,2025-10-14T17:11:12,2025-10-16T15:10:28.964926,.pdf,55f1c5e276ffb950a48f6096d85f0741
SE_X_Contratacion_Publica_centroamerica.pdf,/home/elias/Documentos/Embeddings/SIEM/SIEM/Marco_jurídico/02_Tratados_internacionales/Comercio_exterior_paises_con_tratados_firmados/Tratdos_firmados_con_méxico/América_latina/Iniciativas_regionales/TLC_centroamerica/SE_X_Contratacion_Publica_centroamerica.pdf,SIEM/Marco_jurídico/02_Tratados_internacionales/Comercio_exterior_paises_con_tratados_firmados/Tratdos_firmados_con_méxico/América_latina/Iniciativas_regionales/TLC_centroamerica/SE_X_Contratacion_Publica_centroamerica.pdf,154957,0.15,2025-10-14T17:11:12,2025-10-16T15:10:29.029514,.pdf,8b27b27e943c7d08925638a0ff7623a2
SE_XI-XII_Anexo_III_Actividades_Reservadas_al_Estado-Lista_de_Mexico_centroameric.pdf,/home/elias/Documentos/Embeddings/SIEM/SIEM/Marco_jurídico/02_Tratados_internacionales/Comercio_exterior_paises_con_tratados_firmados/Tratdos_firmados_con_méxico/América_latina/Iniciativas_regionales/TLC_centroamerica/SE_XI-XII_Anexo_III_Actividades_Reservadas_al_Estado-Lista_de_Mexico_centroameric.pdf,SIEM/Marco_jurídico/02_Tratados_internacionales/Comercio_exterior_paises_con_tratados_firmados/Tratdos_firmados_con_méxico/América_latina/Iniciativas_regionales/TLC_centroamerica/SE_XI-XII_Anexo_III_Actividades_Reservadas_al_Estado-Lista_de_Mexico_centroameric.pdf,96782,0.09,2025-10-14T17:11:36,2025-10-16T15:10:28.894781,.pdf,b7ce25187d9aaf114fbcf25762ead24e
SE_XI-XII_Anexo_III_Actividades_Reservadas_al_Estado-Lista_de_El_Salvador_CA.pdf,/home/elias/Documentos/Embeddings/SIEM/SIEM/Marco_jurídico/02_Tratados_internacionales/Comercio_exterior_paises_con_tratados_firmados/Tratdos_firmados_con_méxico/América_latina/Iniciativas_regionales/TLC_centroamerica/SE_XI-XII_Anexo_III_Actividades_Reservadas_al_Estado-Lista_de_El_Salvador_CA.pdf,SIEM/Marco_jurídico/02_Tratados_internacionales/Comercio_exterior_paises_con_tratados_firmados/Tratdos_firmados_con_méxico/América_latina/Iniciativas_regionales/TLC_centroamerica/SE_XI-XII_Anexo_III_Actividades_Reservadas_al_Estado-Lista_de_El_Salvador_CA.pdf,7138,0.01,2025-10-14T17:11:36,2025-10-16T15:10:28.887004,.pdf,b40953cc86fb653d44ddaf24bb22a77d
SE_XVIII_Transparencia_centroamerica.pdf,/home/elias/Documentos/Embeddings/SIEM/SIEM/Marco_jurídico/02_Tratados_internacionales/Comercio_exterior_paises_con_tratados_firmados/Tratdos_firmados_con_méxico/América_latina/Iniciativas_regionales/TLC_centroamerica/SE_XVIII_Transparencia_centroamerica.pdf,SIEM/Marco_jurídico/02_Tratados_internacionales/Comercio_exterior_paises_con_tratados_firmados/Tratdos_firmados_con_méxico/América_latina/Iniciativas_regionales/TLC_centroamerica/SE_XVIII_Transparencia_centroamerica.pdf,16089,0.02,2025-10-14T17:11:34,2025-10-16T15:10:29.006821,.pdf,df5301f0fce377d0d56900d3a883df99
SE_XXI_Disposiciones_Finales_centroamerica.pdf,/home/elias/Documentos/Embeddings/SIEM/SIEM/Marco_jurídico/02_Tratados_internacionales/Comercio_exterior_paises_con_tratados_firmados/Tratdos_firmados_con_méxico/América_latina/Iniciativas_regionales/TLC_centroamerica/SE_XXI_Disposiciones_Finales_centroamerica.pdf,SIEM/Marco_jurídico/02_Tratados_internacionales/Comercio_exterior_paises_con_tratados_firmados/Tratdos_firmados_con_méxico/América_latina/Iniciativas_regionales/TLC_centroamerica/SE_XXI_Disposiciones_Finales_centroamerica.pdf,29135,0.03,2025-10-14T17:11:34,2025-10-16T15:10:29.021038,.pdf,5890f5ae9d06258ae3f1aba923c91cc4
SE_II_Definiciones_Generales_entroamerica.pdf,/home/elias/Documentos/Embeddings/SIEM/SIEM/Marco_jurídico/02_Tratados_internacionales/Comercio_exterior_paises_con_tratados_firmados/Tratdos_firmados_con_méxico/América_latina/Iniciativas_regionales/TLC_centroamerica/SE_II_Definiciones_Generales_entroamerica.pdf,SIEM/Marco_jurídico/02_Tratados_internacionales/Comercio_exterior_paises_con_tratados_firmados/Tratdos_firmados_con_méxico/América_latina/Iniciativas_regionales/TLC_centroamerica/SE_II_Definiciones_Generales_entroamerica.pdf,87267,0.08,2025-10-14T17:11:14,2025-10-16T15:10:28.779321,.pdf,45e8139b196750a5e294d8d4c7bf81fb
SE_I_Disposiciones_Iniciales_centromerica.pdf,/home/elias/Documentos/Embeddings/SIEM/SIEM/Marco_jurídico/02_Tratados_internacionales/Comercio_exterior_paises_con_tratados_firmados/Tratdos_firmados_con_méxico/América_latina/Iniciativas_regionales/TLC_centroamerica/SE_I_Disposiciones_Iniciales_centromerica.pdf,SIEM/Marco_jurídico/02_Tratados_internacionales/Comercio_exterior_paises_con_tratados_firmados/Tratdos_firmados_con_méxico/América_latina/Iniciativas_regionales/TLC_centroamerica/SE_I_Disposiciones_Iniciales_centromerica.pdf,12320,0.01,2025-10-14T17:11:14,2025-10-16T15:10:28.818998,.pdf,3f99ca787ae655d9997a54acddbbb49d
SE_XI-XII_Anexo_II_Medidas_Futuras-Lista_de_Mexico_centroamerica.pdf,/home/elias/Documentos/Embeddings/SIEM/SIEM/Marco_jurídico/02_Tratados_internacionales/Comercio_exterior_paises_con_tratados_firmados/Tratdos_firmados_con_méxico/América_latina/Iniciativas_regionales/TLC_centroamerica/SE_XI-XII_Anexo_II_Medidas_Futuras-Lista_de_Mexico_centroamerica.pdf,SIEM/Marco_jurídico/02_Tratados_internacionales/Comercio_exterior_paises_con_tratados_firmados/Tratdos_firmados_con_méxico/América_latina/Iniciativas_regionales/TLC_centroamerica/SE_XI-XII_Anexo_II_Medidas_Futuras-Lista_de_Mexico_centroamerica.pdf,100705,0.1,2025-10-14T17:11:56,2025-10-16T15:10:28.914592,.pdf,1f3c6c73e2b7bac2e065eec7564fa998
SE_IV_Reglas_de_Origen_centroamerica.pdf,/home/elias/Documentos/Embeddings/SIEM/SIEM/Marco_jurídico/02_Tratados_internacionales/Comercio_exterior_paises_con_tratados_firmados/Tratdos_firmados_con_méxico/América_latina/Iniciativas_regionales/TLC_centroamerica/SE_IV_Reglas_de_Origen_centroamerica.pdf,SIEM/Marco_jurídico/02_Tratados_internacionales/Comercio_exterior_paises_con_tratados_firmados/Tratdos_firmados_con_méxico/América_latina/Iniciativas_regionales/TLC_centroamerica/SE_IV_Reglas_de_Origen_centroamerica.pdf,259843,0.25,2025-10-14T17:11:14,2025-10-16T15:10:28.813195,.pdf,e773e36bcd41377dff211b59986e3ba3
SE_XI-XII_Anexo_I_Medidas_Disconformes-Lista_de_Guatemala_CA.pdf,/home/elias/Documentos/Embeddings/SIEM/SIEM/Marco_jurídico/02_Tratados_internacionales/Comercio_exterior_paises_con_tratados_firmados/Tratdos_firmados_con_méxico/América_latina/Iniciativas_regionales/TLC_centroamerica/SE_XI-XII_Anexo_I_Medidas_Disconformes-Lista_de_Guatemala_CA.pdf,SIEM/Marco_jurídico/02_Tratados_internacionales/Comercio_exterior_paises_con_tratados_firmados/Tratdos_firmados_con_méxico/América_latina/Iniciativas_regionales/TLC_centroamerica/SE_XI-XII_Anexo_I_Medidas_Disconformes-Lista_de_Guatemala_CA.pdf,167726,0.16,2025-10-14T17:11:12,2025-10-16T15:10:28.937901,.pdf,a83e09bbb88d3d88b9f199018aa8c3d0
SE_VIII_Medidas_Sanitarias_y_Fitosanitarias_centroamerica.pdf,/home/elias/Documentos/Embeddings/SIEM/SIEM/Marco_jurídico/02_Tratados_internacionales/Comercio_exterior_paises_con_tratados_firmados/Tratdos_firmados_con_méxico/América_latina/Iniciativas_regionales/TLC_centroamerica/SE_VIII_Medidas_Sanitarias_y_Fitosanitarias_centroamerica.pdf,SIEM/Marco_jurídico/02_Tratados_internacionales/Comercio_exterior_paises_con_tratados_firmados/Tratdos_firmados_con_méxico/América_latina/Iniciativas_regionales/TLC_centroamerica/SE_VIII_Medidas_Sanitarias_y_Fitosanitarias_centroamerica.pdf,163002,0.16,2025-10-14T17:11:12,2025-10-16T15:10:28.875304,.pdf,23bd60f2984c11f0e917e29a6a11011c
SE_XI-XII_Anexo_III_Actividades_Reservadas_al_Estado-Notas_Explicativas_centroame.pdf,/home/elias/Documentos/Embeddings/SIEM/SIEM/Marco_jurídico/02_Tratados_internacionales/Comercio_exterior_paises_con_tratados_firmados/Tratdos_firmados_con_méxico/América_latina/Iniciativas_regionales/TLC_centroamerica/SE_XI-XII_Anexo_III_Actividades_Reservadas_al_Estado-Notas_Explicativas_centroame.pdf,SIEM/Marco_jurídico/02_Tratados_internacionales/Comercio_exterior_paises_con_tratados_firmados/Tratdos_firmados_con_méxico/América_latina/Iniciativas_regionales/TLC_centroamerica/SE_XI-XII_Anexo_III_Actividades_Reservadas_al_Estado-Notas_Explicativas_centroame.pdf,81716,0.08,2025-10-14T17:11:36,2025-10-16T15:10:28.899617,.pdf,8e0a1e04a389ee919147d9bec6b340bf
SE_XX_Excepciones_centroamerica.pdf,/home/elias/Documentos/Embeddings/SIEM/SIEM/Marco_jurídico/02_Tratados_internacionales/Comercio_exterior_paises_con_tratados_firmados/Tratdos_firmados_con_méxico/América_latina/Iniciativas_regionales/TLC_centroamerica/SE_XX_Excepciones_centroamerica.pdf,SIEM/Marco_jurídico/02_Tratados_internacionales/Comercio_exterior_paises_con_tratados_firmados/Tratdos_firmados_con_méxico/América_latina/Iniciativas_regionales/TLC_centroamerica/SE_XX_Excepciones_centroamerica.pdf,164565,0.16,2025-10-14T17:11:34,2025-10-16T15:10:29.025429,.pdf,002aac995a40b42d28ee4d6416bd799b
SE_Programa_Tratamiento_Arancelario_centroamerica.pdf,/home/elias/Documentos/Embeddings/SIEM/SIEM/Marco_jurídico/02_Tratados_internacionales/Comercio_exterior_paises_con_tratados_firmados/Tratdos_firmados_con_méxico/América_latina/Iniciativas_regionales/TLC_centroamerica/SE_Programa_Tratamiento_Arancelario_centroamerica.pdf,SIEM/Marco_jurídico/02_Tratados_internacionales/Comercio_exterior_paises_con_tratados_firmados/Tratdos_firmados_con_méxico/América_latina/Iniciativas_regionales/TLC_centroamerica/SE_Programa_Tratamiento_Arancelario_centroamerica.pdf,1989001,1.9,2025-10-14T17:11:14,2025-10-16T15:10:28.870829,.pdf,9e663a57c0186b48286c2bfc0676a964
SE_XI-XII_Anexo_III_Actividades_Reservadas_al_Estado-Lista_de_Costa_Rica_CA.pdf,/home/elias/Documentos/Embeddings/SIEM/SIEM/Marco_jurídico/02_Tratados_internacionales/Comercio_exterior_paises_con_tratados_firmados/Tratdos_firmados_con_méxico/América_latina/Iniciativas_regionales/TLC_centroamerica/SE_XI-XII_Anexo_III_Actividades_Reservadas_al_Estado-Lista_de_Costa_Rica_CA.pdf,SIEM/Marco_jurídico/02_Tratados_internacionales/Comercio_exterior_paises_con_tratados_firmados/Tratdos_firmados_con_méxico/América_latina/Iniciativas_regionales/TLC_centroamerica/SE_XI-XII_Anexo_III_Actividades_Reservadas_al_Estado-Lista_de_Costa_Rica_CA.pdf,164696,0.16,2025-10-14T17:11:36,2025-10-16T15:10:28.886560,.pdf,225d69b225c411fa6b2bdeb1e2262432
SE_Preambulo_centroamerica.pdf,/home/elias/Documentos/Embeddings/SIEM/SIEM/Marco_jurídico/02_Tratados_internacionales/Comercio_exterior_paises_con_tratados_firmados/Tratdos_firmados_con_méxico/América_latina/Iniciativas_regionales/TLC_centroamerica/SE_Preambulo_centroamerica.pdf,SIEM/Marco_jurídico/02_Tratados_internacionales/Comercio_exterior_paises_con_tratados_firmados/Tratdos_firmados_con_méxico/América_latina/Iniciativas_regionales/TLC_centroamerica/SE_Preambulo_centroamerica.pdf,66861,0.06,2025-10-14T17:11:14,2025-10-16T15:10:28.820984,.pdf,9fb4205ac219343aab4b1e2d9e256d69
SE_IV_Anexo_4.3_Reglas_de_Origen_Especificas_centroamerica.pdf,/home/elias/Documentos/Embeddings/SIEM/SIEM/Marco_jurídico/02_Tratados_internacionales/Comercio_exterior_paises_con_tratados_firmados/Tratdos_firmados_con_méxico/América_latina/Iniciativas_regionales/TLC_centroamerica/SE_IV_Anexo_4.3_Reglas_de_Origen_Especificas_centroamerica.pdf,SIEM/Marco_jurídico/02_Tratados_internacionales/Comercio_exterior_paises_con_tratados_firmados/Tratdos_firmados_con_méxico/América_latina/Iniciativas_regionales/TLC_centroamerica/SE_IV_Anexo_4.3_Reglas_de_Origen_Especificas_centroamerica.pdf,1068688,1.02,2025-10-14T17:11:14,2025-10-16T15:10:28.806429,.pdf,16ee1c282e0afad9c529ebc6a81bf101
SE_VI_Facilitacion_del_Comercio_centroamerica.pdf,/home/elias/Documentos/Embeddings/SIEM/SIEM/Marco_jurídico/02_Tratados_internacionales/Comercio_exterior_paises_con_tratados_firmados/Tratdos_firmados_con_méxico/América_latina/Iniciativas_regionales/TLC_centroamerica/SE_VI_Facilitacion_del_Comercio_centroamerica.pdf,SIEM/Marco_jurídico/02_Tratados_internacionales/Comercio_exterior_paises_con_tratados_firmados/Tratdos_firmados_con_méxico/América_latina/Iniciativas_regionales/TLC_centroamerica/SE_VI_Facilitacion_del_Comercio_centroamerica.pdf,94040,0.09,2025-10-14T17:11:14,2025-10-16T15:10:28.879574,.pdf,877929c06c2724bc9565a42fa125fe7c
SE_XVI_Propiedad_Intelectual_centroamerica.pdf,/home/elias/Documentos/Embeddings/SIEM/SIEM/Marco_jurídico/02_Tratados_internacionales/Comercio_exterior_paises_con_tratados_firmados/Tratdos_firmados_con_méxico/América_latina/Iniciativas_regionales/TLC_centroamerica/SE_XVI_Propiedad_Intelectual_centroamerica.pdf,SIEM/Marco_jurídico/02_Tratados_internacionales/Comercio_exterior_paises_con_tratados_firmados/Tratdos_firmados_con_méxico/América_latina/Iniciativas_regionales/TLC_centroamerica/SE_XVI_Propiedad_Intelectual_centroamerica.pdf,209947,0.2,2025-10-14T17:11:34,2025-10-16T15:10:29.019262,.pdf,30de3e288ce115cf2bd3e777b1fa06d0
SE_XI-XII_Anexo_III_Actividades_Reservadas_al_Estado-Lista_de_Guatemala_CA.pdf,/home/elias/Documentos/Embeddings/SIEM/SIEM/Marco_jurídico/02_Tratados_internacionales/Comercio_exterior_paises_con_tratados_firmados/Tratdos_firmados_con_méxico/América_latina/Iniciativas_regionales/TLC_centroamerica/SE_XI-XII_Anexo_III_Actividades_Reservadas_al_Estado-Lista_de_Guatemala_CA.pdf,SIEM/Marco_jurídico/02_Tratados_internacionales/Comercio_exterior_paises_con_tratados_firmados/Tratdos_firmados_con_méxico/América_latina/Iniciativas_regionales/TLC_centroamerica/SE_XI-XII_Anexo_III_Actividades_Reservadas_al_Estado-Lista_de_Guatemala_CA.pdf,85865,0.08,2025-10-14T17:11:36,2025-10-16T15:10:28.889405,.pdf,6b27470dc1959811c4839f08ddf164e3
SE_XI-XII_Anexo_II_Medidas_Futuras-Notas_Explicativas_centroamerica.pdf,/home/elias/Documentos/Embeddings/SIEM/SIEM/Marco_jurídico/02_Tratados_internacionales/Comercio_exterior_paises_con_tratados_firmados/Tratdos_firmados_con_méxico/América_latina/Iniciativas_regionales/TLC_centroamerica/SE_XI-XII_Anexo_II_Medidas_Futuras-Notas_Explicativas_centroamerica.pdf,SIEM/Marco_jurídico/02_Tratados_internacionales/Comercio_exterior_paises_con_tratados_firmados/Tratdos_firmados_con_méxico/América_latina/Iniciativas_regionales/TLC_centroamerica/SE_XI-XII_Anexo_II_Medidas_Futuras-Notas_Explicativas_centroamerica.pdf,87700,0.08,2025-10-14T17:11:36,2025-10-16T15:10:28.919783,.pdf,7c236b15f3fcec78e7dfd4351916945d
SE_V_Procedimientos_Aduaneros_Relacionados_con_el_Origen_de_las_Merc_centroameric.pdf,/home/elias/Documentos/Embeddings/SIEM/SIEM/Marco_jurídico/02_Tratados_internacionales/Comercio_exterior_paises_con_tratados_firmados/Tratdos_firmados_con_méxico/América_latina/Iniciativas_regionales/TLC_centroamerica/SE_V_Procedimientos_Aduaneros_Relacionados_con_el_Origen_de_las_Merc_centroameric.pdf,SIEM/Marco_jurídico/02_Tratados_internacionales/Comercio_exterior_paises_con_tratados_firmados/Tratdos_firmados_con_méxico/América_latina/Iniciativas_regionales/TLC_centroamerica/SE_V_Procedimientos_Aduaneros_Relacionados_con_el_Origen_de_las_Merc_centroameric.pdf,93250,0.09,2025-10-14T17:11:14,2025-10-16T15:10:28.882164,.pdf,2175831e3e606a140d23d058f32e1157
SE_XIV_Entrada_Temporal_de_Personas_de_Negocios_centroamerica.pdf,/home/elias/Documentos/Embeddings/SIEM/SIEM/Marco_jurídico/02_Tratados_internacionales/Comercio_exterior_paises_con_tratados_firmados/Tratdos_firmados_con_méxico/América_latina/Iniciativas_regionales/TLC_centroamerica/SE_XIV_Entrada_Temporal_de_Personas_de_Negocios_centroamerica.pdf,SIEM/Marco_jurídico/02_Tratados_internacionales/Comercio_exterior_paises_con_tratados_firmados/Tratdos_firmados_con_méxico/América_latina/Iniciativas_regionales/TLC_centroamerica/SE_XIV_Entrada_Temporal_de_Personas_de_Negocios_centroamerica.pdf,125661,0.12,2025-10-14T17:11:12,2025-10-16T15:10:28.996893,.pdf,f6677fe1e08cf1db6b9e1e0c597b2e44
SE_XVII_Solucion_de_Controversias_centroamerica.pdf,/home/elias/Documentos/Embeddings/SIEM/SIEM/Marco_jurídico/02_Tratados_internacionales/Comercio_exterior_paises_con_tratados_firmados/Tratdos_firmados_con_méxico/América_latina/Iniciativas_regionales/TLC_centroamerica/SE_XVII_Solucion_de_Controversias_centroamerica.pdf,SIEM/Marco_jurídico/02_Tratados_internacionales/Comercio_exterior_paises_con_tratados_firmados/Tratdos_firmados_con_méxico/América_latina/Iniciativas_regionales/TLC_centroamerica/SE_XVII_Solucion_de_Controversias_centroamerica.pdf,266866,0.25,2025-10-14T17:11:34,2025-10-16T15:10:29.013771,.pdf,59ce63091f76563b8b3ce0cbd10d8211
SE_IX_Obtaculos_Tecnicos_al_Comercio_centroamerica.pdf,/home/elias/Documentos/Embeddings/SIEM/SIEM/Marco_jurídico/02_Tratados_internacionales/Comercio_exterior_paises_con_tratados_firmados/Tratdos_firmados_con_méxico/América_latina/Iniciativas_regionales/TLC_centroamerica/SE_IX_Obtaculos_Tecnicos_al_Comercio_centroamerica.pdf,SIEM/Marco_jurídico/02_Tratados_internacionales/Comercio_exterior_paises_con_tratados_firmados/Tratdos_firmados_con_méxico/América_latina/Iniciativas_regionales/TLC_centroamerica/SE_IX_Obtaculos_Tecnicos_al_Comercio_centroamerica.pdf,194434,0.19,2025-10-14T17:11:14,2025-10-16T15:10:28.818350,.pdf,8d6dbd6e87c45a425a9657742a502245
SE_XI-XII_Anexo_II_Medidas_Futuras-Lista_de_El_Salvador_CA.pdf,/home/elias/Documentos/Embeddings/SIEM/SIEM/Marco_jurídico/02_Tratados_internacionales/Comercio_exterior_paises_con_tratados_firmados/Tratdos_firmados_con_méxico/América_latina/Iniciativas_regionales/TLC_centroamerica/SE_XI-XII_Anexo_II_Medidas_Futuras-Lista_de_El_Salvador_CA.pdf,SIEM/Marco_jurídico/02_Tratados_internacionales/Comercio_exterior_paises_con_tratados_firmados/Tratdos_firmados_con_méxico/América_latina/Iniciativas_regionales/TLC_centroamerica/SE_XI-XII_Anexo_II_Medidas_Futuras-Lista_de_El_Salvador_CA.pdf,40136,0.04,2025-10-14T17:11:56,2025-10-16T15:10:28.904692,.pdf,7ab200003743b9715994d61857bf8c92
SE_III_Trato_Nacional_y_Acceso_de_Mercancias_al_Mercado_centroamerica.pdf,/home/elias/Documentos/Embeddings/SIEM/SIEM/Marco_jurídico/02_Tratados_internacionales/Comercio_exterior_paises_con_tratados_firmados/Tratdos_firmados_con_méxico/América_latina/Iniciativas_regionales/TLC_centroamerica/SE_III_Trato_Nacional_y_Acceso_de_Mercancias_al_Mercado_centroamerica.pdf,SIEM/Marco_jurídico/02_Tratados_internacionales/Comercio_exterior_paises_con_tratados_firmados/Tratdos_firmados_con_méxico/América_latina/Iniciativas_regionales/TLC_centroamerica/SE_III_Trato_Nacional_y_Acceso_de_Mercancias_al_Mercado_centroamerica.pdf,1110105,1.06,2025-10-14T17:11:14,2025-10-16T15:10:28.761958,.pdf,f94a8d4ca0859b9073094e4a191e1113
SE_XI-XII_Anexo_II_Medidas_Futuras-Lista_de_Guatemala_CA.pdf,/home/elias/Documentos/Embeddings/SIEM/SIEM/Marco_jurídico/02_Tratados_internacionales/Comercio_exterior_paises_con_tratados_firmados/Tratdos_firmados_con_méxico/América_latina/Iniciativas_regionales/TLC_centroamerica/SE_XI-XII_Anexo_II_Medidas_Futuras-Lista_de_Guatemala_CA.pdf,SIEM/Marco_jurídico/02_Tratados_internacionales/Comercio_exterior_paises_con_tratados_firmados/Tratdos_firmados_con_méxico/América_latina/Iniciativas_regionales/TLC_centroamerica/SE_XI-XII_Anexo_II_Medidas_Futuras-Lista_de_Guatemala_CA.pdf,173209,0.17,2025-10-14T17:11:56,2025-10-16T15:10:28.909240,.pdf,761f35ea954ecc89ed5ceea637c53e0b
SE_XI-XII_Anexo_I_Medidas_Disconformes-Lista_de_Honduras_CA.pdf,/home/elias/Documentos/Embeddings/SIEM/SIEM/Marco_jurídico/02_Tratados_internacionales/Comercio_exterior_paises_con_tratados_firmados/Tratdos_firmados_con_méxico/América_latina/Iniciativas_regionales/TLC_centroamerica/SE_XI-XII_Anexo_I_Medidas_Disconformes-Lista_de_Honduras_CA.pdf,SIEM/Marco_jurídico/02_Tratados_internacionales/Comercio_exterior_paises_con_tratados_firmados/Tratdos_firmados_con_méxico/América_latina/Iniciativas_regionales/TLC_centroamerica/SE_XI-XII_Anexo_I_Medidas_Disconformes-Lista_de_Honduras_CA.pdf,292359,0.28,2025-10-14T17:11:12,2025-10-16T15:10:28.945475,.pdf,dc9bbb0b22e1873acc425f67ab8a2143
SE_XI_Inversion_centroamerica.pdf,/home/elias/Documentos/Embeddings/SIEM/SIEM/Marco_jurídico/02_Tratados_internacionales/Comercio_exterior_paises_con_tratados_firmados/Tratdos_firmados_con_méxico/América_latina/Iniciativas_regionales/TLC_centroamerica/SE_XI_Inversion_centroamerica.pdf,SIEM/Marco_jurídico/02_Tratados_internacionales/Comercio_exterior_paises_con_tratados_firmados/Tratdos_firmados_con_méxico/América_latina/Iniciativas_regionales/TLC_centroamerica/SE_XI_Inversion_centroamerica.pdf,232719,0.22,2025-10-14T17:11:12,2025-10-16T15:10:29.006113,.pdf,66b00afd1a6c71308b4df8a6b67200de
SE_XI-XII_Anexo_I_Medidas_Disconformes-Lista_de_Mexico_CA.pdf,/home/elias/Documentos/Embeddings/SIEM/SIEM/Marco_jurídico/02_Tratados_internacionales/Comercio_exterior_paises_con_tratados_firmados/Tratdos_firmados_con_méxico/América_latina/Iniciativas_regionales/TLC_centroamerica/SE_XI-XII_Anexo_I_Medidas_Disconformes-Lista_de_Mexico_CA.pdf,SIEM/Marco_jurídico/02_Tratados_internacionales/Comercio_exterior_paises_con_tratados_firmados/Tratdos_firmados_con_méxico/América_latina/Iniciativas_regionales/TLC_centroamerica/SE_XI-XII_Anexo_I_Medidas_Disconformes-Lista_de_Mexico_CA.pdf,406950,0.39,2025-10-14T17:11:12,2025-10-16T15:10:28.955837,.pdf,fc7d64183347307aca925cbdbf1de758
SE_XI-XII_Anexo_I_Medidas_Disconformes-Notas_Explicativas_centroamerica.pdf,/home/elias/Documentos/Embeddings/SIEM/SIEM/Marco_jurídico/02_Tratados_internacionales/Comercio_exterior_paises_con_tratados_firmados/Tratdos_firmados_con_méxico/América_latina/Iniciativas_regionales/TLC_centroamerica/SE_XI-XII_Anexo_I_Medidas_Disconformes-Notas_Explicativas_centroamerica.pdf,SIEM/Marco_jurídico/02_Tratados_internacionales/Comercio_exterior_paises_con_tratados_firmados/Tratdos_firmados_con_méxico/América_latina/Iniciativas_regionales/TLC_centroamerica/SE_XI-XII_Anexo_I_Medidas_Disconformes-Notas_Explicativas_centroamerica.pdf,19389,0.02,2025-10-14T17:11:56,2025-10-16T15:10:28.962144,.pdf,2624d8e51a72ab97d52bf42353263a93
SE_XII_Comercio_Transfronterizo_de_Servicios_centroamerica.pdf,/home/elias/Documentos/Embeddings/SIEM/SIEM/Marco_jurídico/02_Tratados_internacionales/Comercio_exterior_paises_con_tratados_firmados/Tratdos_firmados_con_méxico/América_latina/Iniciativas_regionales/TLC_centroamerica/SE_XII_Comercio_Transfronterizo_de_Servicios_centroamerica.pdf,SIEM/Marco_jurídico/02_Tratados_internacionales/Comercio_exterior_paises_con_tratados_firmados/Tratdos_firmados_con_méxico/América_latina/Iniciativas_regionales/TLC_centroamerica/SE_XII_Comercio_Transfronterizo_de_Servicios_centroamerica.pdf,122648,0.12,2025-10-14T17:11:12,2025-10-16T15:10:28.968290,.pdf,8812175375b93780414af3ed2f586f62
SE_XI-XII_Anexo_II_Medidas_Futuras-Lista_de_Costa_Rica_CA.pdf,/home/elias/Documentos/Embeddings/SIEM/SIEM/Marco_jurídico/02_Tratados_internacionales/Comercio_exterior_paises_con_tratados_firmados/Tratdos_firmados_con_méxico/América_latina/Iniciativas_regionales/TLC_centroamerica/SE_XI-XII_Anexo_II_Medidas_Futuras-Lista_de_Costa_Rica_CA.pdf,SIEM/Marco_jurídico/02_Tratados_internacionales/Comercio_exterior_paises_con_tratados_firmados/Tratdos_firmados_con_méxico/América_latina/Iniciativas_regionales/TLC_centroamerica/SE_XI-XII_Anexo_II_Medidas_Futuras-Lista_de_Costa_Rica_CA.pdf,140996,0.13,2025-10-14T17:11:56,2025-10-16T15:10:28.903445,.pdf,bb52b888911703607bb6cf95cd21bbd9
SE_XI-XII_Anexo_III_Actividades_Reservadas_al_Estado-Lista_de_Honduras_CA.pdf,/home/elias/Documentos/Embeddings/SIEM/SIEM/Marco_jurídico/02_Tratados_internacionales/Comercio_exterior_paises_con_tratados_firmados/Tratdos_firmados_con_méxico/América_latina/Iniciativas_regionales/TLC_centroamerica/SE_XI-XII_Anexo_III_Actividades_Reservadas_al_Estado-Lista_de_Honduras_CA.pdf,SIEM/Marco_jurídico/02_Tratados_internacionales/Comercio_exterior_paises_con_tratados_firmados/Tratdos_firmados_con_méxico/América_latina/Iniciativas_regionales/TLC_centroamerica/SE_XI-XII_Anexo_III_Actividades_Reservadas_al_Estado-Lista_de_Honduras_CA.pdf,94701,0.09,2025-10-14T17:11:36,2025-10-16T15:10:28.892025,.pdf,09a76943ac9a5d76a748507b81de66e4
SE_XI-XII_Anexo_I_Medidas_Disconformes-Lista_de_El_Salvador_CA.pdf,/home/elias/Documentos/Embeddings/SIEM/SIEM/Marco_jurídico/02_Tratados_internacionales/Comercio_exterior_paises_con_tratados_firmados/Tratdos_firmados_con_méxico/América_latina/Iniciativas_regionales/TLC_centroamerica/SE_XI-XII_Anexo_I_Medidas_Disconformes-Lista_de_El_Salvador_CA.pdf,SIEM/Marco_jurídico/02_Tratados_internacionales/Comercio_exterior_paises_con_tratados_firmados/Tratdos_firmados_con_méxico/América_latina/Iniciativas_regionales/TLC_centroamerica/SE_XI-XII_Anexo_I_Medidas_Disconformes-Lista_de_El_Salvador_CA.pdf,157657,0.15,2025-10-14T17:11:12,2025-10-16T15:10:28.933405,.pdf,acc377325875fe59a20946981023e158
SE_04DeclaracionMinisterialSantiago2008.pdf,/home/elias/Documentos/Embeddings/SIEM/SIEM/Marco_jurídico/02_Tratados_internacionales/Comercio_exterior_paises_con_tratados_firmados/Tratdos_firmados_con_méxico/América_latina/Iniciativas_regionales/Arco_del_pacífico_latinoamericano/SE_04DeclaracionMinisterialSantiago2008.pdf,SIEM/Marco_jurídico/02_Tratados_internacionales/Comercio_exterior_paises_con_tratados_firmados/Tratdos_firmados_con_méxico/América_latina/Iniciativas_regionales/Arco_del_pacífico_latinoamericano/SE_04DeclaracionMinisterialSantiago2008.pdf,312431,0.3,2025-10-14T16:44:56,2025-10-16T15:10:27.391809,.pdf,9364ab3d4e11f2a7a691d98eb59ff798
SE_01Declar.pdf,/home/elias/Documentos/Embeddings/SIEM/SIEM/Marco_jurídico/02_Tratados_internacionales/Comercio_exterior_paises_con_tratados_firmados/Tratdos_firmados_con_méxico/América_latina/Iniciativas_regionales/Arco_del_pacífico_latinoamericano/SE_01Declar.pdf,SIEM/Marco_jurídico/02_Tratados_internacionales/Comercio_exterior_paises_con_tratados_firmados/Tratdos_firmados_con_méxico/América_latina/Iniciativas_regionales/Arco_del_pacífico_latinoamericano/SE_01Declar.pdf,14100,0.01,2025-10-14T16:41:34,2025-10-16T15:10:27.381163,.pdf,9f2a866eed3b510c875973d53da221ab
SE_06DeclaracionMinisterialUrubamba2010.pdf,/home/elias/Documentos/Embeddings/SIEM/SIEM/Marco_jurídico/02_Tratados_internacionales/Comercio_exterior_paises_con_tratados_firmados/Tratdos_firmados_con_méxico/América_latina/Iniciativas_regionales/Arco_del_pacífico_latinoamericano/SE_06DeclaracionMinisterialUrubamba2010.pdf,SIEM/Marco_jurídico/02_Tratados_internacionales/Comercio_exterior_paises_con_tratados_firmados/Tratdos_firmados_con_méxico/América_latina/Iniciativas_regionales/Arco_del_pacífico_latinoamericano/SE_06DeclaracionMinisterialUrubamba2010.pdf,42356,0.04,2025-10-14T16:44:56,2025-10-16T15:10:27.394940,.pdf,0aedced87cd6c7dd46887c86d3fff869
SE_05DeclaracionMinisterialPtoVallarta2009.pdf,/home/elias/Documentos/Embeddings/SIEM/SIEM/Marco_jurídico/02_Tratados_internacionales/Comercio_exterior_paises_con_tratados_firmados/Tratdos_firmados_con_méxico/América_latina/Iniciativas_regionales/Arco_del_pacífico_latinoamericano/SE_05DeclaracionMinisterialPtoVallarta2009.pdf,SIEM/Marco_jurídico/02_Tratados_internacionales/Comercio_exterior_paises_con_tratados_firmados/Tratdos_firmados_con_méxico/América_latina/Iniciativas_regionales/Arco_del_pacífico_latinoamericano/SE_05DeclaracionMinisterialPtoVallarta2009.pdf,55289,0.05,2025-10-14T16:44:56,2025-10-16T15:10:27.393555,.pdf,abaa5081f2bef54afd3069edf5706a87
SE_03DeclaracionMinsterialCancun2008.pdf,/home/elias/Documentos/Embeddings/SIEM/SIEM/Marco_jurídico/02_Tratados_internacionales/Comercio_exterior_paises_con_tratados_firmados/Tratdos_firmados_con_méxico/América_latina/Iniciativas_regionales/Arco_del_pacífico_latinoamericano/SE_03DeclaracionMinsterialCancun2008.pdf,SIEM/Marco_jurídico/02_Tratados_internacionales/Comercio_exterior_paises_con_tratados_firmados/Tratdos_firmados_con_méxico/América_latina/Iniciativas_regionales/Arco_del_pacífico_latinoamericano/SE_03DeclaracionMinsterialCancun2008.pdf,25958,0.02,2025-10-14T16:44:56,2025-10-16T15:10:27.382931,.pdf,8fff1bc41607fcc4a3801d155ea97b18
SE_02DeclaracionMinisterialLima2007.pdf,/home/elias/Documentos/Embeddings/SIEM/SIEM/Marco_jurídico/02_Tratados_internacionales/Comercio_exterior_paises_con_tratados_firmados/Tratdos_firmados_con_méxico/América_latina/Iniciativas_regionales/Arco_del_pacífico_latinoamericano/SE_02DeclaracionMinisterialLima2007.pdf,SIEM/Marco_jurídico/02_Tratados_internacionales/Comercio_exterior_paises_con_tratados_firmados/Tratdos_firmados_con_méxico/América_latina/Iniciativas_regionales/Arco_del_pacífico_latinoamericano/SE_02DeclaracionMinisterialLima2007.pdf,15242,0.01,2025-10-14T16:44:56,2025-10-16T15:10:27.381926,.pdf,e4d3f3dfb96b51953e579fed2aa71116
Bolivia_.pdf,/home/elias/Documentos/Embeddings/SIEM/SIEM/Marco_jurídico/02_Tratados_internacionales/Comercio_exterior_paises_con_tratados_firmados/Tratdos_firmados_con_méxico/América_latina/Iniciativas_regionales/Asociación_lat_integració/imagenes_tabla/Bolivia_.pdf,SIEM/Marco_jurídico/02_Tratados_internacionales/Comercio_exterior_paises_con_tratados_firmados/Tratdos_firmados_con_méxico/América_latina/Iniciativas_regionales/Asociación_lat_integració/imagenes_tabla/Bolivia_.pdf,504711,0.48,2025-10-14T16:50:20,2025-10-16T15:10:27.444192,.pdf,c34b9f879eeefaa668229709dcf798f6
Ecuador_.pdf,/home/elias/Documentos/Embeddings/SIEM/SIEM/Marco_jurídico/02_Tratados_internacionales/Comercio_exterior_paises_con_tratados_firmados/Tratdos_firmados_con_méxico/América_latina/Iniciativas_regionales/Asociación_lat_integració/imagenes_tabla/Ecuador_.pdf,SIEM/Marco_jurídico/02_Tratados_internacionales/Comercio_exterior_paises_con_tratados_firmados/Tratdos_firmados_con_méxico/América_latina/Iniciativas_regionales/Asociación_lat_integració/imagenes_tabla/Ecuador_.pdf,555031,0.53,2025-10-14T16:50:20,2025-10-16T15:10:27.510006,.pdf,b8fbd6d6a0c829091deabd1b4d8e7c1a
Chile.pdf,/home/elias/Documentos/Embeddings/SIEM/SIEM/Marco_jurídico/02_Tratados_internacionales/Comercio_exterior_paises_con_tratados_firmados/Tratdos_firmados_con_méxico/América_latina/Iniciativas_regionales/Asociación_lat_integració/imagenes_tabla/Chile.pdf,SIEM/Marco_jurídico/02_Tratados_internacionales/Comercio_exterior_paises_con_tratados_firmados/Tratdos_firmados_con_méxico/América_latina/Iniciativas_regionales/Asociación_lat_integració/imagenes_tabla/Chile.pdf,525541,0.5,2025-10-14T16:50:20,2025-10-16T15:10:27.471153,.pdf,80a5235e4ee29ec27e3417f7f362cc8a
Uruguay.pdf,/home/elias/Documentos/Embeddings/SIEM/SIEM/Marco_jurídico/02_Tratados_internacionales/Comercio_exterior_paises_con_tratados_firmados/Tratdos_firmados_con_méxico/América_latina/Iniciativas_regionales/Asociación_lat_integració/imagenes_tabla/Uruguay.pdf,SIEM/Marco_jurídico/02_Tratados_internacionales/Comercio_exterior_paises_con_tratados_firmados/Tratdos_firmados_con_méxico/América_latina/Iniciativas_regionales/Asociación_lat_integració/imagenes_tabla/Uruguay.pdf,526985,0.5,2025-10-14T16:50:20,2025-10-16T15:10:27.588415,.pdf,7bd6481164b34767dba86d453d100dcf
Argentina_.pdf,/home/elias/Documentos/Embeddings/SIEM/SIEM/Marco_jurídico/02_Tratados_internacionales/Comercio_exterior_paises_con_tratados_firmados/Tratdos_firmados_con_méxico/América_latina/Iniciativas_regionales/Asociación_lat_integració/imagenes_tabla/Argentina_.pdf,SIEM/Marco_jurídico/02_Tratados_internacionales/Comercio_exterior_paises_con_tratados_firmados/Tratdos_firmados_con_méxico/América_latina/Iniciativas_regionales/Asociación_lat_integració/imagenes_tabla/Argentina_.pdf,599972,0.57,2025-10-14T16:50:20,2025-10-16T15:10:27.414804,.pdf,567e09d840e398444db9e34c08eda4e1
Panam_.pdf,/home/elias/Documentos/Embeddings/SIEM/SIEM/Marco_jurídico/02_Tratados_internacionales/Comercio_exterior_paises_con_tratados_firmados/Tratdos_firmados_con_méxico/América_latina/Iniciativas_regionales/Asociación_lat_integració/imagenes_tabla/Panam_.pdf,SIEM/Marco_jurídico/02_Tratados_internacionales/Comercio_exterior_paises_con_tratados_firmados/Tratdos_firmados_con_méxico/América_latina/Iniciativas_regionales/Asociación_lat_integració/imagenes_tabla/Panam_.pdf,472880,0.45,2025-10-14T16:50:20,2025-10-16T15:10:27.522097,.pdf,d4ddbd5e24072bb8e01b4636582b48e2
Per_.pdf,/home/elias/Documentos/Embeddings/SIEM/SIEM/Marco_jurídico/02_Tratados_internacionales/Comercio_exterior_paises_con_tratados_firmados/Tratdos_firmados_con_méxico/América_latina/Iniciativas_regionales/Asociación_lat_integració/imagenes_tabla/Per_.pdf,SIEM/Marco_jurídico/02_Tratados_internacionales/Comercio_exterior_paises_con_tratados_firmados/Tratdos_firmados_con_méxico/América_latina/Iniciativas_regionales/Asociación_lat_integració/imagenes_tabla/Per_.pdf,521971,0.5,2025-10-14T16:50:20,2025-10-16T15:10:27.574756,.pdf,856bc82ae112674c76b46b70629e0aad
Colombia.pdf,/home/elias/Documentos/Embeddings/SIEM/SIEM/Marco_jurídico/02_Tratados_internacionales/Comercio_exterior_paises_con_tratados_firmados/Tratdos_firmados_con_méxico/América_latina/Iniciativas_regionales/Asociación_lat_integració/imagenes_tabla/Colombia.pdf,SIEM/Marco_jurídico/02_Tratados_internacionales/Comercio_exterior_paises_con_tratados_firmados/Tratdos_firmados_con_méxico/América_latina/Iniciativas_regionales/Asociación_lat_integració/imagenes_tabla/Colombia.pdf,478914,0.46,2025-10-14T16:50:20,2025-10-16T15:10:27.483335,.pdf,01837d871a7a19706f5d70acd3338b38
Paraguay.docx.pdf,/home/elias/Documentos/Embeddings/SIEM/SIEM/Marco_jurídico/02_Tratados_internacionales/Comercio_exterior_paises_con_tratados_firmados/Tratdos_firmados_con_méxico/América_latina/Iniciativas_regionales/Asociación_lat_integració/imagenes_tabla/Paraguay.docx.pdf,SIEM/Marco_jurídico/02_Tratados_internacionales/Comercio_exterior_paises_con_tratados_firmados/Tratdos_firmados_con_méxico/América_latina/Iniciativas_regionales/Asociación_lat_integració/imagenes_tabla/Paraguay.docx.pdf,511788,0.49,2025-10-14T16:50:20,2025-10-16T15:10:27.561331,.pdf,1a61172df195b4d667df3db2c0d4a3e1
Venezuela_.pdf,/home/elias/Documentos/Embeddings/SIEM/SIEM/Marco_jurídico/02_Tratados_internacionales/Comercio_exterior_paises_con_tratados_firmados/Tratdos_firmados_con_méxico/América_latina/Iniciativas_regionales/Asociación_lat_integració/imagenes_tabla/Venezuela_.pdf,SIEM/Marco_jurídico/02_Tratados_internacionales/Comercio_exterior_paises_con_tratados_firmados/Tratdos_firmados_con_méxico/América_latina/Iniciativas_regionales/Asociación_lat_integració/imagenes_tabla/Venezuela_.pdf,565042,0.54,2025-10-14T16:50:20,2025-10-16T15:10:27.603147,.pdf,ba96951ed62f85a8216c56f7332644b2
Cuba.pdf,/home/elias/Documentos/Embeddings/SIEM/SIEM/Marco_jurídico/02_Tratados_internacionales/Comercio_exterior_paises_con_tratados_firmados/Tratdos_firmados_con_méxico/América_latina/Iniciativas_regionales/Asociación_lat_integració/imagenes_tabla/Cuba.pdf,SIEM/Marco_jurídico/02_Tratados_internacionales/Comercio_exterior_paises_con_tratados_firmados/Tratdos_firmados_con_méxico/América_latina/Iniciativas_regionales/Asociación_lat_integració/imagenes_tabla/Cuba.pdf,477816,0.46,2025-10-14T16:50:20,2025-10-16T15:10:27.495611,.pdf,1db9eb05e1915c76327522a292e83f67
Brasil.pdf,/home/elias/Documentos/Embeddings/SIEM/SIEM/Marco_jurídico/02_Tratados_internacionales/Comercio_exterior_paises_con_tratados_firmados/Tratdos_firmados_con_méxico/América_latina/Iniciativas_regionales/Asociación_lat_integració/imagenes_tabla/Brasil.pdf,SIEM/Marco_jurídico/02_Tratados_internacionales/Comercio_exterior_paises_con_tratados_firmados/Tratdos_firmados_con_méxico/América_latina/Iniciativas_regionales/Asociación_lat_integració/imagenes_tabla/Brasil.pdf,522103,0.5,2025-10-14T16:50:20,2025-10-16T15:10:27.457551,.pdf,03f08c7889a68a75dbde89d6bf5dc2ae
Lista de desgravacion Colombia.pdf,/home/elias/Documentos/Embeddings/SIEM/SIEM/Marco_jurídico/02_Tratados_internacionales/Comercio_exterior_paises_con_tratados_firmados/Tratdos_firmados_con_méxico/América_latina/Iniciativas_regionales/Alianza_del_pacífico/Tablas/Lista de desgravacion Colombia.pdf,SIEM/Marco_jurídico/02_Tratados_internacionales/Comercio_exterior_paises_con_tratados_firmados/Tratdos_firmados_con_méxico/América_latina/Iniciativas_regionales/Alianza_del_pacífico/Tablas/Lista de desgravacion Colombia.pdf,26353040,25.13,2025-10-14T16:16:20,2025-10-16T15:10:25.097491,.pdf,7e3afdec4f7cbbd29995117633e80e34
Lista de desgravación Chile.pdf,/home/elias/Documentos/Embeddings/SIEM/SIEM/Marco_jurídico/02_Tratados_internacionales/Comercio_exterior_paises_con_tratados_firmados/Tratdos_firmados_con_méxico/América_latina/Iniciativas_regionales/Alianza_del_pacífico/Tablas/Lista de desgravación Chile.pdf,SIEM/Marco_jurídico/02_Tratados_internacionales/Comercio_exterior_paises_con_tratados_firmados/Tratdos_firmados_con_méxico/América_latina/Iniciativas_regionales/Alianza_del_pacífico/Tablas/Lista de desgravación Chile.pdf,13540470,12.91,2025-10-14T16:15:18,2025-10-16T15:10:27.379267,.pdf,c0a09aece6c77e888f8dbadfd9ec908f
Lista de desgravacion Mexico.pdf,/home/elias/Documentos/Embeddings/SIEM/SIEM/Marco_jurídico/02_Tratados_internacionales/Comercio_exterior_paises_con_tratados_firmados/Tratdos_firmados_con_méxico/América_latina/Iniciativas_regionales/Alianza_del_pacífico/Tablas/Lista de desgravacion Mexico.pdf,SIEM/Marco_jurídico/02_Tratados_internacionales/Comercio_exterior_paises_con_tratados_firmados/Tratdos_firmados_con_méxico/América_latina/Iniciativas_regionales/Alianza_del_pacífico/Tablas/Lista de desgravacion Mexico.pdf,51066048,48.7,2025-10-14T16:16:38,2025-10-16T15:10:26.489819,.pdf,d82919cdaf5cc168c9bfd519b9e6472e
Lista de desgravacion Peru.pdf,/home/elias/Documentos/Embeddings/SIEM/SIEM/Marco_jurídico/02_Tratados_internacionales/Comercio_exterior_paises_con_tratados_firmados/Tratdos_firmados_con_méxico/América_latina/Iniciativas_regionales/Alianza_del_pacífico/Tablas/Lista de desgravacion Peru.pdf,SIEM/Marco_jurídico/02_Tratados_internacionales/Comercio_exterior_paises_con_tratados_firmados/Tratdos_firmados_con_méxico/América_latina/Iniciativas_regionales/Alianza_del_pacífico/Tablas/Lista de desgravacion Peru.pdf,21571000,20.57,2025-10-14T16:16:26,2025-10-16T15:10:27.023790,.pdf,599d75225af502b2c5688dce6c5f3439
Decision_2_Reglas_y_Procedimientos_de_la_Comision_Libre.pdf,/home/elias/Documentos/Embeddings/SIEM/SIEM/Marco_jurídico/02_Tratados_internacionales/Comercio_exterior_paises_con_tratados_firmados/Tratdos_firmados_con_méxico/América_latina/Iniciativas_regionales/Alianza_del_pacífico/respado_docs_imagen/Decision_2_Reglas_y_Procedimientos_de_la_Comision_Libre.pdf,SIEM/Marco_jurídico/02_Tratados_internacionales/Comercio_exterior_paises_con_tratados_firmados/Tratdos_firmados_con_méxico/América_latina/Iniciativas_regionales/Alianza_del_pacífico/respado_docs_imagen/Decision_2_Reglas_y_Procedimientos_de_la_Comision_Libre.pdf,159738,0.15,2025-10-14T16:17:16,2025-10-16T15:10:24.139360,.pdf,f1ba18ebd5c8a30ae82d1fa37399b5fa
protocolo adicional al acuerdo marco.pdf,/home/elias/Documentos/Embeddings/SIEM/SIEM/Marco_jurídico/02_Tratados_internacionales/Comercio_exterior_paises_con_tratados_firmados/Tratdos_firmados_con_méxico/América_latina/Iniciativas_regionales/Alianza_del_pacífico/respado_docs_imagen/protocolo adicional al acuerdo marco.pdf,SIEM/Marco_jurídico/02_Tratados_internacionales/Comercio_exterior_paises_con_tratados_firmados/Tratdos_firmados_con_méxico/América_latina/Iniciativas_regionales/Alianza_del_pacífico/respado_docs_imagen/protocolo adicional al acuerdo marco.pdf,3389352,3.23,2025-10-14T16:30:38,2025-10-16T15:10:24.380708,.pdf,91f1c1ee27b446184a84a8c1e7d7a565
Decision_3_Por_la_que_se_aprueban_las_Reglas_de_Procedimiento_de_los_T._....pdf,/home/elias/Documentos/Embeddings/SIEM/SIEM/Marco_jurídico/02_Tratados_internacionales/Comercio_exterior_paises_con_tratados_firmados/Tratdos_firmados_con_méxico/América_latina/Iniciativas_regionales/Alianza_del_pacífico/respado_docs_imagen/Decision_3_Por_la_que_se_aprueban_las_Reglas_de_Procedimiento_de_los_T._....pdf,SIEM/Marco_jurídico/02_Tratados_internacionales/Comercio_exterior_paises_con_tratados_firmados/Tratdos_firmados_con_méxico/América_latina/Iniciativas_regionales/Alianza_del_pacífico/respado_docs_imagen/Decision_3_Por_la_que_se_aprueban_las_Reglas_de_Procedimiento_de_los_T._....pdf,394393,0.38,2025-10-14T16:17:12,2025-10-16T15:10:24.157733,.pdf,3ccde31eb420c6c1a3b3478fc293ce64
Acuerdo Marco de la Alianza del Pacífico.pdf,/home/elias/Documentos/Embeddings/SIEM/SIEM/Marco_jurídico/02_Tratados_internacionales/Comercio_exterior_paises_con_tratados_firmados/Tratdos_firmados_con_méxico/América_latina/Iniciativas_regionales/Alianza_del_pacífico/respado_docs_imagen/Acuerdo Marco de la Alianza del Pacífico.pdf,SIEM/Marco_jurídico/02_Tratados_internacionales/Comercio_exterior_paises_con_tratados_firmados/Tratdos_firmados_con_méxico/América_latina/Iniciativas_regionales/Alianza_del_pacífico/respado_docs_imagen/Acuerdo Marco de la Alianza del Pacífico.pdf,4784741,4.56,2025-10-14T16:31:06,2025-10-16T15:10:24.009310,.pdf,283e7733335e651440bd9b79c87a9d81
Segundo_Protocolo_Modificatorio_del_PA.PDF,/home/elias/Documentos/Embeddings/SIEM/SIEM/Marco_jurídico/02_Tratados_internacionales/Comercio_exterior_paises_con_tratados_firmados/Tratdos_firmados_con_méxico/América_latina/Iniciativas_regionales/Alianza_del_pacífico/respado_docs_imagen/Segundo_Protocolo_Modificatorio_del_PA.PDF,SIEM/Marco_jurídico/02_Tratados_internacionales/Comercio_exterior_paises_con_tratados_firmados/Tratdos_firmados_con_méxico/América_latina/Iniciativas_regionales/Alianza_del_pacífico/respado_docs_imagen/Segundo_Protocolo_Modificatorio_del_PA.PDF,1291845,1.23,2025-10-14T16:30:24,2025-10-16T15:10:24.423300,.pdf,ae5d8403aee253e2b2a9b6fc0d4bf53c
PRIMER_PROTOCOLO_MODIFICATORIO__Paracas_3_de_julio_de_2015.pdf,/home/elias/Documentos/Embeddings/SIEM/SIEM/Marco_jurídico/02_Tratados_internacionales/Comercio_exterior_paises_con_tratados_firmados/Tratdos_firmados_con_méxico/América_latina/Iniciativas_regionales/Alianza_del_pacífico/respado_docs_imagen/PRIMER_PROTOCOLO_MODIFICATORIO__Paracas_3_de_julio_de_2015.pdf,SIEM/Marco_jurídico/02_Tratados_internacionales/Comercio_exterior_paises_con_tratados_firmados/Tratdos_firmados_con_méxico/América_latina/Iniciativas_regionales/Alianza_del_pacífico/respado_docs_imagen/PRIMER_PROTOCOLO_MODIFICATORIO__Paracas_3_de_julio_de_2015.pdf,3697229,3.53,2025-10-14T16:30:44,2025-10-16T15:10:24.277963,.pdf,b347bfb96de0cf4aaed890db15a77812
Decision_1_de_la_Comision_de_Libre_Comercio.pdf,/home/elias/Documentos/Embeddings/SIEM/SIEM/Marco_jurídico/02_Tratados_internacionales/Comercio_exterior_paises_con_tratados_firmados/Tratdos_firmados_con_méxico/América_latina/Iniciativas_regionales/Alianza_del_pacífico/respado_docs_imagen/Decision_1_de_la_Comision_de_Libre_Comercio.pdf,SIEM/Marco_jurídico/02_Tratados_internacionales/Comercio_exterior_paises_con_tratados_firmados/Tratdos_firmados_con_méxico/América_latina/Iniciativas_regionales/Alianza_del_pacífico/respado_docs_imagen/Decision_1_de_la_Comision_de_Libre_Comercio.pdf,489942,0.47,2025-10-14T16:17:20,2025-10-16T15:10:24.133242,.pdf,7e1d697bb5a9afcadf03b4c2e011ea2f
Decision_4_Procedimiento_Gral.emision_y_recepcion_certificados_origen.pdf,/home/elias/Documentos/Embeddings/SIEM/SIEM/Marco_jurídico/02_Tratados_internacionales/Comercio_exterior_paises_con_tratados_firmados/Tratdos_firmados_con_méxico/América_latina/Iniciativas_regionales/Alianza_del_pacífico/respado_docs_imagen/Decision_4_Procedimiento_Gral.emision_y_recepcion_certificados_origen.pdf,SIEM/Marco_jurídico/02_Tratados_internacionales/Comercio_exterior_paises_con_tratados_firmados/Tratdos_firmados_con_méxico/América_latina/Iniciativas_regionales/Alianza_del_pacífico/respado_docs_imagen/Decision_4_Procedimiento_Gral.emision_y_recepcion_certificados_origen.pdf,166467,0.16,2025-10-14T16:17:06,2025-10-16T15:10:24.167438,.pdf,f6e85fb75d3f47011536c4b6dc76c860
Decision5-FTC-s.pdf,/home/elias/Documentos/Embeddings/SIEM/SIEM/Marco_jurídico/02_Tratados_internacionales/Comercio_exterior_paises_con_tratados_firmados/Tratdos_firmados_con_méxico/América_latina/Iniciativas_regionales/Alianza_del_pacífico/respado_docs_imagen/Decision5-FTC-s.pdf,SIEM/Marco_jurídico/02_Tratados_internacionales/Comercio_exterior_paises_con_tratados_firmados/Tratdos_firmados_con_méxico/América_latina/Iniciativas_regionales/Alianza_del_pacífico/respado_docs_imagen/Decision5-FTC-s.pdf,3615152,3.45,2025-10-14T16:17:02,2025-10-16T15:10:24.118531,.pdf,6831ecf801df4e2ce642bd149494ae77
SE_decision_6_centroamerica.pdf,/home/elias/Documentos/Embeddings/SIEM/SIEM/Marco_jurídico/02_Tratados_internacionales/Comercio_exterior_paises_con_tratados_firmados/Tratdos_firmados_con_méxico/América_latina/Iniciativas_regionales/Decisiones_TLC_centro/respado_docs_image/SE_decision_6_centroamerica.pdf,SIEM/Marco_jurídico/02_Tratados_internacionales/Comercio_exterior_paises_con_tratados_firmados/Tratdos_firmados_con_méxico/América_latina/Iniciativas_regionales/Decisiones_TLC_centro/respado_docs_image/SE_decision_6_centroamerica.pdf,1899267,1.81,2025-10-14T16:55:54,2025-10-16T15:10:28.726766,.pdf,1431a94f1d2205ed223de55f0d0ff373
Decisi_n_No.11_Lista_de_Panelistas_No_Parte.pdf,/home/elias/Documentos/Embeddings/SIEM/SIEM/Marco_jurídico/02_Tratados_internacionales/Comercio_exterior_paises_con_tratados_firmados/Tratdos_firmados_con_méxico/América_latina/Iniciativas_regionales/Decisiones_TLC_centro/respado_docs_image/Decisi_n_No.11_Lista_de_Panelistas_No_Parte.pdf,SIEM/Marco_jurídico/02_Tratados_internacionales/Comercio_exterior_paises_con_tratados_firmados/Tratdos_firmados_con_méxico/América_latina/Iniciativas_regionales/Decisiones_TLC_centro/respado_docs_image/Decisi_n_No.11_Lista_de_Panelistas_No_Parte.pdf,50695,0.05,2025-10-14T16:55:54,2025-10-16T15:10:28.276851,.pdf,e447002483d0c70f236da97e129c5e9b
SE_decision_5-centroamerica.pdf,/home/elias/Documentos/Embeddings/SIEM/SIEM/Marco_jurídico/02_Tratados_internacionales/Comercio_exterior_paises_con_tratados_firmados/Tratdos_firmados_con_méxico/América_latina/Iniciativas_regionales/Decisiones_TLC_centro/respado_docs_image/SE_decision_5-centroamerica.pdf,SIEM/Marco_jurídico/02_Tratados_internacionales/Comercio_exterior_paises_con_tratados_firmados/Tratdos_firmados_con_méxico/América_latina/Iniciativas_regionales/Decisiones_TLC_centro/respado_docs_image/SE_decision_5-centroamerica.pdf,7255069,6.92,2025-10-14T16:55:54,2025-10-16T15:10:28.678941,.pdf,db865260f930bf8281ba1e58ca3c3379
SE_decision_1_centroamerica.pdf,/home/elias/Documentos/Embeddings/SIEM/SIEM/Marco_jurídico/02_Tratados_internacionales/Comercio_exterior_paises_con_tratados_firmados/Tratdos_firmados_con_méxico/América_latina/Iniciativas_regionales/Decisiones_TLC_centro/respado_docs_image/SE_decision_1_centroamerica.pdf,SIEM/Marco_jurídico/02_Tratados_internacionales/Comercio_exterior_paises_con_tratados_firmados/Tratdos_firmados_con_méxico/América_latina/Iniciativas_regionales/Decisiones_TLC_centro/respado_docs_image/SE_decision_1_centroamerica.pdf,753124,0.72,2025-10-14T16:55:54,2025-10-16T15:10:28.455696,.pdf,c7cbc4798bce11bbb4506b1f6f10f27f
Decisi_n_No._10_Lista_Indicativa_de_Panelistas_Parte.pdf,/home/elias/Documentos/Embeddings/SIEM/SIEM/Marco_jurídico/02_Tratados_internacionales/Comercio_exterior_paises_con_tratados_firmados/Tratdos_firmados_con_méxico/América_latina/Iniciativas_regionales/Decisiones_TLC_centro/respado_docs_image/Decisi_n_No._10_Lista_Indicativa_de_Panelistas_Parte.pdf,SIEM/Marco_jurídico/02_Tratados_internacionales/Comercio_exterior_paises_con_tratados_firmados/Tratdos_firmados_con_méxico/América_latina/Iniciativas_regionales/Decisiones_TLC_centro/respado_docs_image/Decisi_n_No._10_Lista_Indicativa_de_Panelistas_Parte.pdf,67495,0.06,2025-10-14T16:55:54,2025-10-16T15:10:28.278939,.pdf,bf63154474b6c0220e3f78d2d8384f5b
Decisi_n_No._9_Rreglamentaciones_Uniformes.pdf,/home/elias/Documentos/Embeddings/SIEM/SIEM/Marco_jurídico/02_Tratados_internacionales/Comercio_exterior_paises_con_tratados_firmados/Tratdos_firmados_con_méxico/América_latina/Iniciativas_regionales/Decisiones_TLC_centro/respado_docs_image/Decisi_n_No._9_Rreglamentaciones_Uniformes.pdf,SIEM/Marco_jurídico/02_Tratados_internacionales/Comercio_exterior_paises_con_tratados_firmados/Tratdos_firmados_con_méxico/América_latina/Iniciativas_regionales/Decisiones_TLC_centro/respado_docs_image/Decisi_n_No._9_Rreglamentaciones_Uniformes.pdf,288633,0.28,2025-10-14T16:55:54,2025-10-16T15:10:28.436438,.pdf,d1dbe4fbd48c81c636acce8a496fbd24
Decisi_n_No._8_Modificaciones_Anexo_4.3_RO.pdf,/home/elias/Documentos/Embeddings/SIEM/SIEM/Marco_jurídico/02_Tratados_internacionales/Comercio_exterior_paises_con_tratados_firmados/Tratdos_firmados_con_méxico/América_latina/Iniciativas_regionales/Decisiones_TLC_centro/respado_docs_image/Decisi_n_No._8_Modificaciones_Anexo_4.3_RO.pdf,SIEM/Marco_jurídico/02_Tratados_internacionales/Comercio_exterior_paises_con_tratados_firmados/Tratdos_firmados_con_méxico/América_latina/Iniciativas_regionales/Decisiones_TLC_centro/respado_docs_image/Decisi_n_No._8_Modificaciones_Anexo_4.3_RO.pdf,5914101,5.64,2025-10-14T16:55:54,2025-10-16T15:10:28.428926,.pdf,b775230cc8fabc4dbcf8ffd1bf5cb443
SE_decision_2_centroamerica.pdf,/home/elias/Documentos/Embeddings/SIEM/SIEM/Marco_jurídico/02_Tratados_internacionales/Comercio_exterior_paises_con_tratados_firmados/Tratdos_firmados_con_méxico/América_latina/Iniciativas_regionales/Decisiones_TLC_centro/respado_docs_image/SE_decision_2_centroamerica.pdf,SIEM/Marco_jurídico/02_Tratados_internacionales/Comercio_exterior_paises_con_tratados_firmados/Tratdos_firmados_con_méxico/América_latina/Iniciativas_regionales/Decisiones_TLC_centro/respado_docs_image/SE_decision_2_centroamerica.pdf,41982,0.04,2025-10-14T16:55:54,2025-10-16T15:10:28.457118,.pdf,930caba4b26606ec0c4d52445e6a4fa3
SE_decision_4_centroamerica.pdf,/home/elias/Documentos/Embeddings/SIEM/SIEM/Marco_jurídico/02_Tratados_internacionales/Comercio_exterior_paises_con_tratados_firmados/Tratdos_firmados_con_méxico/América_latina/Iniciativas_regionales/Decisiones_TLC_centro/respado_docs_image/SE_decision_4_centroamerica.pdf,SIEM/Marco_jurídico/02_Tratados_internacionales/Comercio_exterior_paises_con_tratados_firmados/Tratdos_firmados_con_méxico/América_latina/Iniciativas_regionales/Decisiones_TLC_centro/respado_docs_image/SE_decision_4_centroamerica.pdf,557858,0.53,2025-10-14T16:55:54,2025-10-16T15:10:28.473237,.pdf,dbd05bb9194c094011426bcf115db787
SE_decision_3_centroamerica.pdf,/home/elias/Documentos/Embeddings/SIEM/SIEM/Marco_jurídico/02_Tratados_internacionales/Comercio_exterior_paises_con_tratados_firmados/Tratdos_firmados_con_méxico/América_latina/Iniciativas_regionales/Decisiones_TLC_centro/respado_docs_image/SE_decision_3_centroamerica.pdf,SIEM/Marco_jurídico/02_Tratados_internacionales/Comercio_exterior_paises_con_tratados_firmados/Tratdos_firmados_con_méxico/América_latina/Iniciativas_regionales/Decisiones_TLC_centro/respado_docs_image/SE_decision_3_centroamerica.pdf,56740,0.05,2025-10-14T16:55:54,2025-10-16T15:10:28.458833,.pdf,fcdc44e2884e536bbfce19b725b5bd44
Decisi_n_No._7_Comite_Servicios_Inversion.pdf,/home/elias/Documentos/Embeddings/SIEM/SIEM/Marco_jurídico/02_Tratados_internacionales/Comercio_exterior_paises_con_tratados_firmados/Tratdos_firmados_con_méxico/América_latina/Iniciativas_regionales/Decisiones_TLC_centro/respado_docs_image/Decisi_n_No._7_Comite_Servicios_Inversion.pdf,SIEM/Marco_jurídico/02_Tratados_internacionales/Comercio_exterior_paises_con_tratados_firmados/Tratdos_firmados_con_méxico/América_latina/Iniciativas_regionales/Decisiones_TLC_centro/respado_docs_image/Decisi_n_No._7_Comite_Servicios_Inversion.pdf,107633,0.1,2025-10-14T16:55:54,2025-10-16T15:10:28.281907,.pdf,2fa63233f090869e703db4251ada619a
MX_Acdo_Continuidad_Comercial_Esp.pdf,/home/elias/Documentos/Embeddings/SIEM/SIEM/Marco_jurídico/02_Tratados_internacionales/Comercio_exterior_paises_con_tratados_firmados/Tratdos_firmados_con_méxico/América_latina/Europa/Reino_unido/MX_Acdo_Continuidad_Comercial_Esp.pdf,SIEM/Marco_jurídico/02_Tratados_internacionales/Comercio_exterior_paises_con_tratados_firmados/Tratdos_firmados_con_méxico/América_latina/Europa/Reino_unido/MX_Acdo_Continuidad_Comercial_Esp.pdf,278957,0.27,2025-10-14T18:03:26,2025-10-16T15:10:16.984617,.pdf,98073c907a35910374f824e9695e990c
UK_Mexico_Espan_ol_Spirits_Agreement_-_Fi.pdf,/home/elias/Documentos/Embeddings/SIEM/SIEM/Marco_jurídico/02_Tratados_internacionales/Comercio_exterior_paises_con_tratados_firmados/Tratdos_firmados_con_méxico/América_latina/Europa/Reino_unido/UK_Mexico_Espan_ol_Spirits_Agreement_-_Fi.pdf,SIEM/Marco_jurídico/02_Tratados_internacionales/Comercio_exterior_paises_con_tratados_firmados/Tratdos_firmados_con_méxico/América_latina/Europa/Reino_unido/UK_Mexico_Espan_ol_Spirits_Agreement_-_Fi.pdf,313425,0.3,2025-10-14T18:03:20,2025-10-16T15:10:16.992763,.pdf,ab6b35e62e1de90877a8af10c3971552
SE_Decision1-2002_EFTA.pdf,/home/elias/Documentos/Embeddings/SIEM/SIEM/Marco_jurídico/02_Tratados_internacionales/Comercio_exterior_paises_con_tratados_firmados/Tratdos_firmados_con_méxico/América_latina/Europa/Asociación_europea_de_libre_comercio/SE_Decision1-2002_EFTA.pdf,SIEM/Marco_jurídico/02_Tratados_internacionales/Comercio_exterior_paises_con_tratados_firmados/Tratdos_firmados_con_méxico/América_latina/Europa/Asociación_europea_de_libre_comercio/SE_Decision1-2002_EFTA.pdf,115684,0.11,2025-10-15T09:57:42,2025-10-16T15:10:16.361465,.pdf,e4b237db35bdae397646ac99afa04dc8
SE_Decision1-2008_EFTA.pdf,/home/elias/Documentos/Embeddings/SIEM/SIEM/Marco_jurídico/02_Tratados_internacionales/Comercio_exterior_paises_con_tratados_firmados/Tratdos_firmados_con_méxico/América_latina/Europa/Asociación_europea_de_libre_comercio/SE_Decision1-2008_EFTA.pdf,SIEM/Marco_jurídico/02_Tratados_internacionales/Comercio_exterior_paises_con_tratados_firmados/Tratdos_firmados_con_méxico/América_latina/Europa/Asociación_europea_de_libre_comercio/SE_Decision1-2008_EFTA.pdf,33822,0.03,2025-10-15T09:57:42,2025-10-16T15:10:16.362574,.pdf,dff2013ea8af37faaa8f0a29e1ba69a6
SE_Decision3-2002_EFTA.pdf,/home/elias/Documentos/Embeddings/SIEM/SIEM/Marco_jurídico/02_Tratados_internacionales/Comercio_exterior_paises_con_tratados_firmados/Tratdos_firmados_con_méxico/América_latina/Europa/Asociación_europea_de_libre_comercio/SE_Decision3-2002_EFTA.pdf,SIEM/Marco_jurídico/02_Tratados_internacionales/Comercio_exterior_paises_con_tratados_firmados/Tratdos_firmados_con_méxico/América_latina/Europa/Asociación_europea_de_libre_comercio/SE_Decision3-2002_EFTA.pdf,128621,0.12,2025-10-15T09:57:42,2025-10-16T15:10:16.366020,.pdf,eeadf237428f511fb661ec1aef5d7f97
SE_acuerdo_reglas_certificacion_origen2002_EFTA.pdf,/home/elias/Documentos/Embeddings/SIEM/SIEM/Marco_jurídico/02_Tratados_internacionales/Comercio_exterior_paises_con_tratados_firmados/Tratdos_firmados_con_méxico/América_latina/Europa/Asociación_europea_de_libre_comercio/SE_acuerdo_reglas_certificacion_origen2002_EFTA.pdf,SIEM/Marco_jurídico/02_Tratados_internacionales/Comercio_exterior_paises_con_tratados_firmados/Tratdos_firmados_con_méxico/América_latina/Europa/Asociación_europea_de_libre_comercio/SE_acuerdo_reglas_certificacion_origen2002_EFTA.pdf,317898,0.3,2025-10-15T09:57:42,2025-10-16T15:10:16.358277,.pdf,0738ee1e930ca43d77b85869cd2b0ab6
SE_DECRETO_Promulgatorio_Acuerdo_Agricultura_Mexico-Suiza.pdf,/home/elias/Documentos/Embeddings/SIEM/SIEM/Marco_jurídico/02_Tratados_internacionales/Comercio_exterior_paises_con_tratados_firmados/Tratdos_firmados_con_méxico/América_latina/Europa/Asociación_europea_de_libre_comercio/SE_DECRETO_Promulgatorio_Acuerdo_Agricultura_Mexico-Suiza.pdf,SIEM/Marco_jurídico/02_Tratados_internacionales/Comercio_exterior_paises_con_tratados_firmados/Tratdos_firmados_con_méxico/América_latina/Europa/Asociación_europea_de_libre_comercio/SE_DECRETO_Promulgatorio_Acuerdo_Agricultura_Mexico-Suiza.pdf,1102966,1.05,2025-10-15T09:56:34,2025-10-16T15:10:16.414140,.pdf,0ca51f3881cea544de85114098a965c6
SE_DECRETO_Promulgatorio_TLC_Mexico-AELC_1a_parte.pdf,/home/elias/Documentos/Embeddings/SIEM/SIEM/Marco_jurídico/02_Tratados_internacionales/Comercio_exterior_paises_con_tratados_firmados/Tratdos_firmados_con_méxico/América_latina/Europa/Asociación_europea_de_libre_comercio/SE_DECRETO_Promulgatorio_TLC_Mexico-AELC_1a_parte.pdf,SIEM/Marco_jurídico/02_Tratados_internacionales/Comercio_exterior_paises_con_tratados_firmados/Tratdos_firmados_con_méxico/América_latina/Europa/Asociación_europea_de_libre_comercio/SE_DECRETO_Promulgatorio_TLC_Mexico-AELC_1a_parte.pdf,1079149,1.03,2025-10-15T10:02:42,2025-10-16T15:10:16.441447,.pdf,4219093f55b6fa24cc13a2444fe64820
SE_DECRETO_Promulgatorio__Acuerdo_Agricultura_Mexico-Islandia.pdf,/home/elias/Documentos/Embeddings/SIEM/SIEM/Marco_jurídico/02_Tratados_internacionales/Comercio_exterior_paises_con_tratados_firmados/Tratdos_firmados_con_méxico/América_latina/Europa/Asociación_europea_de_libre_comercio/SE_DECRETO_Promulgatorio__Acuerdo_Agricultura_Mexico-Islandia.pdf,SIEM/Marco_jurídico/02_Tratados_internacionales/Comercio_exterior_paises_con_tratados_firmados/Tratdos_firmados_con_méxico/América_latina/Europa/Asociación_europea_de_libre_comercio/SE_DECRETO_Promulgatorio__Acuerdo_Agricultura_Mexico-Islandia.pdf,530470,0.51,2025-10-15T09:56:32,2025-10-16T15:10:16.455321,.pdf,4d7d81a033768d19f112ed3df490b64c
SE_DECRETO_Promulgatorio_Acuerdo_Agricultura_Mexico-Noruega.pdf,/home/elias/Documentos/Embeddings/SIEM/SIEM/Marco_jurídico/02_Tratados_internacionales/Comercio_exterior_paises_con_tratados_firmados/Tratdos_firmados_con_méxico/América_latina/Europa/Asociación_europea_de_libre_comercio/SE_DECRETO_Promulgatorio_Acuerdo_Agricultura_Mexico-Noruega.pdf,SIEM/Marco_jurídico/02_Tratados_internacionales/Comercio_exterior_paises_con_tratados_firmados/Tratdos_firmados_con_méxico/América_latina/Europa/Asociación_europea_de_libre_comercio/SE_DECRETO_Promulgatorio_Acuerdo_Agricultura_Mexico-Noruega.pdf,786906,0.75,2025-10-15T09:56:32,2025-10-16T15:10:16.386217,.pdf,ec428caba8c36372c426ae7746ad4a05
SE_Notas_explicativas2001_EFTA.pdf,/home/elias/Documentos/Embeddings/SIEM/SIEM/Marco_jurídico/02_Tratados_internacionales/Comercio_exterior_paises_con_tratados_firmados/Tratdos_firmados_con_méxico/América_latina/Europa/Asociación_europea_de_libre_comercio/SE_Notas_explicativas2001_EFTA.pdf,SIEM/Marco_jurídico/02_Tratados_internacionales/Comercio_exterior_paises_con_tratados_firmados/Tratdos_firmados_con_méxico/América_latina/Europa/Asociación_europea_de_libre_comercio/SE_Notas_explicativas2001_EFTA.pdf,52602,0.05,2025-10-15T09:57:42,2025-10-16T15:10:16.456899,.pdf,bdbf751373879eebd3140b9afa2aa35d
SE_Decision2_2002_TLCUEM.pdf,/home/elias/Documentos/Embeddings/SIEM/SIEM/Marco_jurídico/02_Tratados_internacionales/Comercio_exterior_paises_con_tratados_firmados/Tratdos_firmados_con_méxico/América_latina/Europa/Unión_europea/SE_Decision2_2002_TLCUEM.pdf,SIEM/Marco_jurídico/02_Tratados_internacionales/Comercio_exterior_paises_con_tratados_firmados/Tratdos_firmados_con_méxico/América_latina/Europa/Unión_europea/SE_Decision2_2002_TLCUEM.pdf,101741,0.1,2025-10-15T09:48:46,2025-10-16T15:10:17.064482,.pdf,f8d25f5bfba737c104b1eca2c3ce4911
SE_Decision4_2004_TLCUEM.pdf,/home/elias/Documentos/Embeddings/SIEM/SIEM/Marco_jurídico/02_Tratados_internacionales/Comercio_exterior_paises_con_tratados_firmados/Tratdos_firmados_con_méxico/América_latina/Europa/Unión_europea/SE_Decision4_2004_TLCUEM.pdf,SIEM/Marco_jurídico/02_Tratados_internacionales/Comercio_exterior_paises_con_tratados_firmados/Tratdos_firmados_con_méxico/América_latina/Europa/Unión_europea/SE_Decision4_2004_TLCUEM.pdf,190861,0.18,2025-10-15T09:48:46,2025-10-16T15:10:17.094237,.pdf,c45d9e42e3f9bd543951a8f87a2aa7e5
imagen_xii_reunion_comite_conjunto_mx_ue_0713.pdf,/home/elias/Documentos/Embeddings/SIEM/SIEM/Marco_jurídico/02_Tratados_internacionales/Comercio_exterior_paises_con_tratados_firmados/Tratdos_firmados_con_méxico/América_latina/Europa/Unión_europea/imagen_xii_reunion_comite_conjunto_mx_ue_0713.pdf,SIEM/Marco_jurídico/02_Tratados_internacionales/Comercio_exterior_paises_con_tratados_firmados/Tratdos_firmados_con_méxico/América_latina/Europa/Unión_europea/imagen_xii_reunion_comite_conjunto_mx_ue_0713.pdf,256883,0.24,2025-10-14T18:05:08,2025-10-16T15:10:17.020331,.pdf,a3a7facaae1cefb4a6fe44cca75ae1a2
SE_Decision4_2002_TLCUEM.pdf,/home/elias/Documentos/Embeddings/SIEM/SIEM/Marco_jurídico/02_Tratados_internacionales/Comercio_exterior_paises_con_tratados_firmados/Tratdos_firmados_con_méxico/América_latina/Europa/Unión_europea/SE_Decision4_2002_TLCUEM.pdf,SIEM/Marco_jurídico/02_Tratados_internacionales/Comercio_exterior_paises_con_tratados_firmados/Tratdos_firmados_con_méxico/América_latina/Europa/Unión_europea/SE_Decision4_2002_TLCUEM.pdf,84716,0.08,2025-10-15T09:48:46,2025-10-16T15:10:17.089234,.pdf,6551d596e9055c1aa5c21cc85f38c038
SE_Decision1_2000_TLCUEM.pdf,/home/elias/Documentos/Embeddings/SIEM/SIEM/Marco_jurídico/02_Tratados_internacionales/Comercio_exterior_paises_con_tratados_firmados/Tratdos_firmados_con_méxico/América_latina/Europa/Unión_europea/SE_Decision1_2000_TLCUEM.pdf,SIEM/Marco_jurídico/02_Tratados_internacionales/Comercio_exterior_paises_con_tratados_firmados/Tratdos_firmados_con_méxico/América_latina/Europa/Unión_europea/SE_Decision1_2000_TLCUEM.pdf,136810,0.13,2025-10-15T09:48:46,2025-10-16T15:10:17.043297,.pdf,7a86a204cb80c1649b162cf43cff2100
imagen_Consejo_090212_Europa.pdf,/home/elias/Documentos/Embeddings/SIEM/SIEM/Marco_jurídico/02_Tratados_internacionales/Comercio_exterior_paises_con_tratados_firmados/Tratdos_firmados_con_méxico/América_latina/Europa/Unión_europea/imagen_Consejo_090212_Europa.pdf,SIEM/Marco_jurídico/02_Tratados_internacionales/Comercio_exterior_paises_con_tratados_firmados/Tratdos_firmados_con_méxico/América_latina/Europa/Unión_europea/imagen_Consejo_090212_Europa.pdf,114008,0.11,2025-10-14T18:05:08,2025-10-16T15:10:16.999417,.pdf,2b18e78870c524031b3f276c30734b24
SE_Decreto_Acuerdo_Asociaci_nEcon_mica_Concertaci_nPol_tica_8.pdf,/home/elias/Documentos/Embeddings/SIEM/SIEM/Marco_jurídico/02_Tratados_internacionales/Comercio_exterior_paises_con_tratados_firmados/Tratdos_firmados_con_méxico/América_latina/Europa/Unión_europea/SE_Decreto_Acuerdo_Asociaci_nEcon_mica_Concertaci_nPol_tica_8.pdf,SIEM/Marco_jurídico/02_Tratados_internacionales/Comercio_exterior_paises_con_tratados_firmados/Tratdos_firmados_con_méxico/América_latina/Europa/Unión_europea/SE_Decreto_Acuerdo_Asociaci_nEcon_mica_Concertaci_nPol_tica_8.pdf,369726,0.35,2025-10-15T09:50:28,2025-10-16T15:10:17.182563,.pdf,b93badf94cb6715ae5f1f020130c9bc6
imagen_Nota_ABC_TLCUEM_temp_Europa.pdf,/home/elias/Documentos/Embeddings/SIEM/SIEM/Marco_jurídico/02_Tratados_internacionales/Comercio_exterior_paises_con_tratados_firmados/Tratdos_firmados_con_méxico/América_latina/Europa/Unión_europea/imagen_Nota_ABC_TLCUEM_temp_Europa.pdf,SIEM/Marco_jurídico/02_Tratados_internacionales/Comercio_exterior_paises_con_tratados_firmados/Tratdos_firmados_con_méxico/América_latina/Europa/Unión_europea/imagen_Nota_ABC_TLCUEM_temp_Europa.pdf,154227,0.15,2025-10-14T18:05:08,2025-10-16T15:10:17.008646,.pdf,da0f05b5ddfdc600127db91dc5c6b675
SE_Decision1_2005_TLCUEM.pdf,/home/elias/Documentos/Embeddings/SIEM/SIEM/Marco_jurídico/02_Tratados_internacionales/Comercio_exterior_paises_con_tratados_firmados/Tratdos_firmados_con_méxico/América_latina/Europa/Unión_europea/SE_Decision1_2005_TLCUEM.pdf,SIEM/Marco_jurídico/02_Tratados_internacionales/Comercio_exterior_paises_con_tratados_firmados/Tratdos_firmados_con_méxico/América_latina/Europa/Unión_europea/SE_Decision1_2005_TLCUEM.pdf,28127,0.03,2025-10-15T09:48:46,2025-10-16T15:10:17.050866,.pdf,bffb81374e292297fb48f6aacd5e1601
SE_Decision5_2004_TLCUEM.pdf,/home/elias/Documentos/Embeddings/SIEM/SIEM/Marco_jurídico/02_Tratados_internacionales/Comercio_exterior_paises_con_tratados_firmados/Tratdos_firmados_con_méxico/América_latina/Europa/Unión_europea/SE_Decision5_2004_TLCUEM.pdf,SIEM/Marco_jurídico/02_Tratados_internacionales/Comercio_exterior_paises_con_tratados_firmados/Tratdos_firmados_con_méxico/América_latina/Europa/Unión_europea/SE_Decision5_2004_TLCUEM.pdf,52718,0.05,2025-10-15T09:48:46,2025-10-16T15:10:17.095835,.pdf,87a7bb22e0c08b28e40cb3ff22c56846
SE_Decreto_Acuerdo_Asociaci_nEcon_mica_Concertaci_nPol_tica_1.pdf,/home/elias/Documentos/Embeddings/SIEM/SIEM/Marco_jurídico/02_Tratados_internacionales/Comercio_exterior_paises_con_tratados_firmados/Tratdos_firmados_con_méxico/América_latina/Europa/Unión_europea/SE_Decreto_Acuerdo_Asociaci_nEcon_mica_Concertaci_nPol_tica_1.pdf,SIEM/Marco_jurídico/02_Tratados_internacionales/Comercio_exterior_paises_con_tratados_firmados/Tratdos_firmados_con_méxico/América_latina/Europa/Unión_europea/SE_Decreto_Acuerdo_Asociaci_nEcon_mica_Concertaci_nPol_tica_1.pdf,406617,0.39,2025-10-15T09:50:28,2025-10-16T15:10:17.108908,.pdf,a144c0c926fbf681ce0dcd4802b1addb
imagen_xii_joint_committee_european_union_mexico.pdf,/home/elias/Documentos/Embeddings/SIEM/SIEM/Marco_jurídico/02_Tratados_internacionales/Comercio_exterior_paises_con_tratados_firmados/Tratdos_firmados_con_méxico/América_latina/Europa/Unión_europea/imagen_xii_joint_committee_european_union_mexico.pdf,SIEM/Marco_jurídico/02_Tratados_internacionales/Comercio_exterior_paises_con_tratados_firmados/Tratdos_firmados_con_méxico/América_latina/Europa/Unión_europea/imagen_xii_joint_committee_european_union_mexico.pdf,66300,0.06,2025-10-14T18:05:08,2025-10-16T15:10:17.013637,.pdf,2725a9d01e48b8fe2f54ba2986cb9809
imagen_Cumbre_170612_Europa.pdf,/home/elias/Documentos/Embeddings/SIEM/SIEM/Marco_jurídico/02_Tratados_internacionales/Comercio_exterior_paises_con_tratados_firmados/Tratdos_firmados_con_méxico/América_latina/Europa/Unión_europea/imagen_Cumbre_170612_Europa.pdf,SIEM/Marco_jurídico/02_Tratados_internacionales/Comercio_exterior_paises_con_tratados_firmados/Tratdos_firmados_con_méxico/América_latina/Europa/Unión_europea/imagen_Cumbre_170612_Europa.pdf,114427,0.11,2025-10-14T18:05:08,2025-10-16T15:10:17.002511,.pdf,f44346dfac52bf94a30e2705decf746c
UK_Mexico_Espan_ol_Spirits_Agreement_-_Final_Text.pdf,/home/elias/Documentos/Embeddings/SIEM/SIEM/Marco_jurídico/02_Tratados_internacionales/Comercio_exterior_paises_con_tratados_firmados/Tratdos_firmados_con_méxico/América_latina/Europa/Unión_europea/UK_Mexico_Espan_ol_Spirits_Agreement_-_Final_Text.pdf,SIEM/Marco_jurídico/02_Tratados_internacionales/Comercio_exterior_paises_con_tratados_firmados/Tratdos_firmados_con_méxico/América_latina/Europa/Unión_europea/UK_Mexico_Espan_ol_Spirits_Agreement_-_Final_Text.pdf,313425,0.3,2025-10-14T18:10:26,2025-10-16T15:10:17.190597,.pdf,ab6b35e62e1de90877a8af10c3971552
SE_Decision2_2008_TLCUEM.pdf,/home/elias/Documentos/Embeddings/SIEM/SIEM/Marco_jurídico/02_Tratados_internacionales/Comercio_exterior_paises_con_tratados_firmados/Tratdos_firmados_con_méxico/América_latina/Europa/Unión_europea/SE_Decision2_2008_TLCUEM.pdf,SIEM/Marco_jurídico/02_Tratados_internacionales/Comercio_exterior_paises_con_tratados_firmados/Tratdos_firmados_con_méxico/América_latina/Europa/Unión_europea/SE_Decision2_2008_TLCUEM.pdf,205403,0.2,2025-10-15T09:48:46,2025-10-16T15:10:17.069889,.pdf,5173fe82f717c9b0267a2a880cd20786
SE_Acuerdo_CE_bebidas.pdf,/home/elias/Documentos/Embeddings/SIEM/SIEM/Marco_jurídico/02_Tratados_internacionales/Comercio_exterior_paises_con_tratados_firmados/Tratdos_firmados_con_méxico/América_latina/Europa/Unión_europea/SE_Acuerdo_CE_bebidas.pdf,SIEM/Marco_jurídico/02_Tratados_internacionales/Comercio_exterior_paises_con_tratados_firmados/Tratdos_firmados_con_méxico/América_latina/Europa/Unión_europea/SE_Acuerdo_CE_bebidas.pdf,24794,0.02,2025-10-14T18:10:26,2025-10-16T15:10:17.021221,.pdf,f003175dbba16ab1e7c35409b4829933
SE_Decreto_Acuerdo_Asociaci_nEcon_mica_Concertaci_nPol_tica_4.pdf,/home/elias/Documentos/Embeddings/SIEM/SIEM/Marco_jurídico/02_Tratados_internacionales/Comercio_exterior_paises_con_tratados_firmados/Tratdos_firmados_con_méxico/América_latina/Europa/Unión_europea/SE_Decreto_Acuerdo_Asociaci_nEcon_mica_Concertaci_nPol_tica_4.pdf,SIEM/Marco_jurídico/02_Tratados_internacionales/Comercio_exterior_paises_con_tratados_firmados/Tratdos_firmados_con_méxico/América_latina/Europa/Unión_europea/SE_Decreto_Acuerdo_Asociaci_nEcon_mica_Concertaci_nPol_tica_4.pdf,397210,0.38,2025-10-15T09:50:28,2025-10-16T15:10:17.136719,.pdf,758756d15038436513ae2673fbecadcf
SE_Decision1_2002_TLCUEM.pdf,/home/elias/Documentos/Embeddings/SIEM/SIEM/Marco_jurídico/02_Tratados_internacionales/Comercio_exterior_paises_con_tratados_firmados/Tratdos_firmados_con_méxico/América_latina/Europa/Unión_europea/SE_Decision1_2002_TLCUEM.pdf,SIEM/Marco_jurídico/02_Tratados_internacionales/Comercio_exterior_paises_con_tratados_firmados/Tratdos_firmados_con_méxico/América_latina/Europa/Unión_europea/SE_Decision1_2002_TLCUEM.pdf,79458,0.08,2025-10-15T09:48:46,2025-10-16T15:10:17.047138,.pdf,6dc632597c16df588151f2b8e15a3e70
SE_Decision3_2008_TLCUEM.pdf,/home/elias/Documentos/Embeddings/SIEM/SIEM/Marco_jurídico/02_Tratados_internacionales/Comercio_exterior_paises_con_tratados_firmados/Tratdos_firmados_con_méxico/América_latina/Europa/Unión_europea/SE_Decision3_2008_TLCUEM.pdf,SIEM/Marco_jurídico/02_Tratados_internacionales/Comercio_exterior_paises_con_tratados_firmados/Tratdos_firmados_con_méxico/América_latina/Europa/Unión_europea/SE_Decision3_2008_TLCUEM.pdf,441253,0.42,2025-10-15T09:48:46,2025-10-16T15:10:17.086848,.pdf,30ecb352532a6bbb4eefc6bf7259d01c
SE_Decreto_Acuerdo_Asociaci_nEcon_mica_Concertaci_nPol_tica_7.pdf,/home/elias/Documentos/Embeddings/SIEM/SIEM/Marco_jurídico/02_Tratados_internacionales/Comercio_exterior_paises_con_tratados_firmados/Tratdos_firmados_con_méxico/América_latina/Europa/Unión_europea/SE_Decreto_Acuerdo_Asociaci_nEcon_mica_Concertaci_nPol_tica_7.pdf,SIEM/Marco_jurídico/02_Tratados_internacionales/Comercio_exterior_paises_con_tratados_firmados/Tratdos_firmados_con_méxico/América_latina/Europa/Unión_europea/SE_Decreto_Acuerdo_Asociaci_nEcon_mica_Concertaci_nPol_tica_7.pdf,449369,0.43,2025-10-15T09:50:28,2025-10-16T15:10:17.173037,.pdf,d0dbbaac4312c6805b234e7b000a68e2
SE_Decreto_Acuerdo_Asociaci_nEcon_mica_Concertaci_nPol_tica_5.pdf,/home/elias/Documentos/Embeddings/SIEM/SIEM/Marco_jurídico/02_Tratados_internacionales/Comercio_exterior_paises_con_tratados_firmados/Tratdos_firmados_con_méxico/América_latina/Europa/Unión_europea/SE_Decreto_Acuerdo_Asociaci_nEcon_mica_Concertaci_nPol_tica_5.pdf,SIEM/Marco_jurídico/02_Tratados_internacionales/Comercio_exterior_paises_con_tratados_firmados/Tratdos_firmados_con_méxico/América_latina/Europa/Unión_europea/SE_Decreto_Acuerdo_Asociaci_nEcon_mica_Concertaci_nPol_tica_5.pdf,451484,0.43,2025-10-15T09:50:28,2025-10-16T15:10:17.148290,.pdf,980bf4517dfbcefc82d189c2c901efa2
imagen_vii_consejo_conjunto_mx_ue_090212.pdf,/home/elias/Documentos/Embeddings/SIEM/SIEM/Marco_jurídico/02_Tratados_internacionales/Comercio_exterior_paises_con_tratados_firmados/Tratdos_firmados_con_méxico/América_latina/Europa/Unión_europea/imagen_vii_consejo_conjunto_mx_ue_090212.pdf,SIEM/Marco_jurídico/02_Tratados_internacionales/Comercio_exterior_paises_con_tratados_firmados/Tratdos_firmados_con_méxico/América_latina/Europa/Unión_europea/imagen_vii_consejo_conjunto_mx_ue_090212.pdf,113885,0.11,2025-10-14T18:05:08,2025-10-16T15:10:17.011735,.pdf,8d139f77a185fcaea0ad9aa451d25037
SE_Decreto_Acuerdo_Asociaci_nEcon_mica_Concertaci_nPol_tica_3.pdf,/home/elias/Documentos/Embeddings/SIEM/SIEM/Marco_jurídico/02_Tratados_internacionales/Comercio_exterior_paises_con_tratados_firmados/Tratdos_firmados_con_méxico/América_latina/Europa/Unión_europea/SE_Decreto_Acuerdo_Asociaci_nEcon_mica_Concertaci_nPol_tica_3.pdf,SIEM/Marco_jurídico/02_Tratados_internacionales/Comercio_exterior_paises_con_tratados_firmados/Tratdos_firmados_con_méxico/América_latina/Europa/Unión_europea/SE_Decreto_Acuerdo_Asociaci_nEcon_mica_Concertaci_nPol_tica_3.pdf,381268,0.36,2025-10-15T09:50:28,2025-10-16T15:10:17.126569,.pdf,16dffc116b1e6afb54fac4e3cb32772b
SE_Decision1_2001_TLCUEM.pdf,/home/elias/Documentos/Embeddings/SIEM/SIEM/Marco_jurídico/02_Tratados_internacionales/Comercio_exterior_paises_con_tratados_firmados/Tratdos_firmados_con_méxico/América_latina/Europa/Unión_europea/SE_Decision1_2001_TLCUEM.pdf,SIEM/Marco_jurídico/02_Tratados_internacionales/Comercio_exterior_paises_con_tratados_firmados/Tratdos_firmados_con_méxico/América_latina/Europa/Unión_europea/SE_Decision1_2001_TLCUEM.pdf,51497,0.05,2025-10-15T09:48:46,2025-10-16T15:10:17.044854,.pdf,4263e65eff1e93aca8913d2e8196e209
SE_Decreto_Acuerdo_Asociaci_nEcon_mica_Concertaci_nPol_tica_2.pdf,/home/elias/Documentos/Embeddings/SIEM/SIEM/Marco_jurídico/02_Tratados_internacionales/Comercio_exterior_paises_con_tratados_firmados/Tratdos_firmados_con_méxico/América_latina/Europa/Unión_europea/SE_Decreto_Acuerdo_Asociaci_nEcon_mica_Concertaci_nPol_tica_2.pdf,SIEM/Marco_jurídico/02_Tratados_internacionales/Comercio_exterior_paises_con_tratados_firmados/Tratdos_firmados_con_méxico/América_latina/Europa/Unión_europea/SE_Decreto_Acuerdo_Asociaci_nEcon_mica_Concertaci_nPol_tica_2.pdf,307543,0.29,2025-10-15T09:50:28,2025-10-16T15:10:17.116830,.pdf,0aa992ac9c3da79deb0e53003a63cc02
SE_Decision1-2010_TLCUEM.pdf,/home/elias/Documentos/Embeddings/SIEM/SIEM/Marco_jurídico/02_Tratados_internacionales/Comercio_exterior_paises_con_tratados_firmados/Tratdos_firmados_con_méxico/América_latina/Europa/Unión_europea/SE_Decision1-2010_TLCUEM.pdf,SIEM/Marco_jurídico/02_Tratados_internacionales/Comercio_exterior_paises_con_tratados_firmados/Tratdos_firmados_con_méxico/América_latina/Europa/Unión_europea/SE_Decision1-2010_TLCUEM.pdf,715585,0.68,2025-10-15T09:48:46,2025-10-16T15:10:17.039589,.pdf,217ea5fe69dbd05b88c394b9f0f54ba8
SE_Decreto_Acuerdo_Asociaci_nEcon_mica_Concertaci_nPol_tica_6.pdf,/home/elias/Documentos/Embeddings/SIEM/SIEM/Marco_jurídico/02_Tratados_internacionales/Comercio_exterior_paises_con_tratados_firmados/Tratdos_firmados_con_méxico/América_latina/Europa/Unión_europea/SE_Decreto_Acuerdo_Asociaci_nEcon_mica_Concertaci_nPol_tica_6.pdf,SIEM/Marco_jurídico/02_Tratados_internacionales/Comercio_exterior_paises_con_tratados_firmados/Tratdos_firmados_con_méxico/América_latina/Europa/Unión_europea/SE_Decreto_Acuerdo_Asociaci_nEcon_mica_Concertaci_nPol_tica_6.pdf,517537,0.49,2025-10-15T09:50:28,2025-10-16T15:10:17.161478,.pdf,f599cb7bb6ed00301ce90a3ed90ab835
SE_Decision3_2002_TLCUEM.pdf,/home/elias/Documentos/Embeddings/SIEM/SIEM/Marco_jurídico/02_Tratados_internacionales/Comercio_exterior_paises_con_tratados_firmados/Tratdos_firmados_con_méxico/América_latina/Europa/Unión_europea/SE_Decision3_2002_TLCUEM.pdf,SIEM/Marco_jurídico/02_Tratados_internacionales/Comercio_exterior_paises_con_tratados_firmados/Tratdos_firmados_con_méxico/América_latina/Europa/Unión_europea/SE_Decision3_2002_TLCUEM.pdf,91169,0.09,2025-10-15T09:48:46,2025-10-16T15:10:17.072479,.pdf,d3ee3a39f7900b95a61f91e26e7274e4
SE_Decision1_2008_TLCUEM.pdf,/home/elias/Documentos/Embeddings/SIEM/SIEM/Marco_jurídico/02_Tratados_internacionales/Comercio_exterior_paises_con_tratados_firmados/Tratdos_firmados_con_méxico/América_latina/Europa/Unión_europea/SE_Decision1_2008_TLCUEM.pdf,SIEM/Marco_jurídico/02_Tratados_internacionales/Comercio_exterior_paises_con_tratados_firmados/Tratdos_firmados_con_méxico/América_latina/Europa/Unión_europea/SE_Decision1_2008_TLCUEM.pdf,37530,0.04,2025-10-15T09:48:46,2025-10-16T15:10:17.052071,.pdf,429a078a2ee35d17f78fa942daf6a13c
SE_Decision2_2000_TLCUEM.pdf,/home/elias/Documentos/Embeddings/SIEM/SIEM/Marco_jurídico/02_Tratados_internacionales/Comercio_exterior_paises_con_tratados_firmados/Tratdos_firmados_con_méxico/América_latina/Europa/Unión_europea/SE_Decision2_2000_TLCUEM.pdf,SIEM/Marco_jurídico/02_Tratados_internacionales/Comercio_exterior_paises_con_tratados_firmados/Tratdos_firmados_con_méxico/América_latina/Europa/Unión_europea/SE_Decision2_2000_TLCUEM.pdf,227885,0.22,2025-10-15T09:48:46,2025-10-16T15:10:17.061632,.pdf,0cc123d24d13815f572544cdb885a6d9
SE_Decision_BebidasEspirituosas_TLCUEM.pdf,/home/elias/Documentos/Embeddings/SIEM/SIEM/Marco_jurídico/02_Tratados_internacionales/Comercio_exterior_paises_con_tratados_firmados/Tratdos_firmados_con_méxico/América_latina/Europa/Unión_europea/SE_Decision_BebidasEspirituosas_TLCUEM.pdf,SIEM/Marco_jurídico/02_Tratados_internacionales/Comercio_exterior_paises_con_tratados_firmados/Tratdos_firmados_con_méxico/América_latina/Europa/Unión_europea/SE_Decision_BebidasEspirituosas_TLCUEM.pdf,97146,0.09,2025-10-14T18:10:26,2025-10-16T15:10:17.098516,.pdf,79e345cbb83a750cb2febd8fc473716c
SE_Decision1_2004_TLCUEM.pdf,/home/elias/Documentos/Embeddings/SIEM/SIEM/Marco_jurídico/02_Tratados_internacionales/Comercio_exterior_paises_con_tratados_firmados/Tratdos_firmados_con_méxico/América_latina/Europa/Unión_europea/SE_Decision1_2004_TLCUEM.pdf,SIEM/Marco_jurídico/02_Tratados_internacionales/Comercio_exterior_paises_con_tratados_firmados/Tratdos_firmados_con_méxico/América_latina/Europa/Unión_europea/SE_Decision1_2004_TLCUEM.pdf,101130,0.1,2025-10-15T09:48:46,2025-10-16T15:10:17.049911,.pdf,312aa2284b21de07c3120c05a0effcb0
imagen_Joint_Communique_Final_Eng_Feb_2012_Europa.pdf,/home/elias/Documentos/Embeddings/SIEM/SIEM/Marco_jurídico/02_Tratados_internacionales/Comercio_exterior_paises_con_tratados_firmados/Tratdos_firmados_con_méxico/América_latina/Europa/Unión_europea/imagen_Joint_Communique_Final_Eng_Feb_2012_Europa.pdf,SIEM/Marco_jurídico/02_Tratados_internacionales/Comercio_exterior_paises_con_tratados_firmados/Tratdos_firmados_con_méxico/América_latina/Europa/Unión_europea/imagen_Joint_Communique_Final_Eng_Feb_2012_Europa.pdf,69618,0.07,2025-10-14T18:05:08,2025-10-16T15:10:17.004501,.pdf,403f0dab0759ddfe84c95b27111eef19
imagen_ConsejoConjunto-9feb12-INGLES_Europa.pdf,/home/elias/Documentos/Embeddings/SIEM/SIEM/Marco_jurídico/02_Tratados_internacionales/Comercio_exterior_paises_con_tratados_firmados/Tratdos_firmados_con_méxico/América_latina/Europa/Unión_europea/imagen_ConsejoConjunto-9feb12-INGLES_Europa.pdf,SIEM/Marco_jurídico/02_Tratados_internacionales/Comercio_exterior_paises_con_tratados_firmados/Tratdos_firmados_con_méxico/América_latina/Europa/Unión_europea/imagen_ConsejoConjunto-9feb12-INGLES_Europa.pdf,101275,0.1,2025-10-14T18:05:08,2025-10-16T15:10:16.996236,.pdf,da048d13bb478be36ab43c4b7bc9e825
SE_Decision3_2004_TLCUEM.pdf,/home/elias/Documentos/Embeddings/SIEM/SIEM/Marco_jurídico/02_Tratados_internacionales/Comercio_exterior_paises_con_tratados_firmados/Tratdos_firmados_con_méxico/América_latina/Europa/Unión_europea/SE_Decision3_2004_TLCUEM.pdf,SIEM/Marco_jurídico/02_Tratados_internacionales/Comercio_exterior_paises_con_tratados_firmados/Tratdos_firmados_con_méxico/América_latina/Europa/Unión_europea/SE_Decision3_2004_TLCUEM.pdf,114556,0.11,2025-10-15T09:48:46,2025-10-16T15:10:17.075567,.pdf,aebb932dd34f25c9e770f8c35b0e3d7e
SE_DECRETO_Promulgatorio_TLC_Mexico-AELC_2a_parte.pdf,/home/elias/Documentos/Embeddings/SIEM/SIEM/Marco_jurídico/02_Tratados_internacionales/Comercio_exterior_paises_con_tratados_firmados/Tratdos_firmados_con_méxico/América_latina/Europa/Asociación_europea_de_libre_comercio/tablas/SE_DECRETO_Promulgatorio_TLC_Mexico-AELC_2a_parte.pdf,SIEM/Marco_jurídico/02_Tratados_internacionales/Comercio_exterior_paises_con_tratados_firmados/Tratdos_firmados_con_méxico/América_latina/Europa/Asociación_europea_de_libre_comercio/tablas/SE_DECRETO_Promulgatorio_TLC_Mexico-AELC_2a_parte.pdf,3500720,3.34,2025-10-15T10:02:42,2025-10-16T15:10:16.569823,.pdf,d601c295eabb2969582b83505fd4963f
SE_DECRETO_TIGIE_1julio-31diciembre_2001_AELC.pdf,/home/elias/Documentos/Embeddings/SIEM/SIEM/Marco_jurídico/02_Tratados_internacionales/Comercio_exterior_paises_con_tratados_firmados/Tratdos_firmados_con_méxico/América_latina/Europa/Asociación_europea_de_libre_comercio/tablas/SE_DECRETO_TIGIE_1julio-31diciembre_2001_AELC.pdf,SIEM/Marco_jurídico/02_Tratados_internacionales/Comercio_exterior_paises_con_tratados_firmados/Tratdos_firmados_con_méxico/América_latina/Europa/Asociación_europea_de_libre_comercio/tablas/SE_DECRETO_TIGIE_1julio-31diciembre_2001_AELC.pdf,4397799,4.19,2025-10-15T10:02:42,2025-10-16T15:10:16.870725,.pdf,58bbdb6b729f081f128510c87a33af2d
SE_DECRETO_Promulgatorio_TLC_Mexico-AELC_5a_parte.pdf,/home/elias/Documentos/Embeddings/SIEM/SIEM/Marco_jurídico/02_Tratados_internacionales/Comercio_exterior_paises_con_tratados_firmados/Tratdos_firmados_con_méxico/América_latina/Europa/Asociación_europea_de_libre_comercio/tablas/SE_DECRETO_Promulgatorio_TLC_Mexico-AELC_5a_parte.pdf,SIEM/Marco_jurídico/02_Tratados_internacionales/Comercio_exterior_paises_con_tratados_firmados/Tratdos_firmados_con_méxico/América_latina/Europa/Asociación_europea_de_libre_comercio/tablas/SE_DECRETO_Promulgatorio_TLC_Mexico-AELC_5a_parte.pdf,645142,0.62,2025-10-15T10:02:42,2025-10-16T15:10:16.761444,.pdf,05ec65cf45e9286c2b202c3379a31a32
SE_DECRETO_Promulgatorio_TLC_Mexico-AELC_4a_parte.pdf,/home/elias/Documentos/Embeddings/SIEM/SIEM/Marco_jurídico/02_Tratados_internacionales/Comercio_exterior_paises_con_tratados_firmados/Tratdos_firmados_con_méxico/América_latina/Europa/Asociación_europea_de_libre_comercio/tablas/SE_DECRETO_Promulgatorio_TLC_Mexico-AELC_4a_parte.pdf,SIEM/Marco_jurídico/02_Tratados_internacionales/Comercio_exterior_paises_con_tratados_firmados/Tratdos_firmados_con_méxico/América_latina/Europa/Asociación_europea_de_libre_comercio/tablas/SE_DECRETO_Promulgatorio_TLC_Mexico-AELC_4a_parte.pdf,3111773,2.97,2025-10-15T10:02:42,2025-10-16T15:10:16.744754,.pdf,64585e853ec9e699d59aa5998982e005
SE_Decision2-2002_EFTA.pdf,/home/elias/Documentos/Embeddings/SIEM/SIEM/Marco_jurídico/02_Tratados_internacionales/Comercio_exterior_paises_con_tratados_firmados/Tratdos_firmados_con_méxico/América_latina/Europa/Asociación_europea_de_libre_comercio/tablas/SE_Decision2-2002_EFTA.pdf,SIEM/Marco_jurídico/02_Tratados_internacionales/Comercio_exterior_paises_con_tratados_firmados/Tratdos_firmados_con_méxico/América_latina/Europa/Asociación_europea_de_libre_comercio/tablas/SE_Decision2-2002_EFTA.pdf,599444,0.57,2025-10-15T09:57:42,2025-10-16T15:10:16.482559,.pdf,816ba54a9cef93b0259f5f0ee537bb72
SE_Acuerdo_reglas_certificacion_origen2001_EFTA.pdf,/home/elias/Documentos/Embeddings/SIEM/SIEM/Marco_jurídico/02_Tratados_internacionales/Comercio_exterior_paises_con_tratados_firmados/Tratdos_firmados_con_méxico/América_latina/Europa/Asociación_europea_de_libre_comercio/tablas/SE_Acuerdo_reglas_certificacion_origen2001_EFTA.pdf,SIEM/Marco_jurídico/02_Tratados_internacionales/Comercio_exterior_paises_con_tratados_firmados/Tratdos_firmados_con_méxico/América_latina/Europa/Asociación_europea_de_libre_comercio/tablas/SE_Acuerdo_reglas_certificacion_origen2001_EFTA.pdf,318029,0.3,2025-10-15T09:57:42,2025-10-16T15:10:16.467079,.pdf,f4e15bb7ff52c7b49ac963e8d14d43b2
SE_DECRETO_Promulgatorio_TLC_Mexico-AELC_3a_parte.pdf,/home/elias/Documentos/Embeddings/SIEM/SIEM/Marco_jurídico/02_Tratados_internacionales/Comercio_exterior_paises_con_tratados_firmados/Tratdos_firmados_con_méxico/América_latina/Europa/Asociación_europea_de_libre_comercio/tablas/SE_DECRETO_Promulgatorio_TLC_Mexico-AELC_3a_parte.pdf,SIEM/Marco_jurídico/02_Tratados_internacionales/Comercio_exterior_paises_con_tratados_firmados/Tratdos_firmados_con_méxico/América_latina/Europa/Asociación_europea_de_libre_comercio/tablas/SE_DECRETO_Promulgatorio_TLC_Mexico-AELC_3a_parte.pdf,3901183,3.72,2025-10-15T10:02:42,2025-10-16T15:10:16.666988,.pdf,c275e55b2a0d8045a31249a7e5a36a9e
SE_Decision5_2002_TLCUEM.pdf,/home/elias/Documentos/Embeddings/SIEM/SIEM/Marco_jurídico/02_Tratados_internacionales/Comercio_exterior_paises_con_tratados_firmados/Tratdos_firmados_con_méxico/América_latina/Europa/Unión_europea/tablas/SE_Decision5_2002_TLCUEM.pdf,SIEM/Marco_jurídico/02_Tratados_internacionales/Comercio_exterior_paises_con_tratados_firmados/Tratdos_firmados_con_méxico/América_latina/Europa/Unión_europea/tablas/SE_Decision5_2002_TLCUEM.pdf,410688,0.39,2025-10-15T09:48:46,2025-10-16T15:10:17.205082,.pdf,50274378e24e34e34c635ca4f8b50b57
DOF_-_Diario_Oficial_de_la_Federaci_n__link.pdf,/home/elias/Documentos/Embeddings/SIEM/SIEM/Marco_jurídico/02_Tratados_internacionales/Comercio_exterior_paises_con_tratados_firmados/Tratdos_firmados_con_méxico/América_latina/Europa/Unión_europea/tablas/DOF_-_Diario_Oficial_de_la_Federaci_n__link.pdf,SIEM/Marco_jurídico/02_Tratados_internacionales/Comercio_exterior_paises_con_tratados_firmados/Tratdos_firmados_con_méxico/América_latina/Europa/Unión_europea/tablas/DOF_-_Diario_Oficial_de_la_Federaci_n__link.pdf,115024,0.11,2025-10-14T18:10:26,2025-10-16T15:10:17.194573,.pdf,77db5edcc71a31fdd25b7b642bad0285
SE_Decreto_Acuerdo_Asociaci_nEcon_mica_Concertaci_nPol_tica_9.pdf,/home/elias/Documentos/Embeddings/SIEM/SIEM/Marco_jurídico/02_Tratados_internacionales/Comercio_exterior_paises_con_tratados_firmados/Tratdos_firmados_con_méxico/América_latina/Europa/Unión_europea/tablas/SE_Decreto_Acuerdo_Asociaci_nEcon_mica_Concertaci_nPol_tica_9.pdf,SIEM/Marco_jurídico/02_Tratados_internacionales/Comercio_exterior_paises_con_tratados_firmados/Tratdos_firmados_con_méxico/América_latina/Europa/Unión_europea/tablas/SE_Decreto_Acuerdo_Asociaci_nEcon_mica_Concertaci_nPol_tica_9.pdf,458399,0.44,2025-10-15T09:50:28,2025-10-16T15:10:17.216776,.pdf,4915b0d38fb708e64418a6914c3f63cc
SE_Acuerdo_Cooperacion_Economica_Comercial-Turquia1998_Europa.pdf,/home/elias/Documentos/Embeddings/SIEM/SIEM/Marco_jurídico/02_Tratados_internacionales/Comercio_exterior_paises_con_tratados_firmados/Tratdos_firmados_con_méxico/América_latina/Europa/Cooperación_acuerdos_bilaterales/respaldo_docs_imagen/SE_Acuerdo_Cooperacion_Economica_Comercial-Turquia1998_Europa.pdf,SIEM/Marco_jurídico/02_Tratados_internacionales/Comercio_exterior_paises_con_tratados_firmados/Tratdos_firmados_con_méxico/América_latina/Europa/Cooperación_acuerdos_bilaterales/respaldo_docs_imagen/SE_Acuerdo_Cooperacion_Economica_Comercial-Turquia1998_Europa.pdf,153549,0.15,2025-10-15T10:10:38,2025-10-16T15:10:16.934458,.pdf,74d166c889b89142be3cd12ec1b6c409
SE_Carta_Intencion_Cooperacion_Europa.pdf,/home/elias/Documentos/Embeddings/SIEM/SIEM/Marco_jurídico/02_Tratados_internacionales/Comercio_exterior_paises_con_tratados_firmados/Tratdos_firmados_con_méxico/América_latina/Europa/Cooperación_acuerdos_bilaterales/respaldo_docs_imagen/SE_Carta_Intencion_Cooperacion_Europa.pdf,SIEM/Marco_jurídico/02_Tratados_internacionales/Comercio_exterior_paises_con_tratados_firmados/Tratdos_firmados_con_méxico/América_latina/Europa/Cooperación_acuerdos_bilaterales/respaldo_docs_imagen/SE_Carta_Intencion_Cooperacion_Europa.pdf,53954,0.05,2025-10-15T10:10:38,2025-10-16T15:10:16.954526,.pdf,58ccaa1e147730e18d7aa9a8e2fd3e13
SE_MoU_Mexico-Suiza_Europa.pdf,/home/elias/Documentos/Embeddings/SIEM/SIEM/Marco_jurídico/02_Tratados_internacionales/Comercio_exterior_paises_con_tratados_firmados/Tratdos_firmados_con_méxico/América_latina/Europa/Cooperación_acuerdos_bilaterales/respaldo_docs_imagen/SE_MoU_Mexico-Suiza_Europa.pdf,SIEM/Marco_jurídico/02_Tratados_internacionales/Comercio_exterior_paises_con_tratados_firmados/Tratdos_firmados_con_méxico/América_latina/Europa/Cooperación_acuerdos_bilaterales/respaldo_docs_imagen/SE_MoU_Mexico-Suiza_Europa.pdf,149140,0.14,2025-10-15T10:10:38,2025-10-16T15:10:16.965509,.pdf,1b4def93f63f0a62226169999bd1677e
SE_Acuerdo_Rumania_Relaciones_Economicas_Bilaterales2007_Europa.pdf,/home/elias/Documentos/Embeddings/SIEM/SIEM/Marco_jurídico/02_Tratados_internacionales/Comercio_exterior_paises_con_tratados_firmados/Tratdos_firmados_con_méxico/América_latina/Europa/Cooperación_acuerdos_bilaterales/respaldo_docs_imagen/SE_Acuerdo_Rumania_Relaciones_Economicas_Bilaterales2007_Europa.pdf,SIEM/Marco_jurídico/02_Tratados_internacionales/Comercio_exterior_paises_con_tratados_firmados/Tratdos_firmados_con_méxico/América_latina/Europa/Cooperación_acuerdos_bilaterales/respaldo_docs_imagen/SE_Acuerdo_Rumania_Relaciones_Economicas_Bilaterales2007_Europa.pdf,164538,0.16,2025-10-15T10:10:38,2025-10-16T15:10:16.952856,.pdf,56d83534d681211f6ce9c4bdd86b4ad8
SE_R_Checa_Acuerdo_GTAN_2006_Europa.pdf,/home/elias/Documentos/Embeddings/SIEM/SIEM/Marco_jurídico/02_Tratados_internacionales/Comercio_exterior_paises_con_tratados_firmados/Tratdos_firmados_con_méxico/América_latina/Europa/Cooperación_acuerdos_bilaterales/respaldo_docs_imagen/SE_R_Checa_Acuerdo_GTAN_2006_Europa.pdf,SIEM/Marco_jurídico/02_Tratados_internacionales/Comercio_exterior_paises_con_tratados_firmados/Tratdos_firmados_con_méxico/América_latina/Europa/Cooperación_acuerdos_bilaterales/respaldo_docs_imagen/SE_R_Checa_Acuerdo_GTAN_2006_Europa.pdf,167374,0.16,2025-10-15T10:10:38,2025-10-16T15:10:16.976305,.pdf,ee0c66ac6a31697a09693e5ec45ed7f3
SE_Carta_Intencion_MateriasPrimas_Europa.pdf,/home/elias/Documentos/Embeddings/SIEM/SIEM/Marco_jurídico/02_Tratados_internacionales/Comercio_exterior_paises_con_tratados_firmados/Tratdos_firmados_con_méxico/América_latina/Europa/Cooperación_acuerdos_bilaterales/respaldo_docs_imagen/SE_Carta_Intencion_MateriasPrimas_Europa.pdf,SIEM/Marco_jurídico/02_Tratados_internacionales/Comercio_exterior_paises_con_tratados_firmados/Tratdos_firmados_con_méxico/América_latina/Europa/Cooperación_acuerdos_bilaterales/respaldo_docs_imagen/SE_Carta_Intencion_MateriasPrimas_Europa.pdf,56130,0.05,2025-10-15T10:10:38,2025-10-16T15:10:16.958011,.pdf,16a85a5631201ea9c5e1c583ea72c60e
SE_Acuerdo_Comercio_Cooperacion_Economica_Mexico-Ucrania2003_Europa.pdf,/home/elias/Documentos/Embeddings/SIEM/SIEM/Marco_jurídico/02_Tratados_internacionales/Comercio_exterior_paises_con_tratados_firmados/Tratdos_firmados_con_méxico/América_latina/Europa/Cooperación_acuerdos_bilaterales/respaldo_docs_imagen/SE_Acuerdo_Comercio_Cooperacion_Economica_Mexico-Ucrania2003_Europa.pdf,SIEM/Marco_jurídico/02_Tratados_internacionales/Comercio_exterior_paises_con_tratados_firmados/Tratdos_firmados_con_méxico/América_latina/Europa/Cooperación_acuerdos_bilaterales/respaldo_docs_imagen/SE_Acuerdo_Comercio_Cooperacion_Economica_Mexico-Ucrania2003_Europa.pdf,199876,0.19,2025-10-15T10:10:38,2025-10-16T15:10:16.930334,.pdf,af8fe770817a737a7fb2d104e08389a9
SE_Carta_Intencion_DialogoPYME_Europa.pdf,/home/elias/Documentos/Embeddings/SIEM/SIEM/Marco_jurídico/02_Tratados_internacionales/Comercio_exterior_paises_con_tratados_firmados/Tratdos_firmados_con_méxico/América_latina/Europa/Cooperación_acuerdos_bilaterales/respaldo_docs_imagen/SE_Carta_Intencion_DialogoPYME_Europa.pdf,SIEM/Marco_jurídico/02_Tratados_internacionales/Comercio_exterior_paises_con_tratados_firmados/Tratdos_firmados_con_méxico/América_latina/Europa/Cooperación_acuerdos_bilaterales/respaldo_docs_imagen/SE_Carta_Intencion_DialogoPYME_Europa.pdf,61314,0.06,2025-10-15T10:10:38,2025-10-16T15:10:16.956341,.pdf,cf08a4005de8c13a97dde9f8dc55e3ca
SE_Acuerdo_Mexico-Belarus_Europa.pdf,/home/elias/Documentos/Embeddings/SIEM/SIEM/Marco_jurídico/02_Tratados_internacionales/Comercio_exterior_paises_con_tratados_firmados/Tratdos_firmados_con_méxico/América_latina/Europa/Cooperación_acuerdos_bilaterales/respaldo_docs_imagen/SE_Acuerdo_Mexico-Belarus_Europa.pdf,SIEM/Marco_jurídico/02_Tratados_internacionales/Comercio_exterior_paises_con_tratados_firmados/Tratdos_firmados_con_méxico/América_latina/Europa/Cooperación_acuerdos_bilaterales/respaldo_docs_imagen/SE_Acuerdo_Mexico-Belarus_Europa.pdf,130319,0.12,2025-10-15T10:10:38,2025-10-16T15:10:16.948384,.pdf,01c4c4301bdb678de95c2ab3690681b0
SE_MOU_Portugal_GTAN_2009_Europa.pdf,/home/elias/Documentos/Embeddings/SIEM/SIEM/Marco_jurídico/02_Tratados_internacionales/Comercio_exterior_paises_con_tratados_firmados/Tratdos_firmados_con_méxico/América_latina/Europa/Cooperación_acuerdos_bilaterales/respaldo_docs_imagen/SE_MOU_Portugal_GTAN_2009_Europa.pdf,SIEM/Marco_jurídico/02_Tratados_internacionales/Comercio_exterior_paises_con_tratados_firmados/Tratdos_firmados_con_méxico/América_latina/Europa/Cooperación_acuerdos_bilaterales/respaldo_docs_imagen/SE_MOU_Portugal_GTAN_2009_Europa.pdf,60129,0.06,2025-10-15T10:10:38,2025-10-16T15:10:16.967394,.pdf,fdf2949058633a8b0ea0336bf2f89d5f
SE_Republica_Eslovaca_MOU_ComisionConjunta2006_Europa.pdf,/home/elias/Documentos/Embeddings/SIEM/SIEM/Marco_jurídico/02_Tratados_internacionales/Comercio_exterior_paises_con_tratados_firmados/Tratdos_firmados_con_méxico/América_latina/Europa/Cooperación_acuerdos_bilaterales/respaldo_docs_imagen/SE_Republica_Eslovaca_MOU_ComisionConjunta2006_Europa.pdf,SIEM/Marco_jurídico/02_Tratados_internacionales/Comercio_exterior_paises_con_tratados_firmados/Tratdos_firmados_con_méxico/América_latina/Europa/Cooperación_acuerdos_bilaterales/respaldo_docs_imagen/SE_Republica_Eslovaca_MOU_ComisionConjunta2006_Europa.pdf,165332,0.16,2025-10-15T10:10:38,2025-10-16T15:10:16.971773,.pdf,79fa3c18fb21445225571f18ef87679f
SE_Israel_1.pdf,/home/elias/Documentos/Embeddings/SIEM/SIEM/Marco_jurídico/02_Tratados_internacionales/Comercio_exterior_paises_con_tratados_firmados/Tratdos_firmados_con_méxico/América_latina/Asia_pacífico/imagen_tablas/SE_Israel_1.pdf,SIEM/Marco_jurídico/02_Tratados_internacionales/Comercio_exterior_paises_con_tratados_firmados/Tratdos_firmados_con_méxico/América_latina/Asia_pacífico/imagen_tablas/SE_Israel_1.pdf,162725,0.16,2025-10-14T17:48:06,2025-10-16T15:10:16.149121,.pdf,97fdca5523718965b884ce6d46895cac
SE_japon_completo.pdf,/home/elias/Documentos/Embeddings/SIEM/SIEM/Marco_jurídico/02_Tratados_internacionales/Comercio_exterior_paises_con_tratados_firmados/Tratdos_firmados_con_méxico/América_latina/Asia_pacífico/imagen_tablas/SE_japon_completo.pdf,SIEM/Marco_jurídico/02_Tratados_internacionales/Comercio_exterior_paises_con_tratados_firmados/Tratdos_firmados_con_méxico/América_latina/Asia_pacífico/imagen_tablas/SE_japon_completo.pdf,303451,0.29,2025-10-14T17:32:20,2025-10-16T15:10:16.168966,.pdf,196815077bb32a91b76f76f26048dfcf
SE_decision_3_Japon.pdf,/home/elias/Documentos/Embeddings/SIEM/SIEM/Marco_jurídico/02_Tratados_internacionales/Comercio_exterior_paises_con_tratados_firmados/Tratdos_firmados_con_méxico/América_latina/Asia_pacífico/imagen_tablas/SE_decision_3_Japon.pdf,SIEM/Marco_jurídico/02_Tratados_internacionales/Comercio_exterior_paises_con_tratados_firmados/Tratdos_firmados_con_méxico/América_latina/Asia_pacífico/imagen_tablas/SE_decision_3_Japon.pdf,289805,0.28,2025-10-14T17:32:20,2025-10-16T15:10:16.143886,.pdf,42b911ca184a14426936f60ab8b4fa73
SE_Israel_2.pdf,/home/elias/Documentos/Embeddings/SIEM/SIEM/Marco_jurídico/02_Tratados_internacionales/Comercio_exterior_paises_con_tratados_firmados/Tratdos_firmados_con_méxico/América_latina/Asia_pacífico/imagen_tablas/SE_Israel_2.pdf,SIEM/Marco_jurídico/02_Tratados_internacionales/Comercio_exterior_paises_con_tratados_firmados/Tratdos_firmados_con_méxico/América_latina/Asia_pacífico/imagen_tablas/SE_Israel_2.pdf,349128,0.33,2025-10-14T17:48:06,2025-10-16T15:10:16.158118,.pdf,027f013fd2538fa80ae1595f86ee0009
SE_anexo_01_japon.pdf,/home/elias/Documentos/Embeddings/SIEM/SIEM/Marco_jurídico/02_Tratados_internacionales/Comercio_exterior_paises_con_tratados_firmados/Tratdos_firmados_con_méxico/América_latina/Asia_pacífico/imagen_tablas/SE_anexo_01_japon.pdf,SIEM/Marco_jurídico/02_Tratados_internacionales/Comercio_exterior_paises_con_tratados_firmados/Tratdos_firmados_con_méxico/América_latina/Asia_pacífico/imagen_tablas/SE_anexo_01_japon.pdf,1763128,1.68,2025-10-14T17:32:22,2025-10-16T15:10:16.058457,.pdf,bed393167772690856890983090d07a2
SE_anexo_01_sec3-2_Japon.pdf,/home/elias/Documentos/Embeddings/SIEM/SIEM/Marco_jurídico/02_Tratados_internacionales/Comercio_exterior_paises_con_tratados_firmados/Tratdos_firmados_con_méxico/América_latina/Asia_pacífico/imagen_tablas/SE_anexo_01_sec3-2_Japon.pdf,SIEM/Marco_jurídico/02_Tratados_internacionales/Comercio_exterior_paises_con_tratados_firmados/Tratdos_firmados_con_méxico/América_latina/Asia_pacífico/imagen_tablas/SE_anexo_01_sec3-2_Japon.pdf,1404141,1.34,2025-10-14T17:32:20,2025-10-16T15:10:16.093829,.pdf,cde388a88570e66da61bc7095a1524bb
SE_Resumen_AAE_Mexico_Japon.pdf,/home/elias/Documentos/Embeddings/SIEM/SIEM/Marco_jurídico/02_Tratados_internacionales/Comercio_exterior_paises_con_tratados_firmados/Tratdos_firmados_con_méxico/América_latina/Asia_pacífico/imagen_tablas/SE_Resumen_AAE_Mexico_Japon.pdf,SIEM/Marco_jurídico/02_Tratados_internacionales/Comercio_exterior_paises_con_tratados_firmados/Tratdos_firmados_con_méxico/América_latina/Asia_pacífico/imagen_tablas/SE_Resumen_AAE_Mexico_Japon.pdf,353585,0.34,2025-10-14T17:32:18,2025-10-16T15:10:16.178025,.pdf,9ec5dd368d19a3b9a0636481c7978d63
SE_anexo_06_Japon.pdf,/home/elias/Documentos/Embeddings/SIEM/SIEM/Marco_jurídico/02_Tratados_internacionales/Comercio_exterior_paises_con_tratados_firmados/Tratdos_firmados_con_méxico/América_latina/Asia_pacífico/imagen_tablas/SE_anexo_06_Japon.pdf,SIEM/Marco_jurídico/02_Tratados_internacionales/Comercio_exterior_paises_con_tratados_firmados/Tratdos_firmados_con_méxico/América_latina/Asia_pacífico/imagen_tablas/SE_anexo_06_Japon.pdf,199851,0.19,2025-10-14T17:32:18,2025-10-16T15:10:16.099174,.pdf,36b32d4887e1fb964b0b4bc1707b2fae
SE_Israel_Certificado-ISRAEL.pdf,/home/elias/Documentos/Embeddings/SIEM/SIEM/Marco_jurídico/02_Tratados_internacionales/Comercio_exterior_paises_con_tratados_firmados/Tratdos_firmados_con_méxico/América_latina/Asia_pacífico/imagen_tablas/SE_Israel_Certificado-ISRAEL.pdf,SIEM/Marco_jurídico/02_Tratados_internacionales/Comercio_exterior_paises_con_tratados_firmados/Tratdos_firmados_con_méxico/América_latina/Asia_pacífico/imagen_tablas/SE_Israel_Certificado-ISRAEL.pdf,107086,0.1,2025-10-14T17:48:06,2025-10-16T15:10:16.161095,.pdf,33c530dab887ed29105ffa6b3117c4c7
SE_Israel-reglasIsrael_sre19jul.pdf,/home/elias/Documentos/Embeddings/SIEM/SIEM/Marco_jurídico/02_Tratados_internacionales/Comercio_exterior_paises_con_tratados_firmados/Tratdos_firmados_con_méxico/América_latina/Asia_pacífico/imagen_tablas/SE_Israel-reglasIsrael_sre19jul.pdf,SIEM/Marco_jurídico/02_Tratados_internacionales/Comercio_exterior_paises_con_tratados_firmados/Tratdos_firmados_con_méxico/América_latina/Asia_pacífico/imagen_tablas/SE_Israel-reglasIsrael_sre19jul.pdf,23637,0.02,2025-10-14T17:48:06,2025-10-16T15:10:16.144811,.pdf,432bebecce63ee038c64f3195973dec3
SE_decision_2_Japon.pdf,/home/elias/Documentos/Embeddings/SIEM/SIEM/Marco_jurídico/02_Tratados_internacionales/Comercio_exterior_paises_con_tratados_firmados/Tratdos_firmados_con_méxico/América_latina/Asia_pacífico/imagen_tablas/SE_decision_2_Japon.pdf,SIEM/Marco_jurídico/02_Tratados_internacionales/Comercio_exterior_paises_con_tratados_firmados/Tratdos_firmados_con_méxico/América_latina/Asia_pacífico/imagen_tablas/SE_decision_2_Japon.pdf,1467337,1.4,2025-10-14T17:32:20,2025-10-16T15:10:16.136164,.pdf,fcee2dca37c5bd0b00369329bac6147c
SE_decision_5_Japon.pdf,/home/elias/Documentos/Embeddings/SIEM/SIEM/Marco_jurídico/02_Tratados_internacionales/Comercio_exterior_paises_con_tratados_firmados/Tratdos_firmados_con_méxico/América_latina/Asia_pacífico/respaldo_docs_imagen/SE_decision_5_Japon.pdf,SIEM/Marco_jurídico/02_Tratados_internacionales/Comercio_exterior_paises_con_tratados_firmados/Tratdos_firmados_con_méxico/América_latina/Asia_pacífico/respaldo_docs_imagen/SE_decision_5_Japon.pdf,417262,0.4,2025-10-14T17:32:18,2025-10-16T15:10:16.340120,.pdf,5a4c07e15758671aa0a9664dbded0823
Protocolo_exportaci_n_de_zarzarmora_y_frambuesa__Espa_ol_.pdf,/home/elias/Documentos/Embeddings/SIEM/SIEM/Marco_jurídico/02_Tratados_internacionales/Comercio_exterior_paises_con_tratados_firmados/Tratdos_firmados_con_méxico/América_latina/Asia_pacífico/respaldo_docs_imagen/Protocolo_exportaci_n_de_zarzarmora_y_frambuesa__Espa_ol_.pdf,SIEM/Marco_jurídico/02_Tratados_internacionales/Comercio_exterior_paises_con_tratados_firmados/Tratdos_firmados_con_méxico/América_latina/Asia_pacífico/respaldo_docs_imagen/Protocolo_exportaci_n_de_zarzarmora_y_frambuesa__Espa_ol_.pdf,2323218,2.22,2025-10-14T17:52:02,2025-10-16T15:10:16.300830,.pdf,32509dec8fc658d04eba13b3058216a4
SE_decision_1_Japon.pdf,/home/elias/Documentos/Embeddings/SIEM/SIEM/Marco_jurídico/02_Tratados_internacionales/Comercio_exterior_paises_con_tratados_firmados/Tratdos_firmados_con_méxico/América_latina/Asia_pacífico/respaldo_docs_imagen/SE_decision_1_Japon.pdf,SIEM/Marco_jurídico/02_Tratados_internacionales/Comercio_exterior_paises_con_tratados_firmados/Tratdos_firmados_con_méxico/América_latina/Asia_pacífico/respaldo_docs_imagen/SE_decision_1_Japon.pdf,135679,0.13,2025-10-14T17:32:18,2025-10-16T15:10:16.328590,.pdf,1fd76b90baa030e74459081bcb8d2620
Protocolo_de_Aguacate_para_China.pdf,/home/elias/Documentos/Embeddings/SIEM/SIEM/Marco_jurídico/02_Tratados_internacionales/Comercio_exterior_paises_con_tratados_firmados/Tratdos_firmados_con_méxico/América_latina/Asia_pacífico/respaldo_docs_imagen/Protocolo_de_Aguacate_para_China.pdf,SIEM/Marco_jurídico/02_Tratados_internacionales/Comercio_exterior_paises_con_tratados_firmados/Tratdos_firmados_con_méxico/América_latina/Asia_pacífico/respaldo_docs_imagen/Protocolo_de_Aguacate_para_China.pdf,1200452,1.14,2025-10-14T17:52:02,2025-10-16T15:10:16.209230,.pdf,0d4c01c07b498fe51e75420cee2fbead
Protocolo_para_la_exportacion_de_arandanos_a_China__Espa_ol_.pdf,/home/elias/Documentos/Embeddings/SIEM/SIEM/Marco_jurídico/02_Tratados_internacionales/Comercio_exterior_paises_con_tratados_firmados/Tratdos_firmados_con_méxico/América_latina/Asia_pacífico/respaldo_docs_imagen/Protocolo_para_la_exportacion_de_arandanos_a_China__Espa_ol_.pdf,SIEM/Marco_jurídico/02_Tratados_internacionales/Comercio_exterior_paises_con_tratados_firmados/Tratdos_firmados_con_méxico/América_latina/Asia_pacífico/respaldo_docs_imagen/Protocolo_para_la_exportacion_de_arandanos_a_China__Espa_ol_.pdf,224596,0.21,2025-10-14T17:52:02,2025-10-16T15:10:16.319969,.pdf,323326b2aed78c082fb75f0aa0b20444
SE_decision_7_Japon.pdf,/home/elias/Documentos/Embeddings/SIEM/SIEM/Marco_jurídico/02_Tratados_internacionales/Comercio_exterior_paises_con_tratados_firmados/Tratdos_firmados_con_méxico/América_latina/Asia_pacífico/respaldo_docs_imagen/SE_decision_7_Japon.pdf,SIEM/Marco_jurídico/02_Tratados_internacionales/Comercio_exterior_paises_con_tratados_firmados/Tratdos_firmados_con_méxico/América_latina/Asia_pacífico/respaldo_docs_imagen/SE_decision_7_Japon.pdf,214350,0.2,2025-10-14T17:32:18,2025-10-16T15:10:16.348809,.pdf,68a53a7fe971595441a16bde613eab03
Protocolo_de_uva_de_mesa_para_China.pdf,/home/elias/Documentos/Embeddings/SIEM/SIEM/Marco_jurídico/02_Tratados_internacionales/Comercio_exterior_paises_con_tratados_firmados/Tratdos_firmados_con_méxico/América_latina/Asia_pacífico/respaldo_docs_imagen/Protocolo_de_uva_de_mesa_para_China.pdf,SIEM/Marco_jurídico/02_Tratados_internacionales/Comercio_exterior_paises_con_tratados_firmados/Tratdos_firmados_con_méxico/América_latina/Asia_pacífico/respaldo_docs_imagen/Protocolo_de_uva_de_mesa_para_China.pdf,909539,0.87,2025-10-14T17:52:02,2025-10-16T15:10:16.232444,.pdf,2b1a0451cc6a5847e5a34c3f5240ca85
Protocolo__Banano_M_xico_China__Espa_ol_.pdf,/home/elias/Documentos/Embeddings/SIEM/SIEM/Marco_jurídico/02_Tratados_internacionales/Comercio_exterior_paises_con_tratados_firmados/Tratdos_firmados_con_méxico/América_latina/Asia_pacífico/respaldo_docs_imagen/Protocolo__Banano_M_xico_China__Espa_ol_.pdf,SIEM/Marco_jurídico/02_Tratados_internacionales/Comercio_exterior_paises_con_tratados_firmados/Tratdos_firmados_con_méxico/América_latina/Asia_pacífico/respaldo_docs_imagen/Protocolo__Banano_M_xico_China__Espa_ol_.pdf,186947,0.18,2025-10-14T17:52:02,2025-10-16T15:10:16.324885,.pdf,3dffe651ec273a00504c460f1f6db5c2
Protocolo_Exportaci_n_de_tabaco__Espa_ol_.pdf,/home/elias/Documentos/Embeddings/SIEM/SIEM/Marco_jurídico/02_Tratados_internacionales/Comercio_exterior_paises_con_tratados_firmados/Tratdos_firmados_con_méxico/América_latina/Asia_pacífico/respaldo_docs_imagen/Protocolo_Exportaci_n_de_tabaco__Espa_ol_.pdf,SIEM/Marco_jurídico/02_Tratados_internacionales/Comercio_exterior_paises_con_tratados_firmados/Tratdos_firmados_con_méxico/América_latina/Asia_pacífico/respaldo_docs_imagen/Protocolo_Exportaci_n_de_tabaco__Espa_ol_.pdf,211223,0.2,2025-10-14T17:52:02,2025-10-16T15:10:16.242822,.pdf,189e0713fc2b79a84198bbd849e787aa
SE_decision_6_Japon.pdf,/home/elias/Documentos/Embeddings/SIEM/SIEM/Marco_jurídico/02_Tratados_internacionales/Comercio_exterior_paises_con_tratados_firmados/Tratdos_firmados_con_méxico/América_latina/Asia_pacífico/respaldo_docs_imagen/SE_decision_6_Japon.pdf,SIEM/Marco_jurídico/02_Tratados_internacionales/Comercio_exterior_paises_con_tratados_firmados/Tratdos_firmados_con_méxico/América_latina/Asia_pacífico/respaldo_docs_imagen/SE_decision_6_Japon.pdf,111787,0.11,2025-10-14T17:32:20,2025-10-16T15:10:16.343220,.pdf,956ec8e2435969473a7eeb63e6c02cc4
Protocolo_para_exportaci_n_de_Sorgo_a_China__Espa_ol_.pdf,/home/elias/Documentos/Embeddings/SIEM/SIEM/Marco_jurídico/02_Tratados_internacionales/Comercio_exterior_paises_con_tratados_firmados/Tratdos_firmados_con_méxico/América_latina/Asia_pacífico/respaldo_docs_imagen/Protocolo_para_exportaci_n_de_Sorgo_a_China__Espa_ol_.pdf,SIEM/Marco_jurídico/02_Tratados_internacionales/Comercio_exterior_paises_con_tratados_firmados/Tratdos_firmados_con_méxico/América_latina/Asia_pacífico/respaldo_docs_imagen/Protocolo_para_exportaci_n_de_Sorgo_a_China__Espa_ol_.pdf,515105,0.49,2025-10-14T17:52:02,2025-10-16T15:10:16.314042,.pdf,81cfff45c2d7303af895d68c33588230
Protocolo_Exportaci_n_de_Ma_z__Espa_ol_.pdf,/home/elias/Documentos/Embeddings/SIEM/SIEM/Marco_jurídico/02_Tratados_internacionales/Comercio_exterior_paises_con_tratados_firmados/Tratdos_firmados_con_méxico/América_latina/Asia_pacífico/respaldo_docs_imagen/Protocolo_Exportaci_n_de_Ma_z__Espa_ol_.pdf,SIEM/Marco_jurídico/02_Tratados_internacionales/Comercio_exterior_paises_con_tratados_firmados/Tratdos_firmados_con_méxico/América_latina/Asia_pacífico/respaldo_docs_imagen/Protocolo_Exportaci_n_de_Ma_z__Espa_ol_.pdf,178263,0.17,2025-10-14T17:52:02,2025-10-16T15:10:16.237201,.pdf,a443154cabbc4cb52a7523b67db82065
Se_decision_4_Japon.pdf,/home/elias/Documentos/Embeddings/SIEM/SIEM/Marco_jurídico/02_Tratados_internacionales/Comercio_exterior_paises_con_tratados_firmados/Tratdos_firmados_con_méxico/América_latina/Asia_pacífico/respaldo_docs_imagen/Se_decision_4_Japon.pdf,SIEM/Marco_jurídico/02_Tratados_internacionales/Comercio_exterior_paises_con_tratados_firmados/Tratdos_firmados_con_méxico/América_latina/Asia_pacífico/respaldo_docs_imagen/Se_decision_4_Japon.pdf,23959,0.02,2025-10-14T17:32:18,2025-10-16T15:10:16.329451,.pdf,c9b2bf29ed70f8959a9ccea4a817c3fa
Tercer protocolo adicional.pdf,/home/elias/Documentos/Embeddings/SIEM/SIEM/Marco_jurídico/02_Tratados_internacionales/Comercio_exterior_paises_con_tratados_firmados/Tratdos_firmados_con_méxico/América_latina/Mercosur/Uruguay/Tercer protocolo adicional.pdf,SIEM/Marco_jurídico/02_Tratados_internacionales/Comercio_exterior_paises_con_tratados_firmados/Tratdos_firmados_con_méxico/América_latina/Mercosur/Uruguay/Tercer protocolo adicional.pdf,970630,0.93,2025-10-14T16:02:22,2025-10-16T15:10:29.855016,.pdf,b7990663773dd08bc342adb434aab812
imagen_ACE_055_002_Apendice_004.pdf,/home/elias/Documentos/Embeddings/SIEM/SIEM/Marco_jurídico/02_Tratados_internacionales/Comercio_exterior_paises_con_tratados_firmados/Tratdos_firmados_con_méxico/América_latina/Mercosur/Uruguay/imagen_ACE_055_002_Apendice_004.pdf,SIEM/Marco_jurídico/02_Tratados_internacionales/Comercio_exterior_paises_con_tratados_firmados/Tratdos_firmados_con_méxico/América_latina/Mercosur/Uruguay/imagen_ACE_055_002_Apendice_004.pdf,138864,0.13,2025-10-14T16:02:38,2025-10-16T15:10:29.820812,.pdf,179b22bf5fa2ea53c01f021c40333b51
imagen_ACE_055_001_Apendice_004.pdf,/home/elias/Documentos/Embeddings/SIEM/SIEM/Marco_jurídico/02_Tratados_internacionales/Comercio_exterior_paises_con_tratados_firmados/Tratdos_firmados_con_méxico/América_latina/Mercosur/Uruguay/imagen_ACE_055_001_Apendice_004.pdf,SIEM/Marco_jurídico/02_Tratados_internacionales/Comercio_exterior_paises_con_tratados_firmados/Tratdos_firmados_con_méxico/América_latina/Mercosur/Uruguay/imagen_ACE_055_001_Apendice_004.pdf,219465,0.21,2025-10-14T16:02:52,2025-10-16T15:10:29.809992,.pdf,431cb12a241d47c032bc7bbbcf1620eb
Cuarto protocolo adicional.pdf,/home/elias/Documentos/Embeddings/SIEM/SIEM/Marco_jurídico/02_Tratados_internacionales/Comercio_exterior_paises_con_tratados_firmados/Tratdos_firmados_con_méxico/América_latina/Mercosur/Brasil/Cuarto protocolo adicional.pdf,SIEM/Marco_jurídico/02_Tratados_internacionales/Comercio_exterior_paises_con_tratados_firmados/Tratdos_firmados_con_méxico/América_latina/Mercosur/Brasil/Cuarto protocolo adicional.pdf,984038,0.94,2025-10-14T15:58:40,2025-10-16T15:10:29.501921,.pdf,16fa724c3a82b5a8dc440d4282fdb8b1
Tercer protocolo adicional.pdf,/home/elias/Documentos/Embeddings/SIEM/SIEM/Marco_jurídico/02_Tratados_internacionales/Comercio_exterior_paises_con_tratados_firmados/Tratdos_firmados_con_méxico/América_latina/Mercosur/Brasil/Tercer protocolo adicional.pdf,SIEM/Marco_jurídico/02_Tratados_internacionales/Comercio_exterior_paises_con_tratados_firmados/Tratdos_firmados_con_méxico/América_latina/Mercosur/Brasil/Tercer protocolo adicional.pdf,852283,0.81,2025-10-14T15:59:12,2025-10-16T15:10:29.711301,.pdf,ca801d627a9a4fa66ae377c0298c55c4
Segundo protocolo adicional.pdf,/home/elias/Documentos/Embeddings/SIEM/SIEM/Marco_jurídico/02_Tratados_internacionales/Comercio_exterior_paises_con_tratados_firmados/Tratdos_firmados_con_méxico/América_latina/Mercosur/Brasil/Segundo protocolo adicional.pdf,SIEM/Marco_jurídico/02_Tratados_internacionales/Comercio_exterior_paises_con_tratados_firmados/Tratdos_firmados_con_méxico/América_latina/Mercosur/Brasil/Segundo protocolo adicional.pdf,1591656,1.52,2025-10-14T16:00:02,2025-10-16T15:10:29.646161,.pdf,3a0143a28f0ce6cde98120a1a6c39c40
Sexto protocolo.pdf,/home/elias/Documentos/Embeddings/SIEM/SIEM/Marco_jurídico/02_Tratados_internacionales/Comercio_exterior_paises_con_tratados_firmados/Tratdos_firmados_con_méxico/América_latina/Mercosur/Brasil/Sexto protocolo.pdf,SIEM/Marco_jurídico/02_Tratados_internacionales/Comercio_exterior_paises_con_tratados_firmados/Tratdos_firmados_con_méxico/América_latina/Mercosur/Brasil/Sexto protocolo.pdf,1718775,1.64,2025-10-14T15:55:54,2025-10-16T15:10:29.689450,.pdf,9bbc3a594fab8c790b7346139b6e09a2
Quinto protocolo adicional.pdf,/home/elias/Documentos/Embeddings/SIEM/SIEM/Marco_jurídico/02_Tratados_internacionales/Comercio_exterior_paises_con_tratados_firmados/Tratdos_firmados_con_méxico/América_latina/Mercosur/Brasil/Quinto protocolo adicional.pdf,SIEM/Marco_jurídico/02_Tratados_internacionales/Comercio_exterior_paises_con_tratados_firmados/Tratdos_firmados_con_méxico/América_latina/Mercosur/Brasil/Quinto protocolo adicional.pdf,2682081,2.56,2025-10-14T15:58:20,2025-10-16T15:10:29.569033,.pdf,d9d1906fc4e3bdeee340d45c0ef3d11d
Tercer protocolo.pdf,/home/elias/Documentos/Embeddings/SIEM/SIEM/Marco_jurídico/02_Tratados_internacionales/Comercio_exterior_paises_con_tratados_firmados/Tratdos_firmados_con_méxico/América_latina/Mercosur/Brasil/Tercer protocolo.pdf,SIEM/Marco_jurídico/02_Tratados_internacionales/Comercio_exterior_paises_con_tratados_firmados/Tratdos_firmados_con_méxico/América_latina/Mercosur/Brasil/Tercer protocolo.pdf,852283,0.81,2025-10-14T15:58:54,2025-10-16T15:10:29.733078,.pdf,02202af3e776f645d22f0b65b968f64f
Quinto protocolo.pdf,/home/elias/Documentos/Embeddings/SIEM/SIEM/Marco_jurídico/02_Tratados_internacionales/Comercio_exterior_paises_con_tratados_firmados/Tratdos_firmados_con_méxico/América_latina/Mercosur/Brasil/Quinto protocolo.pdf,SIEM/Marco_jurídico/02_Tratados_internacionales/Comercio_exterior_paises_con_tratados_firmados/Tratdos_firmados_con_méxico/América_latina/Mercosur/Brasil/Quinto protocolo.pdf,1471793,1.4,2025-10-14T15:57:04,2025-10-16T15:10:29.606058,.pdf,b60eea0681f50fc3b9c4872b25d9c62b
imagen_ACE_055_002_Apendice_001.pdf,/home/elias/Documentos/Embeddings/SIEM/SIEM/Marco_jurídico/02_Tratados_internacionales/Comercio_exterior_paises_con_tratados_firmados/Tratdos_firmados_con_méxico/América_latina/Mercosur/Argentina/imagen_ACE_055_002_Apendice_001.pdf,SIEM/Marco_jurídico/02_Tratados_internacionales/Comercio_exterior_paises_con_tratados_firmados/Tratdos_firmados_con_méxico/América_latina/Mercosur/Argentina/imagen_ACE_055_002_Apendice_001.pdf,239695,0.23,2025-10-14T15:54:24,2025-10-16T15:10:29.401415,.pdf,36bed31b9a11020bd5a3eb4deb5644a8
imagen_ACE_055_003_Apendice_001.pdf,/home/elias/Documentos/Embeddings/SIEM/SIEM/Marco_jurídico/02_Tratados_internacionales/Comercio_exterior_paises_con_tratados_firmados/Tratdos_firmados_con_méxico/América_latina/Mercosur/Argentina/imagen_ACE_055_003_Apendice_001.pdf,SIEM/Marco_jurídico/02_Tratados_internacionales/Comercio_exterior_paises_con_tratados_firmados/Tratdos_firmados_con_méxico/América_latina/Mercosur/Argentina/imagen_ACE_055_003_Apendice_001.pdf,121349,0.12,2025-10-14T15:54:24,2025-10-16T15:10:29.404724,.pdf,039f4a7fe5c5a0df1e8ef4597d2765d4
imagen_ACE_055_001_Apendice_001.pdf,/home/elias/Documentos/Embeddings/SIEM/SIEM/Marco_jurídico/02_Tratados_internacionales/Comercio_exterior_paises_con_tratados_firmados/Tratdos_firmados_con_méxico/América_latina/Mercosur/Argentina/imagen_ACE_055_001_Apendice_001.pdf,SIEM/Marco_jurídico/02_Tratados_internacionales/Comercio_exterior_paises_con_tratados_firmados/Tratdos_firmados_con_méxico/América_latina/Mercosur/Argentina/imagen_ACE_055_001_Apendice_001.pdf,95046,0.09,2025-10-14T15:54:24,2025-10-16T15:10:29.395133,.pdf,3f8010b4ff5a6a3d42d548c8446ae80d
Sexto protocolo.pdf,/home/elias/Documentos/Embeddings/SIEM/SIEM/Marco_jurídico/02_Tratados_internacionales/Comercio_exterior_paises_con_tratados_firmados/Tratdos_firmados_con_méxico/América_latina/Mercosur/Argentina/Sexto protocolo.pdf,SIEM/Marco_jurídico/02_Tratados_internacionales/Comercio_exterior_paises_con_tratados_firmados/Tratdos_firmados_con_méxico/América_latina/Mercosur/Argentina/Sexto protocolo.pdf,1261441,1.2,2025-10-14T15:53:32,2025-10-16T15:10:29.474423,.pdf,9751e58f796d07bbaf56679c41f1c1bc
Quinto protocolo.pdf,/home/elias/Documentos/Embeddings/SIEM/SIEM/Marco_jurídico/02_Tratados_internacionales/Comercio_exterior_paises_con_tratados_firmados/Tratdos_firmados_con_méxico/América_latina/Mercosur/Argentina/Quinto protocolo.pdf,SIEM/Marco_jurídico/02_Tratados_internacionales/Comercio_exterior_paises_con_tratados_firmados/Tratdos_firmados_con_méxico/América_latina/Mercosur/Argentina/Quinto protocolo.pdf,1506267,1.44,2025-10-14T15:53:50,2025-10-16T15:10:29.442627,.pdf,ca17b62a245492e802f71e306609d73e
Cuarto protocolo.pdf,/home/elias/Documentos/Embeddings/SIEM/SIEM/Marco_jurídico/02_Tratados_internacionales/Comercio_exterior_paises_con_tratados_firmados/Tratdos_firmados_con_méxico/América_latina/Mercosur/Argentina/Cuarto protocolo.pdf,SIEM/Marco_jurídico/02_Tratados_internacionales/Comercio_exterior_paises_con_tratados_firmados/Tratdos_firmados_con_méxico/América_latina/Mercosur/Argentina/Cuarto protocolo.pdf,1264821,1.21,2025-10-14T15:54:18,2025-10-16T15:10:29.392465,.pdf,2b3fa0ef5b73e7d51f2b4e0f5a654870
Copia_06_10_2005.pdf,/home/elias/Documentos/Embeddings/SIEM/SIEM/Marco_jurídico/02_Tratados_internacionales/Comercio_exterior_paises_con_tratados_firmados/Tratdos_firmados_con_méxico/América_latina/Mercosur/Brasil/respaldo_docs_imagen/Copia_06_10_2005.pdf,SIEM/Marco_jurídico/02_Tratados_internacionales/Comercio_exterior_paises_con_tratados_firmados/Tratdos_firmados_con_méxico/América_latina/Mercosur/Brasil/respaldo_docs_imagen/Copia_06_10_2005.pdf,191209,0.18,2025-10-14T16:00:20,2025-10-16T15:10:29.795205,.pdf,81673672245d1a0e81c2c34eb2d27408
TLC_Mexico-ElSalvador.pdf,/home/elias/Documentos/Embeddings/SIEM/SIEM/Marco_jurídico/02_Tratados_internacionales/Comercio_exterior_paises_con_tratados_firmados/Tratdos_firmados_con_méxico/América_latina/Iniciativas_bilaterales/Honduras/TLC_Mexico-ElSalvador.pdf,SIEM/Marco_jurídico/02_Tratados_internacionales/Comercio_exterior_paises_con_tratados_firmados/Tratdos_firmados_con_méxico/América_latina/Iniciativas_bilaterales/Honduras/TLC_Mexico-ElSalvador.pdf,1070713,1.02,2025-10-14T15:13:18,2025-10-16T15:10:19.742692,.pdf,12070fc44e087793c62baeffbea65b5b
TLC_Mexico-ElSalvador-G.pdf,/home/elias/Documentos/Embeddings/SIEM/SIEM/Marco_jurídico/02_Tratados_internacionales/Comercio_exterior_paises_con_tratados_firmados/Tratdos_firmados_con_méxico/América_latina/Iniciativas_bilaterales/El_Salvador/TLC_Mexico-ElSalvador-G.pdf,SIEM/Marco_jurídico/02_Tratados_internacionales/Comercio_exterior_paises_con_tratados_firmados/Tratdos_firmados_con_méxico/América_latina/Iniciativas_bilaterales/El_Salvador/TLC_Mexico-ElSalvador-G.pdf,1070713,1.02,2025-10-14T15:12:28,2025-10-16T15:10:19.687702,.pdf,12070fc44e087793c62baeffbea65b5b
DECRETO_Promulgatorio_del_Tratado_de_Libre_Comercio_entre_los_Estados_Unidos_Mexicanos_y_la_Rep_blica_Oriental_del_Uruguay_2.pdf,/home/elias/Documentos/Embeddings/SIEM/SIEM/Marco_jurídico/02_Tratados_internacionales/Comercio_exterior_paises_con_tratados_firmados/Tratdos_firmados_con_méxico/América_latina/Iniciativas_bilaterales/Uruguay/DECRETO_Promulgatorio_del_Tratado_de_Libre_Comercio_entre_los_Estados_Unidos_Mexicanos_y_la_Rep_blica_Oriental_del_Uruguay_2.pdf,SIEM/Marco_jurídico/02_Tratados_internacionales/Comercio_exterior_paises_con_tratados_firmados/Tratdos_firmados_con_méxico/América_latina/Iniciativas_bilaterales/Uruguay/DECRETO_Promulgatorio_del_Tratado_de_Libre_Comercio_entre_los_Estados_Unidos_Mexicanos_y_la_Rep_blica_Oriental_del_Uruguay_2.pdf,740207,0.71,2025-10-14T15:37:22,2025-10-16T15:10:22.360299,.pdf,b6272bacf9b02ada45e4a6ad6e106b51
Anexos 1 y 2.pdf,/home/elias/Documentos/Embeddings/SIEM/SIEM/Marco_jurídico/02_Tratados_internacionales/Comercio_exterior_paises_con_tratados_firmados/Tratdos_firmados_con_méxico/América_latina/Iniciativas_bilaterales/Uruguay/Anexos 1 y 2.pdf,SIEM/Marco_jurídico/02_Tratados_internacionales/Comercio_exterior_paises_con_tratados_firmados/Tratdos_firmados_con_méxico/América_latina/Iniciativas_bilaterales/Uruguay/Anexos 1 y 2.pdf,517244,0.49,2025-10-14T15:40:40,2025-10-16T15:10:22.227783,.pdf,89796b365c565ef0a3c3bfc5b92cf097
SE_2004-07-14_TLC_Mexico-Uruguay.pdf,/home/elias/Documentos/Embeddings/SIEM/SIEM/Marco_jurídico/02_Tratados_internacionales/Comercio_exterior_paises_con_tratados_firmados/Tratdos_firmados_con_méxico/América_latina/Iniciativas_bilaterales/Uruguay/SE_2004-07-14_TLC_Mexico-Uruguay.pdf,SIEM/Marco_jurídico/02_Tratados_internacionales/Comercio_exterior_paises_con_tratados_firmados/Tratdos_firmados_con_méxico/América_latina/Iniciativas_bilaterales/Uruguay/SE_2004-07-14_TLC_Mexico-Uruguay.pdf,1130852,1.08,2025-10-14T15:37:22,2025-10-16T15:10:22.419199,.pdf,4d773c4803cb64d384ef7f03c020dec1
Decisión 2_2019.pdf,/home/elias/Documentos/Embeddings/SIEM/SIEM/Marco_jurídico/02_Tratados_internacionales/Comercio_exterior_paises_con_tratados_firmados/Tratdos_firmados_con_méxico/América_latina/Iniciativas_bilaterales/Uruguay/Decisión 2_2019.pdf,SIEM/Marco_jurídico/02_Tratados_internacionales/Comercio_exterior_paises_con_tratados_firmados/Tratdos_firmados_con_méxico/América_latina/Iniciativas_bilaterales/Uruguay/Decisión 2_2019.pdf,595023,0.57,2025-10-14T15:41:10,2025-10-16T15:10:22.273522,.pdf,4abd64a1ee2ead59acbbb3d361938de6
SE_protocolo_promulgatorio_mexico_uruguay_20140704.pdf,/home/elias/Documentos/Embeddings/SIEM/SIEM/Marco_jurídico/02_Tratados_internacionales/Comercio_exterior_paises_con_tratados_firmados/Tratdos_firmados_con_méxico/América_latina/Iniciativas_bilaterales/Uruguay/SE_protocolo_promulgatorio_mexico_uruguay_20140704.pdf,SIEM/Marco_jurídico/02_Tratados_internacionales/Comercio_exterior_paises_con_tratados_firmados/Tratdos_firmados_con_méxico/América_latina/Iniciativas_bilaterales/Uruguay/SE_protocolo_promulgatorio_mexico_uruguay_20140704.pdf,93899,0.09,2025-10-14T15:37:22,2025-10-16T15:10:22.421905,.pdf,f65acca59efce179251fd762c6e0a801
DECRETO_Promulgatorio_del_Tratado_de_Libre_Comercio_entre_los_Estados_Unidos_Mexicanos_y_la_Rep_blica_Oriental_del_Uruguay_1.pdf,/home/elias/Documentos/Embeddings/SIEM/SIEM/Marco_jurídico/02_Tratados_internacionales/Comercio_exterior_paises_con_tratados_firmados/Tratdos_firmados_con_méxico/América_latina/Iniciativas_bilaterales/Uruguay/DECRETO_Promulgatorio_del_Tratado_de_Libre_Comercio_entre_los_Estados_Unidos_Mexicanos_y_la_Rep_blica_Oriental_del_Uruguay_1.pdf,SIEM/Marco_jurídico/02_Tratados_internacionales/Comercio_exterior_paises_con_tratados_firmados/Tratdos_firmados_con_méxico/América_latina/Iniciativas_bilaterales/Uruguay/DECRETO_Promulgatorio_del_Tratado_de_Libre_Comercio_entre_los_Estados_Unidos_Mexicanos_y_la_Rep_blica_Oriental_del_Uruguay_1.pdf,483534,0.46,2025-10-14T15:37:22,2025-10-16T15:10:22.310027,.pdf,83fe6c85c9be4697da0d8e5aa02059f6
Decisión 1_2019.pdf,/home/elias/Documentos/Embeddings/SIEM/SIEM/Marco_jurídico/02_Tratados_internacionales/Comercio_exterior_paises_con_tratados_firmados/Tratdos_firmados_con_méxico/América_latina/Iniciativas_bilaterales/Uruguay/Decisión 1_2019.pdf,SIEM/Marco_jurídico/02_Tratados_internacionales/Comercio_exterior_paises_con_tratados_firmados/Tratdos_firmados_con_méxico/América_latina/Iniciativas_bilaterales/Uruguay/Decisión 1_2019.pdf,489443,0.47,2025-10-14T15:41:26,2025-10-16T15:10:22.253900,.pdf,bea3fbeee7716761e805277f80276eb0
DECRETO_Promulgatorio_del_Tratado_de_Libre_Comercio_entre_los_Estados_Unidos_Mexicanos_y_la_Rep_blica_Oriental_del_Uruguay_2 (1).pdf,/home/elias/Documentos/Embeddings/SIEM/SIEM/Marco_jurídico/02_Tratados_internacionales/Comercio_exterior_paises_con_tratados_firmados/Tratdos_firmados_con_méxico/América_latina/Iniciativas_bilaterales/Uruguay/DECRETO_Promulgatorio_del_Tratado_de_Libre_Comercio_entre_los_Estados_Unidos_Mexicanos_y_la_Rep_blica_Oriental_del_Uruguay_2 (1).pdf,SIEM/Marco_jurídico/02_Tratados_internacionales/Comercio_exterior_paises_con_tratados_firmados/Tratdos_firmados_con_méxico/América_latina/Iniciativas_bilaterales/Uruguay/DECRETO_Promulgatorio_del_Tratado_de_Libre_Comercio_entre_los_Estados_Unidos_Mexicanos_y_la_Rep_blica_Oriental_del_Uruguay_2 (1).pdf,740207,0.71,2025-10-14T15:38:22,2025-10-16T15:10:22.331845,.pdf,b6272bacf9b02ada45e4a6ad6e106b51
Asignacion-cupo-Leche-Uruguay.pdf,/home/elias/Documentos/Embeddings/SIEM/SIEM/Marco_jurídico/02_Tratados_internacionales/Comercio_exterior_paises_con_tratados_firmados/Tratdos_firmados_con_méxico/América_latina/Iniciativas_bilaterales/Uruguay/Asignacion-cupo-Leche-Uruguay.pdf,SIEM/Marco_jurídico/02_Tratados_internacionales/Comercio_exterior_paises_con_tratados_firmados/Tratdos_firmados_con_méxico/América_latina/Iniciativas_bilaterales/Uruguay/Asignacion-cupo-Leche-Uruguay.pdf,130417,0.12,2025-10-14T15:37:22,2025-10-16T15:10:22.232735,.pdf,575b21aad3dbfe0b4a57da6ce0fdfaa6
imagen_MEX-uruguay_infografia.pdf,/home/elias/Documentos/Embeddings/SIEM/SIEM/Marco_jurídico/02_Tratados_internacionales/Comercio_exterior_paises_con_tratados_firmados/Tratdos_firmados_con_méxico/América_latina/Iniciativas_bilaterales/Uruguay/imagen_MEX-uruguay_infografia.pdf,SIEM/Marco_jurídico/02_Tratados_internacionales/Comercio_exterior_paises_con_tratados_firmados/Tratdos_firmados_con_méxico/América_latina/Iniciativas_bilaterales/Uruguay/imagen_MEX-uruguay_infografia.pdf,290306,0.28,2025-10-14T15:36:30,2025-10-16T15:10:22.374888,.pdf,1ff933ae666ee755f2951a3e1c3ab37a
DECRETO_Promulgatorio_del_Tratado_de_Libre_Comercio_entre_los_Estados_Unidos_Mexicanos_y_la_Rep_blica_Oriental_del_Uruguay_1 (1).pdf,/home/elias/Documentos/Embeddings/SIEM/SIEM/Marco_jurídico/02_Tratados_internacionales/Comercio_exterior_paises_con_tratados_firmados/Tratdos_firmados_con_méxico/América_latina/Iniciativas_bilaterales/Uruguay/DECRETO_Promulgatorio_del_Tratado_de_Libre_Comercio_entre_los_Estados_Unidos_Mexicanos_y_la_Rep_blica_Oriental_del_Uruguay_1 (1).pdf,SIEM/Marco_jurídico/02_Tratados_internacionales/Comercio_exterior_paises_con_tratados_firmados/Tratdos_firmados_con_méxico/América_latina/Iniciativas_bilaterales/Uruguay/DECRETO_Promulgatorio_del_Tratado_de_Libre_Comercio_entre_los_Estados_Unidos_Mexicanos_y_la_Rep_blica_Oriental_del_Uruguay_1 (1).pdf,483534,0.46,2025-10-14T15:38:22,2025-10-16T15:10:22.295773,.pdf,83fe6c85c9be4697da0d8e5aa02059f6
TLC_Mexico-ElSalvad.pdf,/home/elias/Documentos/Embeddings/SIEM/SIEM/Marco_jurídico/02_Tratados_internacionales/Comercio_exterior_paises_con_tratados_firmados/Tratdos_firmados_con_méxico/América_latina/Iniciativas_bilaterales/Guatemala/TLC_Mexico-ElSalvad.pdf,SIEM/Marco_jurídico/02_Tratados_internacionales/Comercio_exterior_paises_con_tratados_firmados/Tratdos_firmados_con_méxico/América_latina/Iniciativas_bilaterales/Guatemala/TLC_Mexico-ElSalvad.pdf,1070713,1.02,2025-10-14T15:12:50,2025-10-16T15:10:19.715158,.pdf,12070fc44e087793c62baeffbea65b5b
SE_Peru_Capitulo_XIV_AnexoII_MEDIDASFUTURAS_nota_interpretativa.pdf,/home/elias/Documentos/Embeddings/SIEM/SIEM/Marco_jurídico/02_Tratados_internacionales/Comercio_exterior_paises_con_tratados_firmados/Tratdos_firmados_con_méxico/América_latina/Iniciativas_bilaterales/Perú/SE_Peru_Capitulo_XIV_AnexoII_MEDIDASFUTURAS_nota_interpretativa.pdf,SIEM/Marco_jurídico/02_Tratados_internacionales/Comercio_exterior_paises_con_tratados_firmados/Tratdos_firmados_con_méxico/América_latina/Iniciativas_bilaterales/Perú/SE_Peru_Capitulo_XIV_AnexoII_MEDIDASFUTURAS_nota_interpretativa.pdf,53067,0.05,2025-10-14T15:34:16,2025-10-16T15:10:21.862416,.pdf,84580d73d6152ee8eece94ff7164bdb5
SE_Peru_CAPITULOXI.pdf,/home/elias/Documentos/Embeddings/SIEM/SIEM/Marco_jurídico/02_Tratados_internacionales/Comercio_exterior_paises_con_tratados_firmados/Tratdos_firmados_con_méxico/América_latina/Iniciativas_bilaterales/Perú/SE_Peru_CAPITULOXI.pdf,SIEM/Marco_jurídico/02_Tratados_internacionales/Comercio_exterior_paises_con_tratados_firmados/Tratdos_firmados_con_méxico/América_latina/Iniciativas_bilaterales/Perú/SE_Peru_CAPITULOXI.pdf,166215,0.16,2025-10-14T15:34:20,2025-10-16T15:10:21.838736,.pdf,9f287642c10e4e41ea69371b5a9695e7
SE_Peru_Capitulo_XIV_Anexo_I_Medidas_disconformes_Nota_interpretativa.pdf,/home/elias/Documentos/Embeddings/SIEM/SIEM/Marco_jurídico/02_Tratados_internacionales/Comercio_exterior_paises_con_tratados_firmados/Tratdos_firmados_con_méxico/América_latina/Iniciativas_bilaterales/Perú/SE_Peru_Capitulo_XIV_Anexo_I_Medidas_disconformes_Nota_interpretativa.pdf,SIEM/Marco_jurídico/02_Tratados_internacionales/Comercio_exterior_paises_con_tratados_firmados/Tratdos_firmados_con_méxico/América_latina/Iniciativas_bilaterales/Perú/SE_Peru_Capitulo_XIV_Anexo_I_Medidas_disconformes_Nota_interpretativa.pdf,60450,0.06,2025-10-14T15:34:16,2025-10-16T15:10:21.880471,.pdf,675955f76996290defe7b4840dfa35fc
SE_Peru_anexo_II_mexico_medidas_futuras.pdf,/home/elias/Documentos/Embeddings/SIEM/SIEM/Marco_jurídico/02_Tratados_internacionales/Comercio_exterior_paises_con_tratados_firmados/Tratdos_firmados_con_méxico/América_latina/Iniciativas_bilaterales/Perú/SE_Peru_anexo_II_mexico_medidas_futuras.pdf,SIEM/Marco_jurídico/02_Tratados_internacionales/Comercio_exterior_paises_con_tratados_firmados/Tratdos_firmados_con_méxico/América_latina/Iniciativas_bilaterales/Perú/SE_Peru_anexo_II_mexico_medidas_futuras.pdf,24408,0.02,2025-10-14T15:34:16,2025-10-16T15:10:21.800341,.pdf,a3324b71319c45254ca45737ba2fa4d5
SE_Peru_Anexo_Articulos_3.3_y_3.6.pdf,/home/elias/Documentos/Embeddings/SIEM/SIEM/Marco_jurídico/02_Tratados_internacionales/Comercio_exterior_paises_con_tratados_firmados/Tratdos_firmados_con_méxico/América_latina/Iniciativas_bilaterales/Perú/SE_Peru_Anexo_Articulos_3.3_y_3.6.pdf,SIEM/Marco_jurídico/02_Tratados_internacionales/Comercio_exterior_paises_con_tratados_firmados/Tratdos_firmados_con_méxico/América_latina/Iniciativas_bilaterales/Perú/SE_Peru_Anexo_Articulos_3.3_y_3.6.pdf,51734,0.05,2025-10-14T15:34:18,2025-10-16T15:10:21.781781,.pdf,2b57e8428ab6d5d1857349bdd46af5c3
SE_Peru_CAPITULOII.pdf,/home/elias/Documentos/Embeddings/SIEM/SIEM/Marco_jurídico/02_Tratados_internacionales/Comercio_exterior_paises_con_tratados_firmados/Tratdos_firmados_con_méxico/América_latina/Iniciativas_bilaterales/Perú/SE_Peru_CAPITULOII.pdf,SIEM/Marco_jurídico/02_Tratados_internacionales/Comercio_exterior_paises_con_tratados_firmados/Tratdos_firmados_con_méxico/América_latina/Iniciativas_bilaterales/Perú/SE_Peru_CAPITULOII.pdf,62735,0.06,2025-10-14T15:34:20,2025-10-16T15:10:21.812283,.pdf,84a10819718bd7ada2667ea1181fdc38
SE_Peru_anexo_i_medidas_disconformes_lista_de_peru.pdf,/home/elias/Documentos/Embeddings/SIEM/SIEM/Marco_jurídico/02_Tratados_internacionales/Comercio_exterior_paises_con_tratados_firmados/Tratdos_firmados_con_méxico/América_latina/Iniciativas_bilaterales/Perú/SE_Peru_anexo_i_medidas_disconformes_lista_de_peru.pdf,SIEM/Marco_jurídico/02_Tratados_internacionales/Comercio_exterior_paises_con_tratados_firmados/Tratdos_firmados_con_méxico/América_latina/Iniciativas_bilaterales/Perú/SE_Peru_anexo_i_medidas_disconformes_lista_de_peru.pdf,85622,0.08,2025-10-14T15:34:16,2025-10-16T15:10:21.808822,.pdf,16a8bdb7ec324d3584ac3b5435ee7a46
SE_Peru_CAPITULOXV.pdf,/home/elias/Documentos/Embeddings/SIEM/SIEM/Marco_jurídico/02_Tratados_internacionales/Comercio_exterior_paises_con_tratados_firmados/Tratdos_firmados_con_méxico/América_latina/Iniciativas_bilaterales/Perú/SE_Peru_CAPITULOXV.pdf,SIEM/Marco_jurídico/02_Tratados_internacionales/Comercio_exterior_paises_con_tratados_firmados/Tratdos_firmados_con_méxico/América_latina/Iniciativas_bilaterales/Perú/SE_Peru_CAPITULOXV.pdf,109309,0.1,2025-10-14T15:34:18,2025-10-16T15:10:21.853021,.pdf,767d0d2fc84a81b5968b2994239deb52
SE_Peru_CAPITULOX.pdf,/home/elias/Documentos/Embeddings/SIEM/SIEM/Marco_jurídico/02_Tratados_internacionales/Comercio_exterior_paises_con_tratados_firmados/Tratdos_firmados_con_méxico/América_latina/Iniciativas_bilaterales/Perú/SE_Peru_CAPITULOX.pdf,SIEM/Marco_jurídico/02_Tratados_internacionales/Comercio_exterior_paises_con_tratados_firmados/Tratdos_firmados_con_méxico/América_latina/Iniciativas_bilaterales/Perú/SE_Peru_CAPITULOX.pdf,91646,0.09,2025-10-14T15:34:20,2025-10-16T15:10:21.834332,.pdf,3121ccb74ab9379d4494efc6d636ef79
SE_Peru_CAPITULOXIV.pdf,/home/elias/Documentos/Embeddings/SIEM/SIEM/Marco_jurídico/02_Tratados_internacionales/Comercio_exterior_paises_con_tratados_firmados/Tratdos_firmados_con_méxico/América_latina/Iniciativas_bilaterales/Perú/SE_Peru_CAPITULOXIV.pdf,SIEM/Marco_jurídico/02_Tratados_internacionales/Comercio_exterior_paises_con_tratados_firmados/Tratdos_firmados_con_méxico/América_latina/Iniciativas_bilaterales/Perú/SE_Peru_CAPITULOXIV.pdf,99303,0.09,2025-10-14T15:34:18,2025-10-16T15:10:21.848332,.pdf,715dfab9521437850b28ed8a07c12632
SE_Peru_Anexo_Articulo_3.4-A_NOTAS_GENERALES.pdf,/home/elias/Documentos/Embeddings/SIEM/SIEM/Marco_jurídico/02_Tratados_internacionales/Comercio_exterior_paises_con_tratados_firmados/Tratdos_firmados_con_méxico/América_latina/Iniciativas_bilaterales/Perú/SE_Peru_Anexo_Articulo_3.4-A_NOTAS_GENERALES.pdf,SIEM/Marco_jurídico/02_Tratados_internacionales/Comercio_exterior_paises_con_tratados_firmados/Tratdos_firmados_con_méxico/América_latina/Iniciativas_bilaterales/Perú/SE_Peru_Anexo_Articulo_3.4-A_NOTAS_GENERALES.pdf,97395,0.09,2025-10-14T15:34:18,2025-10-16T15:10:21.784524,.pdf,3bcdb1e4785b2b26c5a8fc6ecdcd61b0
SE_Peru_anexo_i_medidas_disconformes_lista_de_mexico.pdf,/home/elias/Documentos/Embeddings/SIEM/SIEM/Marco_jurídico/02_Tratados_internacionales/Comercio_exterior_paises_con_tratados_firmados/Tratdos_firmados_con_méxico/América_latina/Iniciativas_bilaterales/Perú/SE_Peru_anexo_i_medidas_disconformes_lista_de_mexico.pdf,SIEM/Marco_jurídico/02_Tratados_internacionales/Comercio_exterior_paises_con_tratados_firmados/Tratdos_firmados_con_méxico/América_latina/Iniciativas_bilaterales/Perú/SE_Peru_anexo_i_medidas_disconformes_lista_de_mexico.pdf,231787,0.22,2025-10-14T15:34:18,2025-10-16T15:10:21.806396,.pdf,335fb4a2ad28923544c78a8501cd2462
Per__Decisi_n_N__1.pdf,/home/elias/Documentos/Embeddings/SIEM/SIEM/Marco_jurídico/02_Tratados_internacionales/Comercio_exterior_paises_con_tratados_firmados/Tratdos_firmados_con_méxico/América_latina/Iniciativas_bilaterales/Perú/Per__Decisi_n_N__1.pdf,SIEM/Marco_jurídico/02_Tratados_internacionales/Comercio_exterior_paises_con_tratados_firmados/Tratdos_firmados_con_méxico/América_latina/Iniciativas_bilaterales/Perú/Per__Decisi_n_N__1.pdf,223509,0.21,2025-10-14T15:34:20,2025-10-16T15:10:21.581679,.pdf,46ab751b78d89fecf673fce0841a6fef
SE_Peru_CAPITULOIX.pdf,/home/elias/Documentos/Embeddings/SIEM/SIEM/Marco_jurídico/02_Tratados_internacionales/Comercio_exterior_paises_con_tratados_firmados/Tratdos_firmados_con_méxico/América_latina/Iniciativas_bilaterales/Perú/SE_Peru_CAPITULOIX.pdf,SIEM/Marco_jurídico/02_Tratados_internacionales/Comercio_exterior_paises_con_tratados_firmados/Tratdos_firmados_con_méxico/América_latina/Iniciativas_bilaterales/Perú/SE_Peru_CAPITULOIX.pdf,85848,0.08,2025-10-14T15:34:20,2025-10-16T15:10:21.823675,.pdf,88e57e5201996927107b32e6b5dbd1d1
SE_Peru_CAPITULOVI.pdf,/home/elias/Documentos/Embeddings/SIEM/SIEM/Marco_jurídico/02_Tratados_internacionales/Comercio_exterior_paises_con_tratados_firmados/Tratdos_firmados_con_méxico/América_latina/Iniciativas_bilaterales/Perú/SE_Peru_CAPITULOVI.pdf,SIEM/Marco_jurídico/02_Tratados_internacionales/Comercio_exterior_paises_con_tratados_firmados/Tratdos_firmados_con_méxico/América_latina/Iniciativas_bilaterales/Perú/SE_Peru_CAPITULOVI.pdf,78043,0.07,2025-10-14T15:34:20,2025-10-16T15:10:21.827023,.pdf,fa9ad8f53c9ebdf04a21092627b5bb3c
SE_Peru_CAPITULOVII.pdf,/home/elias/Documentos/Embeddings/SIEM/SIEM/Marco_jurídico/02_Tratados_internacionales/Comercio_exterior_paises_con_tratados_firmados/Tratdos_firmados_con_méxico/América_latina/Iniciativas_bilaterales/Perú/SE_Peru_CAPITULOVII.pdf,SIEM/Marco_jurídico/02_Tratados_internacionales/Comercio_exterior_paises_con_tratados_firmados/Tratdos_firmados_con_méxico/América_latina/Iniciativas_bilaterales/Perú/SE_Peru_CAPITULOVII.pdf,34065,0.03,2025-10-14T15:34:20,2025-10-16T15:10:21.828133,.pdf,ea116d4a5542a6123c35d52f7dbbbc19
SE_Peru_CAPITULOIII.pdf,/home/elias/Documentos/Embeddings/SIEM/SIEM/Marco_jurídico/02_Tratados_internacionales/Comercio_exterior_paises_con_tratados_firmados/Tratdos_firmados_con_méxico/América_latina/Iniciativas_bilaterales/Perú/SE_Peru_CAPITULOIII.pdf,SIEM/Marco_jurídico/02_Tratados_internacionales/Comercio_exterior_paises_con_tratados_firmados/Tratdos_firmados_con_méxico/América_latina/Iniciativas_bilaterales/Perú/SE_Peru_CAPITULOIII.pdf,94595,0.09,2025-10-14T15:34:20,2025-10-16T15:10:21.814937,.pdf,996526b1bf7e12952454b7ebb7088dc6
SE_LISTA_PER_.pdf,/home/elias/Documentos/Embeddings/SIEM/SIEM/Marco_jurídico/02_Tratados_internacionales/Comercio_exterior_paises_con_tratados_firmados/Tratdos_firmados_con_méxico/América_latina/Iniciativas_bilaterales/Perú/SE_LISTA_PER_.pdf,SIEM/Marco_jurídico/02_Tratados_internacionales/Comercio_exterior_paises_con_tratados_firmados/Tratdos_firmados_con_méxico/América_latina/Iniciativas_bilaterales/Perú/SE_LISTA_PER_.pdf,7456067,7.11,2025-10-14T15:34:22,2025-10-16T15:10:21.779255,.pdf,d6f60f06784b27a28a35edf574bc18c5
SE_Peru_CAPITULOXII.pdf,/home/elias/Documentos/Embeddings/SIEM/SIEM/Marco_jurídico/02_Tratados_internacionales/Comercio_exterior_paises_con_tratados_firmados/Tratdos_firmados_con_méxico/América_latina/Iniciativas_bilaterales/Perú/SE_Peru_CAPITULOXII.pdf,SIEM/Marco_jurídico/02_Tratados_internacionales/Comercio_exterior_paises_con_tratados_firmados/Tratdos_firmados_con_méxico/América_latina/Iniciativas_bilaterales/Perú/SE_Peru_CAPITULOXII.pdf,165648,0.16,2025-10-14T15:34:20,2025-10-16T15:10:21.843088,.pdf,15dc2b6a6089ec3dfefa4fe52a3cdb15
SE_Peru_CAPITULOVIII.pdf,/home/elias/Documentos/Embeddings/SIEM/SIEM/Marco_jurídico/02_Tratados_internacionales/Comercio_exterior_paises_con_tratados_firmados/Tratdos_firmados_con_méxico/América_latina/Iniciativas_bilaterales/Perú/SE_Peru_CAPITULOVIII.pdf,SIEM/Marco_jurídico/02_Tratados_internacionales/Comercio_exterior_paises_con_tratados_firmados/Tratdos_firmados_con_méxico/América_latina/Iniciativas_bilaterales/Perú/SE_Peru_CAPITULOVIII.pdf,106440,0.1,2025-10-14T15:34:20,2025-10-16T15:10:21.831808,.pdf,4b224d05af9c92f9e6c5394b81da0da9
SE_Peru_Anexo_Articulo_3.9.pdf,/home/elias/Documentos/Embeddings/SIEM/SIEM/Marco_jurídico/02_Tratados_internacionales/Comercio_exterior_paises_con_tratados_firmados/Tratdos_firmados_con_méxico/América_latina/Iniciativas_bilaterales/Perú/SE_Peru_Anexo_Articulo_3.9.pdf,SIEM/Marco_jurídico/02_Tratados_internacionales/Comercio_exterior_paises_con_tratados_firmados/Tratdos_firmados_con_méxico/América_latina/Iniciativas_bilaterales/Perú/SE_Peru_Anexo_Articulo_3.9.pdf,13350,0.01,2025-10-14T15:34:18,2025-10-16T15:10:21.786539,.pdf,7ea06841c1a2d72f4e4667e4f2e70fe5
SE_Peru_Capitulo_XIV_AnexoIII_ACCESO_A_MERCADOS_nota_interpretativa.pdf,/home/elias/Documentos/Embeddings/SIEM/SIEM/Marco_jurídico/02_Tratados_internacionales/Comercio_exterior_paises_con_tratados_firmados/Tratdos_firmados_con_méxico/América_latina/Iniciativas_bilaterales/Perú/SE_Peru_Capitulo_XIV_AnexoIII_ACCESO_A_MERCADOS_nota_interpretativa.pdf,SIEM/Marco_jurídico/02_Tratados_internacionales/Comercio_exterior_paises_con_tratados_firmados/Tratdos_firmados_con_méxico/América_latina/Iniciativas_bilaterales/Perú/SE_Peru_Capitulo_XIV_AnexoIII_ACCESO_A_MERCADOS_nota_interpretativa.pdf,50584,0.05,2025-10-14T15:34:16,2025-10-16T15:10:21.860766,.pdf,7587329ad34677129119093be1604f71
SE_Peru_CAPITULOXVI.pdf,/home/elias/Documentos/Embeddings/SIEM/SIEM/Marco_jurídico/02_Tratados_internacionales/Comercio_exterior_paises_con_tratados_firmados/Tratdos_firmados_con_méxico/América_latina/Iniciativas_bilaterales/Perú/SE_Peru_CAPITULOXVI.pdf,SIEM/Marco_jurídico/02_Tratados_internacionales/Comercio_exterior_paises_con_tratados_firmados/Tratdos_firmados_con_méxico/América_latina/Iniciativas_bilaterales/Perú/SE_Peru_CAPITULOXVI.pdf,58166,0.06,2025-10-14T15:34:18,2025-10-16T15:10:21.857097,.pdf,a39aa31bbc809fe7d32b1e33ad8ecd11
SE_Peru_CAP_TULOXVIII.pdf,/home/elias/Documentos/Embeddings/SIEM/SIEM/Marco_jurídico/02_Tratados_internacionales/Comercio_exterior_paises_con_tratados_firmados/Tratdos_firmados_con_méxico/América_latina/Iniciativas_bilaterales/Perú/SE_Peru_CAP_TULOXVIII.pdf,SIEM/Marco_jurídico/02_Tratados_internacionales/Comercio_exterior_paises_con_tratados_firmados/Tratdos_firmados_con_méxico/América_latina/Iniciativas_bilaterales/Perú/SE_Peru_CAP_TULOXVIII.pdf,25002,0.02,2025-10-14T15:34:18,2025-10-16T15:10:21.881341,.pdf,10c90991e27aac62a44df3a9050b1a06
SE_Peru_Capitulo_XIV_Anexo_I_Medidas_Disconformes_Lista_Mexico.pdf,/home/elias/Documentos/Embeddings/SIEM/SIEM/Marco_jurídico/02_Tratados_internacionales/Comercio_exterior_paises_con_tratados_firmados/Tratdos_firmados_con_méxico/América_latina/Iniciativas_bilaterales/Perú/SE_Peru_Capitulo_XIV_Anexo_I_Medidas_Disconformes_Lista_Mexico.pdf,SIEM/Marco_jurídico/02_Tratados_internacionales/Comercio_exterior_paises_con_tratados_firmados/Tratdos_firmados_con_méxico/América_latina/Iniciativas_bilaterales/Perú/SE_Peru_Capitulo_XIV_Anexo_I_Medidas_Disconformes_Lista_Mexico.pdf,387359,0.37,2025-10-14T15:34:16,2025-10-16T15:10:21.878710,.pdf,5f9ca8259c9e35a7af84fdb1c6d09285
SE_Peru_Anexo_Articulo_4.2.pdf,/home/elias/Documentos/Embeddings/SIEM/SIEM/Marco_jurídico/02_Tratados_internacionales/Comercio_exterior_paises_con_tratados_firmados/Tratdos_firmados_con_méxico/América_latina/Iniciativas_bilaterales/Perú/SE_Peru_Anexo_Articulo_4.2.pdf,SIEM/Marco_jurídico/02_Tratados_internacionales/Comercio_exterior_paises_con_tratados_firmados/Tratdos_firmados_con_méxico/América_latina/Iniciativas_bilaterales/Perú/SE_Peru_Anexo_Articulo_4.2.pdf,507086,0.48,2025-10-14T15:34:18,2025-10-16T15:10:21.799425,.pdf,f86f92acab06f62e54589e4a37c4543b
Per__Formato_Certificado_de_Origen.pdf,/home/elias/Documentos/Embeddings/SIEM/SIEM/Marco_jurídico/02_Tratados_internacionales/Comercio_exterior_paises_con_tratados_firmados/Tratdos_firmados_con_méxico/América_latina/Iniciativas_bilaterales/Perú/Per__Formato_Certificado_de_Origen.pdf,SIEM/Marco_jurídico/02_Tratados_internacionales/Comercio_exterior_paises_con_tratados_firmados/Tratdos_firmados_con_méxico/América_latina/Iniciativas_bilaterales/Perú/Per__Formato_Certificado_de_Origen.pdf,492410,0.47,2025-10-14T15:34:22,2025-10-16T15:10:21.594361,.pdf,255f1d9987539450350ea9c878b49f42
SE_Peru_CAPITULOIV.pdf,/home/elias/Documentos/Embeddings/SIEM/SIEM/Marco_jurídico/02_Tratados_internacionales/Comercio_exterior_paises_con_tratados_firmados/Tratdos_firmados_con_méxico/América_latina/Iniciativas_bilaterales/Perú/SE_Peru_CAPITULOIV.pdf,SIEM/Marco_jurídico/02_Tratados_internacionales/Comercio_exterior_paises_con_tratados_firmados/Tratdos_firmados_con_méxico/América_latina/Iniciativas_bilaterales/Perú/SE_Peru_CAPITULOIV.pdf,243383,0.23,2025-10-14T15:34:20,2025-10-16T15:10:21.821215,.pdf,8727b9a8ecb48524e727cd661d1f40a9
SE_Peru_Capitulo_XIV_AnexoVI_Serviciosfinancieros_notainterpretativa.pdf,/home/elias/Documentos/Embeddings/SIEM/SIEM/Marco_jurídico/02_Tratados_internacionales/Comercio_exterior_paises_con_tratados_firmados/Tratdos_firmados_con_méxico/América_latina/Iniciativas_bilaterales/Perú/SE_Peru_Capitulo_XIV_AnexoVI_Serviciosfinancieros_notainterpretativa.pdf,SIEM/Marco_jurídico/02_Tratados_internacionales/Comercio_exterior_paises_con_tratados_firmados/Tratdos_firmados_con_méxico/América_latina/Iniciativas_bilaterales/Perú/SE_Peru_Capitulo_XIV_AnexoVI_Serviciosfinancieros_notainterpretativa.pdf,88561,0.08,2025-10-14T15:34:20,2025-10-16T15:10:21.866530,.pdf,af6c1173bf53d4b7eb0ac8e66d6fccb9
SE_Peru_Capitulo_XIV_AnexoV_MexicoActividadesreservadasalEstado.pdf,/home/elias/Documentos/Embeddings/SIEM/SIEM/Marco_jurídico/02_Tratados_internacionales/Comercio_exterior_paises_con_tratados_firmados/Tratdos_firmados_con_méxico/América_latina/Iniciativas_bilaterales/Perú/SE_Peru_Capitulo_XIV_AnexoV_MexicoActividadesreservadasalEstado.pdf,SIEM/Marco_jurídico/02_Tratados_internacionales/Comercio_exterior_paises_con_tratados_firmados/Tratdos_firmados_con_méxico/América_latina/Iniciativas_bilaterales/Perú/SE_Peru_Capitulo_XIV_AnexoV_MexicoActividadesreservadasalEstado.pdf,25447,0.02,2025-10-14T15:34:16,2025-10-16T15:10:21.867421,.pdf,5dadb82e599eab69701d8068b7862604
SE_Peru_Anexo_Articulo_3.4-B.pdf,/home/elias/Documentos/Embeddings/SIEM/SIEM/Marco_jurídico/02_Tratados_internacionales/Comercio_exterior_paises_con_tratados_firmados/Tratdos_firmados_con_méxico/América_latina/Iniciativas_bilaterales/Perú/SE_Peru_Anexo_Articulo_3.4-B.pdf,SIEM/Marco_jurídico/02_Tratados_internacionales/Comercio_exterior_paises_con_tratados_firmados/Tratdos_firmados_con_méxico/América_latina/Iniciativas_bilaterales/Perú/SE_Peru_Anexo_Articulo_3.4-B.pdf,46063,0.04,2025-10-14T15:34:18,2025-10-16T15:10:21.785927,.pdf,2ce324a94f7be36d0ef2de7889f2262c
SE_Peru_CAPITULOXIII.pdf,/home/elias/Documentos/Embeddings/SIEM/SIEM/Marco_jurídico/02_Tratados_internacionales/Comercio_exterior_paises_con_tratados_firmados/Tratdos_firmados_con_méxico/América_latina/Iniciativas_bilaterales/Perú/SE_Peru_CAPITULOXIII.pdf,SIEM/Marco_jurídico/02_Tratados_internacionales/Comercio_exterior_paises_con_tratados_firmados/Tratdos_firmados_con_méxico/América_latina/Iniciativas_bilaterales/Perú/SE_Peru_CAPITULOXIII.pdf,90200,0.09,2025-10-14T15:34:18,2025-10-16T15:10:21.845591,.pdf,b90e79e5f08388640e0ce5720ea27e64
SE_Peru_CAPITULOI.pdf,/home/elias/Documentos/Embeddings/SIEM/SIEM/Marco_jurídico/02_Tratados_internacionales/Comercio_exterior_paises_con_tratados_firmados/Tratdos_firmados_con_méxico/América_latina/Iniciativas_bilaterales/Perú/SE_Peru_CAPITULOI.pdf,SIEM/Marco_jurídico/02_Tratados_internacionales/Comercio_exterior_paises_con_tratados_firmados/Tratdos_firmados_con_méxico/América_latina/Iniciativas_bilaterales/Perú/SE_Peru_CAPITULOI.pdf,53963,0.05,2025-10-14T15:34:20,2025-10-16T15:10:21.810430,.pdf,d21d6536af17c1345d2c11ddece8ed04
SE_Peru_CAPITULOV.pdf,/home/elias/Documentos/Embeddings/SIEM/SIEM/Marco_jurídico/02_Tratados_internacionales/Comercio_exterior_paises_con_tratados_firmados/Tratdos_firmados_con_méxico/América_latina/Iniciativas_bilaterales/Perú/SE_Peru_CAPITULOV.pdf,SIEM/Marco_jurídico/02_Tratados_internacionales/Comercio_exterior_paises_con_tratados_firmados/Tratdos_firmados_con_méxico/América_latina/Iniciativas_bilaterales/Perú/SE_Peru_CAPITULOV.pdf,36385,0.03,2025-10-14T15:34:20,2025-10-16T15:10:21.824829,.pdf,c408013e3911fd5230c321f56be5eb89
SE_Peru-preambulo.pdf,/home/elias/Documentos/Embeddings/SIEM/SIEM/Marco_jurídico/02_Tratados_internacionales/Comercio_exterior_paises_con_tratados_firmados/Tratdos_firmados_con_méxico/América_latina/Iniciativas_bilaterales/Perú/SE_Peru-preambulo.pdf,SIEM/Marco_jurídico/02_Tratados_internacionales/Comercio_exterior_paises_con_tratados_firmados/Tratdos_firmados_con_méxico/América_latina/Iniciativas_bilaterales/Perú/SE_Peru-preambulo.pdf,22663,0.02,2025-10-14T15:34:16,2025-10-16T15:10:21.780185,.pdf,91f81330e7387229589d46ec995fea4b
SE_Peru_Capitulo_XIV_AnexoIV_Mexico_Excepciones_NMF.pdf,/home/elias/Documentos/Embeddings/SIEM/SIEM/Marco_jurídico/02_Tratados_internacionales/Comercio_exterior_paises_con_tratados_firmados/Tratdos_firmados_con_méxico/América_latina/Iniciativas_bilaterales/Perú/SE_Peru_Capitulo_XIV_AnexoIV_Mexico_Excepciones_NMF.pdf,SIEM/Marco_jurídico/02_Tratados_internacionales/Comercio_exterior_paises_con_tratados_firmados/Tratdos_firmados_con_méxico/América_latina/Iniciativas_bilaterales/Perú/SE_Peru_Capitulo_XIV_AnexoIV_Mexico_Excepciones_NMF.pdf,7396,0.01,2025-10-14T15:34:16,2025-10-16T15:10:21.862916,.pdf,e8b5cb013b4c462502bb2d0e1b693adb
SE_Peru_CAPITULOXIX.pdf,/home/elias/Documentos/Embeddings/SIEM/SIEM/Marco_jurídico/02_Tratados_internacionales/Comercio_exterior_paises_con_tratados_firmados/Tratdos_firmados_con_méxico/América_latina/Iniciativas_bilaterales/Perú/SE_Peru_CAPITULOXIX.pdf,SIEM/Marco_jurídico/02_Tratados_internacionales/Comercio_exterior_paises_con_tratados_firmados/Tratdos_firmados_con_méxico/América_latina/Iniciativas_bilaterales/Perú/SE_Peru_CAPITULOXIX.pdf,58519,0.06,2025-10-14T15:34:18,2025-10-16T15:10:21.850052,.pdf,2c8a3fd53ae3c99e4fb849ec448412bd
SE_Peru_LISTA_M_XICO.pdf,/home/elias/Documentos/Embeddings/SIEM/SIEM/Marco_jurídico/02_Tratados_internacionales/Comercio_exterior_paises_con_tratados_firmados/Tratdos_firmados_con_méxico/América_latina/Iniciativas_bilaterales/Perú/SE_Peru_LISTA_M_XICO.pdf,SIEM/Marco_jurídico/02_Tratados_internacionales/Comercio_exterior_paises_con_tratados_firmados/Tratdos_firmados_con_méxico/América_latina/Iniciativas_bilaterales/Perú/SE_Peru_LISTA_M_XICO.pdf,10088454,9.62,2025-10-14T15:34:18,2025-10-16T15:10:22.202468,.pdf,da40f0dccdb54a16b3fa723d309bd8e4
SE_Peru_CAPITULOXVII.pdf,/home/elias/Documentos/Embeddings/SIEM/SIEM/Marco_jurídico/02_Tratados_internacionales/Comercio_exterior_paises_con_tratados_firmados/Tratdos_firmados_con_méxico/América_latina/Iniciativas_bilaterales/Perú/SE_Peru_CAPITULOXVII.pdf,SIEM/Marco_jurídico/02_Tratados_internacionales/Comercio_exterior_paises_con_tratados_firmados/Tratdos_firmados_con_méxico/América_latina/Iniciativas_bilaterales/Perú/SE_Peru_CAPITULOXVII.pdf,16779,0.02,2025-10-14T15:34:18,2025-10-16T15:10:21.858326,.pdf,bf1589e9b86f203f2b0d9073259b44c4
Cuba_ACE-N_51-CUBA-MEXICO.pdf,/home/elias/Documentos/Embeddings/SIEM/SIEM/Marco_jurídico/02_Tratados_internacionales/Comercio_exterior_paises_con_tratados_firmados/Tratdos_firmados_con_méxico/América_latina/Iniciativas_bilaterales/Cuba/Cuba_ACE-N_51-CUBA-MEXICO.pdf,SIEM/Marco_jurídico/02_Tratados_internacionales/Comercio_exterior_paises_con_tratados_firmados/Tratdos_firmados_con_méxico/América_latina/Iniciativas_bilaterales/Cuba/Cuba_ACE-N_51-CUBA-MEXICO.pdf,95239,0.09,2025-10-14T15:00:30,2025-10-16T15:10:19.643495,.pdf,3a1da137374a3e55de12257a2767b50b
Cuba_ACE_N_51-CUBA-MEXICO-02_Protocolo_Adicional.pdf,/home/elias/Documentos/Embeddings/SIEM/SIEM/Marco_jurídico/02_Tratados_internacionales/Comercio_exterior_paises_con_tratados_firmados/Tratdos_firmados_con_méxico/América_latina/Iniciativas_bilaterales/Cuba/Cuba_ACE_N_51-CUBA-MEXICO-02_Protocolo_Adicional.pdf,SIEM/Marco_jurídico/02_Tratados_internacionales/Comercio_exterior_paises_con_tratados_firmados/Tratdos_firmados_con_méxico/América_latina/Iniciativas_bilaterales/Cuba/Cuba_ACE_N_51-CUBA-MEXICO-02_Protocolo_Adicional.pdf,307675,0.29,2025-10-14T15:00:30,2025-10-16T15:10:19.651407,.pdf,60f6b16b5e138dda7f0e43e5792d6e84
Cuba_ACE-N_51-CUBA-MEXICO-01_Protocolo_Adicional.pdf,/home/elias/Documentos/Embeddings/SIEM/SIEM/Marco_jurídico/02_Tratados_internacionales/Comercio_exterior_paises_con_tratados_firmados/Tratdos_firmados_con_méxico/América_latina/Iniciativas_bilaterales/Cuba/Cuba_ACE-N_51-CUBA-MEXICO-01_Protocolo_Adicional.pdf,SIEM/Marco_jurídico/02_Tratados_internacionales/Comercio_exterior_paises_con_tratados_firmados/Tratdos_firmados_con_méxico/América_latina/Iniciativas_bilaterales/Cuba/Cuba_ACE-N_51-CUBA-MEXICO-01_Protocolo_Adicional.pdf,14805,0.01,2025-10-14T15:00:30,2025-10-16T15:10:19.640800,.pdf,8836b4c7f5cc9e0d088323cba9a41f33
Protocolo adicional.pdf,/home/elias/Documentos/Embeddings/SIEM/SIEM/Marco_jurídico/02_Tratados_internacionales/Comercio_exterior_paises_con_tratados_firmados/Tratdos_firmados_con_méxico/América_latina/Iniciativas_bilaterales/Brasil/Protocolo adicional.pdf,SIEM/Marco_jurídico/02_Tratados_internacionales/Comercio_exterior_paises_con_tratados_firmados/Tratdos_firmados_con_méxico/América_latina/Iniciativas_bilaterales/Brasil/Protocolo adicional.pdf,3531057,3.37,2025-10-14T13:08:28,2025-10-16T15:10:18.476761,.pdf,036e1d9abf39be8add47fd9fff152332
Segundo protocolo.pdf,/home/elias/Documentos/Embeddings/SIEM/SIEM/Marco_jurídico/02_Tratados_internacionales/Comercio_exterior_paises_con_tratados_firmados/Tratdos_firmados_con_méxico/América_latina/Iniciativas_bilaterales/Brasil/Segundo protocolo.pdf,SIEM/Marco_jurídico/02_Tratados_internacionales/Comercio_exterior_paises_con_tratados_firmados/Tratdos_firmados_con_méxico/América_latina/Iniciativas_bilaterales/Brasil/Segundo protocolo.pdf,656872,0.63,2025-10-14T13:07:46,2025-10-16T15:10:18.493668,.pdf,d12374c67e2a25e8d8d429384ba2995a
2007-06-22_AcuerdoIII_Protocolo.pdf,/home/elias/Documentos/Embeddings/SIEM/SIEM/Marco_jurídico/02_Tratados_internacionales/Comercio_exterior_paises_con_tratados_firmados/Tratdos_firmados_con_méxico/América_latina/Iniciativas_bilaterales/Brasil/2007-06-22_AcuerdoIII_Protocolo.pdf,SIEM/Marco_jurídico/02_Tratados_internacionales/Comercio_exterior_paises_con_tratados_firmados/Tratdos_firmados_con_méxico/América_latina/Iniciativas_bilaterales/Brasil/2007-06-22_AcuerdoIII_Protocolo.pdf,209348,0.2,2025-10-14T13:04:30,2025-10-16T15:10:18.372693,.pdf,320a7e559c6743174bce22ba4ace061b
Acuerdo tercer protocolo.pdf,/home/elias/Documentos/Embeddings/SIEM/SIEM/Marco_jurídico/02_Tratados_internacionales/Comercio_exterior_paises_con_tratados_firmados/Tratdos_firmados_con_méxico/América_latina/Iniciativas_bilaterales/Brasil/Acuerdo tercer protocolo.pdf,SIEM/Marco_jurídico/02_Tratados_internacionales/Comercio_exterior_paises_con_tratados_firmados/Tratdos_firmados_con_méxico/América_latina/Iniciativas_bilaterales/Brasil/Acuerdo tercer protocolo.pdf,517119,0.49,2025-10-14T13:08:50,2025-10-16T15:10:18.385833,.pdf,eaa8b953914369fdede97b0626462e74
ACUERDO_MEXICO_BRASIL_PARA_EL_R.pdf,/home/elias/Documentos/Embeddings/SIEM/SIEM/Marco_jurídico/02_Tratados_internacionales/Comercio_exterior_paises_con_tratados_firmados/Tratdos_firmados_con_méxico/América_latina/Iniciativas_bilaterales/Brasil/ACUERDO_MEXICO_BRASIL_PARA_EL_R.pdf,SIEM/Marco_jurídico/02_Tratados_internacionales/Comercio_exterior_paises_con_tratados_firmados/Tratdos_firmados_con_méxico/América_latina/Iniciativas_bilaterales/Brasil/ACUERDO_MEXICO_BRASIL_PARA_EL_R.pdf,114809,0.11,2025-10-14T13:04:32,2025-10-16T15:10:18.388950,.pdf,48e857530437f2929ac2b549a4a3f41d
Tratado_Libre_Comercio_Mexico-Chile_1a_parte.pdf,/home/elias/Documentos/Embeddings/SIEM/SIEM/Marco_jurídico/02_Tratados_internacionales/Comercio_exterior_paises_con_tratados_firmados/Tratdos_firmados_con_méxico/América_latina/Iniciativas_bilaterales/Chile/Tratado_Libre_Comercio_Mexico-Chile_1a_parte.pdf,SIEM/Marco_jurídico/02_Tratados_internacionales/Comercio_exterior_paises_con_tratados_firmados/Tratdos_firmados_con_méxico/América_latina/Iniciativas_bilaterales/Chile/Tratado_Libre_Comercio_Mexico-Chile_1a_parte.pdf,391744,0.37,2025-10-14T15:01:56,2025-10-16T15:10:18.539094,.pdf,0acd01f15f9d4d11701f0e7ab9636ad7
Tratado_Libre_Comercio_Mexico_Chile_2a_parte.pdf,/home/elias/Documentos/Embeddings/SIEM/SIEM/Marco_jurídico/02_Tratados_internacionales/Comercio_exterior_paises_con_tratados_firmados/Tratdos_firmados_con_méxico/América_latina/Iniciativas_bilaterales/Chile/Tratado_Libre_Comercio_Mexico_Chile_2a_parte.pdf,SIEM/Marco_jurídico/02_Tratados_internacionales/Comercio_exterior_paises_con_tratados_firmados/Tratdos_firmados_con_méxico/América_latina/Iniciativas_bilaterales/Chile/Tratado_Libre_Comercio_Mexico_Chile_2a_parte.pdf,382623,0.36,2025-10-14T15:01:56,2025-10-16T15:10:18.548853,.pdf,d650f3e80d268cd9941569a852f25b54
decreto_bolivia.pdf,/home/elias/Documentos/Embeddings/SIEM/SIEM/Marco_jurídico/02_Tratados_internacionales/Comercio_exterior_paises_con_tratados_firmados/Tratdos_firmados_con_méxico/América_latina/Iniciativas_bilaterales/Bolivia/decreto_bolivia.pdf,SIEM/Marco_jurídico/02_Tratados_internacionales/Comercio_exterior_paises_con_tratados_firmados/Tratdos_firmados_con_méxico/América_latina/Iniciativas_bilaterales/Bolivia/decreto_bolivia.pdf,11063,0.01,2025-10-14T13:03:26,2025-10-16T15:10:18.366321,.pdf,b74604680b5735cc48bb76b61b53dc07
Bolivia_Acuerdo_ACE_66.pdf,/home/elias/Documentos/Embeddings/SIEM/SIEM/Marco_jurídico/02_Tratados_internacionales/Comercio_exterior_paises_con_tratados_firmados/Tratdos_firmados_con_méxico/América_latina/Iniciativas_bilaterales/Bolivia/Bolivia_Acuerdo_ACE_66.pdf,SIEM/Marco_jurídico/02_Tratados_internacionales/Comercio_exterior_paises_con_tratados_firmados/Tratdos_firmados_con_méxico/América_latina/Iniciativas_bilaterales/Bolivia/Bolivia_Acuerdo_ACE_66.pdf,1033818,0.99,2025-10-14T13:03:24,2025-10-16T15:10:18.346784,.pdf,68d7f77511c3be78f375b328b126ada1
Bolivia_Acuerdo_preferencias_arancelarias_ACE_66.pdf,/home/elias/Documentos/Embeddings/SIEM/SIEM/Marco_jurídico/02_Tratados_internacionales/Comercio_exterior_paises_con_tratados_firmados/Tratdos_firmados_con_méxico/América_latina/Iniciativas_bilaterales/Bolivia/Bolivia_Acuerdo_preferencias_arancelarias_ACE_66.pdf,SIEM/Marco_jurídico/02_Tratados_internacionales/Comercio_exterior_paises_con_tratados_firmados/Tratdos_firmados_con_méxico/América_latina/Iniciativas_bilaterales/Bolivia/Bolivia_Acuerdo_preferencias_arancelarias_ACE_66.pdf,109204,0.1,2025-10-14T13:03:26,2025-10-16T15:10:18.349840,.pdf,8f5f716ad338fa1c684a448a46cd7738
Bolivia_Formato_Certificado_de_Origen.pdf,/home/elias/Documentos/Embeddings/SIEM/SIEM/Marco_jurídico/02_Tratados_internacionales/Comercio_exterior_paises_con_tratados_firmados/Tratdos_firmados_con_méxico/América_latina/Iniciativas_bilaterales/Bolivia/Bolivia_Formato_Certificado_de_Origen.pdf,SIEM/Marco_jurídico/02_Tratados_internacionales/Comercio_exterior_paises_con_tratados_firmados/Tratdos_firmados_con_méxico/América_latina/Iniciativas_bilaterales/Bolivia/Bolivia_Formato_Certificado_de_Origen.pdf,617118,0.59,2025-10-14T13:03:26,2025-10-16T15:10:18.365778,.pdf,6a114c3e9b21bae26e41b1781039c148
ACE_006_013_Protocolo_Ad.pdf,/home/elias/Documentos/Embeddings/SIEM/SIEM/Marco_jurídico/02_Tratados_internacionales/Comercio_exterior_paises_con_tratados_firmados/Tratdos_firmados_con_méxico/América_latina/Iniciativas_bilaterales/Argentina/ACE_006_013_Protocolo_Ad.pdf,SIEM/Marco_jurídico/02_Tratados_internacionales/Comercio_exterior_paises_con_tratados_firmados/Tratdos_firmados_con_méxico/América_latina/Iniciativas_bilaterales/Argentina/ACE_006_013_Protocolo_Ad.pdf,105228,0.1,2025-10-14T12:57:04,2025-10-16T15:10:17.220661,.pdf,da19cf14294e76ea9b5d618b2ba2c691
Acuerdo_15_protocolo.pdf,/home/elias/Documentos/Embeddings/SIEM/SIEM/Marco_jurídico/02_Tratados_internacionales/Comercio_exterior_paises_con_tratados_firmados/Tratdos_firmados_con_méxico/América_latina/Iniciativas_bilaterales/Argentina/Acuerdo_15_protocolo.pdf,SIEM/Marco_jurídico/02_Tratados_internacionales/Comercio_exterior_paises_con_tratados_firmados/Tratdos_firmados_con_méxico/América_latina/Iniciativas_bilaterales/Argentina/Acuerdo_15_protocolo.pdf,44408616,42.35,2025-10-14T13:01:32,2025-10-16T15:10:18.319463,.pdf,e530e4b7aaaf1f5696fffee6c7732525
Colombia_Dispensa_Temporal_Decisi_n_85.pdf,/home/elias/Documentos/Embeddings/SIEM/SIEM/Marco_jurídico/02_Tratados_internacionales/Comercio_exterior_paises_con_tratados_firmados/Tratdos_firmados_con_méxico/América_latina/Iniciativas_bilaterales/Colombia/Colombia_Dispensa_Temporal_Decisi_n_85.pdf,SIEM/Marco_jurídico/02_Tratados_internacionales/Comercio_exterior_paises_con_tratados_firmados/Tratdos_firmados_con_méxico/América_latina/Iniciativas_bilaterales/Colombia/Colombia_Dispensa_Temporal_Decisi_n_85.pdf,92216,0.09,2025-10-14T14:48:18,2025-10-16T15:10:19.044300,.pdf,3cde719b8701ab99e5289ef36f6b2e37
Colombia_Decisi_n_71.pdf,/home/elias/Documentos/Embeddings/SIEM/SIEM/Marco_jurídico/02_Tratados_internacionales/Comercio_exterior_paises_con_tratados_firmados/Tratdos_firmados_con_méxico/América_latina/Iniciativas_bilaterales/Colombia/Colombia_Decisi_n_71.pdf,SIEM/Marco_jurídico/02_Tratados_internacionales/Comercio_exterior_paises_con_tratados_firmados/Tratdos_firmados_con_méxico/América_latina/Iniciativas_bilaterales/Colombia/Colombia_Decisi_n_71.pdf,131514,0.13,2025-10-14T13:42:28,2025-10-16T15:10:18.937687,.pdf,2c782f7b28977bbeace24bfe4cb1b918
calendario_reduccion_aranceles_Mexico.pdf,/home/elias/Documentos/Embeddings/SIEM/SIEM/Marco_jurídico/02_Tratados_internacionales/Comercio_exterior_paises_con_tratados_firmados/Tratdos_firmados_con_méxico/América_latina/Iniciativas_bilaterales/Colombia/calendario_reduccion_aranceles_Mexico.pdf,SIEM/Marco_jurídico/02_Tratados_internacionales/Comercio_exterior_paises_con_tratados_firmados/Tratdos_firmados_con_méxico/América_latina/Iniciativas_bilaterales/Colombia/calendario_reduccion_aranceles_Mexico.pdf,1574934,1.5,2025-10-14T14:48:18,2025-10-16T15:10:18.680881,.pdf,3afebbb858118d7161d90e3382144437
Colombia_Decisi_n_81.pdf,/home/elias/Documentos/Embeddings/SIEM/SIEM/Marco_jurídico/02_Tratados_internacionales/Comercio_exterior_paises_con_tratados_firmados/Tratdos_firmados_con_méxico/América_latina/Iniciativas_bilaterales/Colombia/Colombia_Decisi_n_81.pdf,SIEM/Marco_jurídico/02_Tratados_internacionales/Comercio_exterior_paises_con_tratados_firmados/Tratdos_firmados_con_méxico/América_latina/Iniciativas_bilaterales/Colombia/Colombia_Decisi_n_81.pdf,102228,0.1,2025-10-14T13:42:26,2025-10-16T15:10:18.977429,.pdf,e998b7d40ec6b4d3a470711f068aafad
Colombia_Decisi_n_77.pdf,/home/elias/Documentos/Embeddings/SIEM/SIEM/Marco_jurídico/02_Tratados_internacionales/Comercio_exterior_paises_con_tratados_firmados/Tratdos_firmados_con_méxico/América_latina/Iniciativas_bilaterales/Colombia/Colombia_Decisi_n_77.pdf,SIEM/Marco_jurídico/02_Tratados_internacionales/Comercio_exterior_paises_con_tratados_firmados/Tratdos_firmados_con_méxico/América_latina/Iniciativas_bilaterales/Colombia/Colombia_Decisi_n_77.pdf,100433,0.1,2025-10-14T13:42:26,2025-10-16T15:10:18.955101,.pdf,5d9433d4b5f0cae1a4298b3e91fdd71b
Colombia_Decisi_n_99.pdf,/home/elias/Documentos/Embeddings/SIEM/SIEM/Marco_jurídico/02_Tratados_internacionales/Comercio_exterior_paises_con_tratados_firmados/Tratdos_firmados_con_méxico/América_latina/Iniciativas_bilaterales/Colombia/Colombia_Decisi_n_99.pdf,SIEM/Marco_jurídico/02_Tratados_internacionales/Comercio_exterior_paises_con_tratados_firmados/Tratdos_firmados_con_méxico/América_latina/Iniciativas_bilaterales/Colombia/Colombia_Decisi_n_99.pdf,99204,0.09,2025-10-14T13:42:24,2025-10-16T15:10:19.032817,.pdf,6476b1925f842f0db82c090edc04a152
Colombia_Decisi_n_91.pdf,/home/elias/Documentos/Embeddings/SIEM/SIEM/Marco_jurídico/02_Tratados_internacionales/Comercio_exterior_paises_con_tratados_firmados/Tratdos_firmados_con_méxico/América_latina/Iniciativas_bilaterales/Colombia/Colombia_Decisi_n_91.pdf,SIEM/Marco_jurídico/02_Tratados_internacionales/Comercio_exterior_paises_con_tratados_firmados/Tratdos_firmados_con_méxico/América_latina/Iniciativas_bilaterales/Colombia/Colombia_Decisi_n_91.pdf,147625,0.14,2025-10-14T13:42:26,2025-10-16T15:10:19.008683,.pdf,ed6119b7808d9e41c77fb4e8cfccb792
colombia_decision68.pdf,/home/elias/Documentos/Embeddings/SIEM/SIEM/Marco_jurídico/02_Tratados_internacionales/Comercio_exterior_paises_con_tratados_firmados/Tratdos_firmados_con_méxico/América_latina/Iniciativas_bilaterales/Colombia/colombia_decision68.pdf,SIEM/Marco_jurídico/02_Tratados_internacionales/Comercio_exterior_paises_con_tratados_firmados/Tratdos_firmados_con_méxico/América_latina/Iniciativas_bilaterales/Colombia/colombia_decision68.pdf,196238,0.19,2025-10-14T13:42:28,2025-10-16T15:10:18.696624,.pdf,93d815718685e6b2c03ab36af8ea78d5
Colombia_Decisi_n_96.pdf,/home/elias/Documentos/Embeddings/SIEM/SIEM/Marco_jurídico/02_Tratados_internacionales/Comercio_exterior_paises_con_tratados_firmados/Tratdos_firmados_con_méxico/América_latina/Iniciativas_bilaterales/Colombia/Colombia_Decisi_n_96.pdf,SIEM/Marco_jurídico/02_Tratados_internacionales/Comercio_exterior_paises_con_tratados_firmados/Tratdos_firmados_con_méxico/América_latina/Iniciativas_bilaterales/Colombia/Colombia_Decisi_n_96.pdf,154007,0.15,2025-10-14T13:42:24,2025-10-16T15:10:19.024622,.pdf,401c862cd7ae13a2ca5018ef6124092c
Colombia_Decisi_n_101.pdf,/home/elias/Documentos/Embeddings/SIEM/SIEM/Marco_jurídico/02_Tratados_internacionales/Comercio_exterior_paises_con_tratados_firmados/Tratdos_firmados_con_méxico/América_latina/Iniciativas_bilaterales/Colombia/Colombia_Decisi_n_101.pdf,SIEM/Marco_jurídico/02_Tratados_internacionales/Comercio_exterior_paises_con_tratados_firmados/Tratdos_firmados_con_méxico/América_latina/Iniciativas_bilaterales/Colombia/Colombia_Decisi_n_101.pdf,114590,0.11,2025-10-14T14:48:18,2025-10-16T15:10:18.921417,.pdf,5cbc5d4e1863c82cbfbc2402d3b171b3
TLC_Mexico-Colombia-Venezuela.pdf,/home/elias/Documentos/Embeddings/SIEM/SIEM/Marco_jurídico/02_Tratados_internacionales/Comercio_exterior_paises_con_tratados_firmados/Tratdos_firmados_con_méxico/América_latina/Iniciativas_bilaterales/Colombia/TLC_Mexico-Colombia-Venezuela.pdf,SIEM/Marco_jurídico/02_Tratados_internacionales/Comercio_exterior_paises_con_tratados_firmados/Tratdos_firmados_con_méxico/América_latina/Iniciativas_bilaterales/Colombia/TLC_Mexico-Colombia-Venezuela.pdf,809609,0.77,2025-10-14T14:48:18,2025-10-16T15:10:19.077322,.pdf,1b1c07ca9aca96a0ea32760cd71a1d50
Colombia_Decisi_n_87.pdf,/home/elias/Documentos/Embeddings/SIEM/SIEM/Marco_jurídico/02_Tratados_internacionales/Comercio_exterior_paises_con_tratados_firmados/Tratdos_firmados_con_méxico/América_latina/Iniciativas_bilaterales/Colombia/Colombia_Decisi_n_87.pdf,SIEM/Marco_jurídico/02_Tratados_internacionales/Comercio_exterior_paises_con_tratados_firmados/Tratdos_firmados_con_méxico/América_latina/Iniciativas_bilaterales/Colombia/Colombia_Decisi_n_87.pdf,118156,0.11,2025-10-14T13:42:26,2025-10-16T15:10:18.995759,.pdf,013b0296ea0c74d7d1cc624432c358b1
Colombia_Decisi_n_103.pdf,/home/elias/Documentos/Embeddings/SIEM/SIEM/Marco_jurídico/02_Tratados_internacionales/Comercio_exterior_paises_con_tratados_firmados/Tratdos_firmados_con_méxico/América_latina/Iniciativas_bilaterales/Colombia/Colombia_Decisi_n_103.pdf,SIEM/Marco_jurídico/02_Tratados_internacionales/Comercio_exterior_paises_con_tratados_firmados/Tratdos_firmados_con_méxico/América_latina/Iniciativas_bilaterales/Colombia/Colombia_Decisi_n_103.pdf,155820,0.15,2025-10-14T14:48:18,2025-10-16T15:10:18.928459,.pdf,2efa8520ecfd236b50c61968bb91812d
Decreto_TLC-Mexico-Venezuela-Colombia_queda_sin_efectos_Mexico-Venezuela.pdf,/home/elias/Documentos/Embeddings/SIEM/SIEM/Marco_jurídico/02_Tratados_internacionales/Comercio_exterior_paises_con_tratados_firmados/Tratdos_firmados_con_méxico/América_latina/Iniciativas_bilaterales/Colombia/Decreto_TLC-Mexico-Venezuela-Colombia_queda_sin_efectos_Mexico-Venezuela.pdf,SIEM/Marco_jurídico/02_Tratados_internacionales/Comercio_exterior_paises_con_tratados_firmados/Tratdos_firmados_con_méxico/América_latina/Iniciativas_bilaterales/Colombia/Decreto_TLC-Mexico-Venezuela-Colombia_queda_sin_efectos_Mexico-Venezuela.pdf,17286,0.02,2025-10-14T14:48:18,2025-10-16T15:10:19.056776,.pdf,3915c9c38e838577dd7cb4a288a0e7c7
Colombia_Decisi_n_97.pdf,/home/elias/Documentos/Embeddings/SIEM/SIEM/Marco_jurídico/02_Tratados_internacionales/Comercio_exterior_paises_con_tratados_firmados/Tratdos_firmados_con_méxico/América_latina/Iniciativas_bilaterales/Colombia/Colombia_Decisi_n_97.pdf,SIEM/Marco_jurídico/02_Tratados_internacionales/Comercio_exterior_paises_con_tratados_firmados/Tratdos_firmados_con_méxico/América_latina/Iniciativas_bilaterales/Colombia/Colombia_Decisi_n_97.pdf,100493,0.1,2025-10-14T13:42:24,2025-10-16T15:10:19.027407,.pdf,712de5a48d84df29d979ddd71f6395c1
Colombia_Decisi_n_95.pdf,/home/elias/Documentos/Embeddings/SIEM/SIEM/Marco_jurídico/02_Tratados_internacionales/Comercio_exterior_paises_con_tratados_firmados/Tratdos_firmados_con_méxico/América_latina/Iniciativas_bilaterales/Colombia/Colombia_Decisi_n_95.pdf,SIEM/Marco_jurídico/02_Tratados_internacionales/Comercio_exterior_paises_con_tratados_firmados/Tratdos_firmados_con_méxico/América_latina/Iniciativas_bilaterales/Colombia/Colombia_Decisi_n_95.pdf,114829,0.11,2025-10-14T13:42:26,2025-10-16T15:10:19.020424,.pdf,15bba67587aca6669b43e977afbfde28
Colombia_Decisi_n_86.pdf,/home/elias/Documentos/Embeddings/SIEM/SIEM/Marco_jurídico/02_Tratados_internacionales/Comercio_exterior_paises_con_tratados_firmados/Tratdos_firmados_con_méxico/América_latina/Iniciativas_bilaterales/Colombia/Colombia_Decisi_n_86.pdf,SIEM/Marco_jurídico/02_Tratados_internacionales/Comercio_exterior_paises_con_tratados_firmados/Tratdos_firmados_con_méxico/América_latina/Iniciativas_bilaterales/Colombia/Colombia_Decisi_n_86.pdf,103423,0.1,2025-10-14T13:42:26,2025-10-16T15:10:18.992550,.pdf,21e2e03615177b063932a14347eb97c9
Colombia_Decisi_n_98.pdf,/home/elias/Documentos/Embeddings/SIEM/SIEM/Marco_jurídico/02_Tratados_internacionales/Comercio_exterior_paises_con_tratados_firmados/Tratdos_firmados_con_méxico/América_latina/Iniciativas_bilaterales/Colombia/Colombia_Decisi_n_98.pdf,SIEM/Marco_jurídico/02_Tratados_internacionales/Comercio_exterior_paises_con_tratados_firmados/Tratdos_firmados_con_méxico/América_latina/Iniciativas_bilaterales/Colombia/Colombia_Decisi_n_98.pdf,95555,0.09,2025-10-14T13:42:24,2025-10-16T15:10:19.030065,.pdf,d2176a9658c4acac8fef14e4684b0e82
Colombia_Decisi_n_N__105.pdf,/home/elias/Documentos/Embeddings/SIEM/SIEM/Marco_jurídico/02_Tratados_internacionales/Comercio_exterior_paises_con_tratados_firmados/Tratdos_firmados_con_méxico/América_latina/Iniciativas_bilaterales/Colombia/Colombia_Decisi_n_N__105.pdf,SIEM/Marco_jurídico/02_Tratados_internacionales/Comercio_exterior_paises_con_tratados_firmados/Tratdos_firmados_con_méxico/América_latina/Iniciativas_bilaterales/Colombia/Colombia_Decisi_n_N__105.pdf,235675,0.22,2025-10-14T14:48:18,2025-10-16T15:10:19.038984,.pdf,342d87a94472151aea9d79e741391c72
Colombia_Decisi_n_92.pdf,/home/elias/Documentos/Embeddings/SIEM/SIEM/Marco_jurídico/02_Tratados_internacionales/Comercio_exterior_paises_con_tratados_firmados/Tratdos_firmados_con_méxico/América_latina/Iniciativas_bilaterales/Colombia/Colombia_Decisi_n_92.pdf,SIEM/Marco_jurídico/02_Tratados_internacionales/Comercio_exterior_paises_con_tratados_firmados/Tratdos_firmados_con_méxico/América_latina/Iniciativas_bilaterales/Colombia/Colombia_Decisi_n_92.pdf,101229,0.1,2025-10-14T13:42:26,2025-10-16T15:10:19.011456,.pdf,50fa4089c17226eaec1603396e91c349
Colombia_Decisi_n_70.pdf,/home/elias/Documentos/Embeddings/SIEM/SIEM/Marco_jurídico/02_Tratados_internacionales/Comercio_exterior_paises_con_tratados_firmados/Tratdos_firmados_con_méxico/América_latina/Iniciativas_bilaterales/Colombia/Colombia_Decisi_n_70.pdf,SIEM/Marco_jurídico/02_Tratados_internacionales/Comercio_exterior_paises_con_tratados_firmados/Tratdos_firmados_con_méxico/América_latina/Iniciativas_bilaterales/Colombia/Colombia_Decisi_n_70.pdf,101408,0.1,2025-10-14T13:42:28,2025-10-16T15:10:18.934102,.pdf,5ee5aa554554de2825ad1e9e8a1b60e3
Colombia_Decisi_n_104.pdf,/home/elias/Documentos/Embeddings/SIEM/SIEM/Marco_jurídico/02_Tratados_internacionales/Comercio_exterior_paises_con_tratados_firmados/Tratdos_firmados_con_méxico/América_latina/Iniciativas_bilaterales/Colombia/Colombia_Decisi_n_104.pdf,SIEM/Marco_jurídico/02_Tratados_internacionales/Comercio_exterior_paises_con_tratados_firmados/Tratdos_firmados_con_méxico/América_latina/Iniciativas_bilaterales/Colombia/Colombia_Decisi_n_104.pdf,104935,0.1,2025-10-14T14:48:18,2025-10-16T15:10:18.931311,.pdf,20c328b872b4941dea934818b9984a2f
Colombia_Decisi_n_76.pdf,/home/elias/Documentos/Embeddings/SIEM/SIEM/Marco_jurídico/02_Tratados_internacionales/Comercio_exterior_paises_con_tratados_firmados/Tratdos_firmados_con_méxico/América_latina/Iniciativas_bilaterales/Colombia/Colombia_Decisi_n_76.pdf,SIEM/Marco_jurídico/02_Tratados_internacionales/Comercio_exterior_paises_con_tratados_firmados/Tratdos_firmados_con_méxico/América_latina/Iniciativas_bilaterales/Colombia/Colombia_Decisi_n_76.pdf,100794,0.1,2025-10-14T13:42:26,2025-10-16T15:10:18.952358,.pdf,547dea89c87779d6dc1ae6c4e3e152f2
colombia_decision67.pdf,/home/elias/Documentos/Embeddings/SIEM/SIEM/Marco_jurídico/02_Tratados_internacionales/Comercio_exterior_paises_con_tratados_firmados/Tratdos_firmados_con_méxico/América_latina/Iniciativas_bilaterales/Colombia/colombia_decision67.pdf,SIEM/Marco_jurídico/02_Tratados_internacionales/Comercio_exterior_paises_con_tratados_firmados/Tratdos_firmados_con_méxico/América_latina/Iniciativas_bilaterales/Colombia/colombia_decision67.pdf,86530,0.08,2025-10-14T13:42:28,2025-10-16T15:10:18.691463,.pdf,ef594094b31b6512ef0a9da1c3088124
Decreto_abroga_TasaAplicable_Impuesto_General_Importacion.pdf,/home/elias/Documentos/Embeddings/SIEM/SIEM/Marco_jurídico/02_Tratados_internacionales/Comercio_exterior_paises_con_tratados_firmados/Tratdos_firmados_con_méxico/América_latina/Iniciativas_bilaterales/Colombia/Decreto_abroga_TasaAplicable_Impuesto_General_Importacion.pdf,SIEM/Marco_jurídico/02_Tratados_internacionales/Comercio_exterior_paises_con_tratados_firmados/Tratdos_firmados_con_méxico/América_latina/Iniciativas_bilaterales/Colombia/Decreto_abroga_TasaAplicable_Impuesto_General_Importacion.pdf,12472,0.01,2025-10-14T14:48:18,2025-10-16T15:10:19.044884,.pdf,29766275df7d24592bd3ec2b3d46180d
Colombia_Decisi_n_102.pdf,/home/elias/Documentos/Embeddings/SIEM/SIEM/Marco_jurídico/02_Tratados_internacionales/Comercio_exterior_paises_con_tratados_firmados/Tratdos_firmados_con_méxico/América_latina/Iniciativas_bilaterales/Colombia/Colombia_Decisi_n_102.pdf,SIEM/Marco_jurídico/02_Tratados_internacionales/Comercio_exterior_paises_con_tratados_firmados/Tratdos_firmados_con_méxico/América_latina/Iniciativas_bilaterales/Colombia/Colombia_Decisi_n_102.pdf,104724,0.1,2025-10-14T14:48:18,2025-10-16T15:10:18.924273,.pdf,9853b854da03a3a3bfc23b02191fc7c9
Acuerdo_Tasa_aplicable_del_Impuesto_General_de_Importacion_para_mercancias.pdf,/home/elias/Documentos/Embeddings/SIEM/SIEM/Marco_jurídico/02_Tratados_internacionales/Comercio_exterior_paises_con_tratados_firmados/Tratdos_firmados_con_méxico/América_latina/Iniciativas_bilaterales/Colombia/Acuerdo_Tasa_aplicable_del_Impuesto_General_de_Importacion_para_mercancias.pdf,SIEM/Marco_jurídico/02_Tratados_internacionales/Comercio_exterior_paises_con_tratados_firmados/Tratdos_firmados_con_méxico/América_latina/Iniciativas_bilaterales/Colombia/Acuerdo_Tasa_aplicable_del_Impuesto_General_de_Importacion_para_mercancias.pdf,695601,0.66,2025-10-14T14:48:18,2025-10-16T15:10:18.623828,.pdf,9fa850a0e08304f924c0d9b7a50a8cfc
Colombia_Decisi_n_88.pdf,/home/elias/Documentos/Embeddings/SIEM/SIEM/Marco_jurídico/02_Tratados_internacionales/Comercio_exterior_paises_con_tratados_firmados/Tratdos_firmados_con_méxico/América_latina/Iniciativas_bilaterales/Colombia/Colombia_Decisi_n_88.pdf,SIEM/Marco_jurídico/02_Tratados_internacionales/Comercio_exterior_paises_con_tratados_firmados/Tratdos_firmados_con_méxico/América_latina/Iniciativas_bilaterales/Colombia/Colombia_Decisi_n_88.pdf,119348,0.11,2025-10-14T13:42:26,2025-10-16T15:10:18.999053,.pdf,37b713f3760248e7aa44322b6c53ce45
calendario_reduccion_aranceles_Colombia.pdf,/home/elias/Documentos/Embeddings/SIEM/SIEM/Marco_jurídico/02_Tratados_internacionales/Comercio_exterior_paises_con_tratados_firmados/Tratdos_firmados_con_méxico/América_latina/Iniciativas_bilaterales/Colombia/calendario_reduccion_aranceles_Colombia.pdf,SIEM/Marco_jurídico/02_Tratados_internacionales/Comercio_exterior_paises_con_tratados_firmados/Tratdos_firmados_con_méxico/América_latina/Iniciativas_bilaterales/Colombia/calendario_reduccion_aranceles_Colombia.pdf,682233,0.65,2025-10-14T14:48:18,2025-10-16T15:10:18.641316,.pdf,e702c20ad73ce0fade57f84164ebd4d1
Colombia_Decisi_n_90.pdf,/home/elias/Documentos/Embeddings/SIEM/SIEM/Marco_jurídico/02_Tratados_internacionales/Comercio_exterior_paises_con_tratados_firmados/Tratdos_firmados_con_méxico/América_latina/Iniciativas_bilaterales/Colombia/Colombia_Decisi_n_90.pdf,SIEM/Marco_jurídico/02_Tratados_internacionales/Comercio_exterior_paises_con_tratados_firmados/Tratdos_firmados_con_méxico/América_latina/Iniciativas_bilaterales/Colombia/Colombia_Decisi_n_90.pdf,101068,0.1,2025-10-14T13:42:26,2025-10-16T15:10:19.004679,.pdf,c592c8a4a5c3dbb5adff39c7777531ad
Colombia_Decisi_n_78.pdf,/home/elias/Documentos/Embeddings/SIEM/SIEM/Marco_jurídico/02_Tratados_internacionales/Comercio_exterior_paises_con_tratados_firmados/Tratdos_firmados_con_méxico/América_latina/Iniciativas_bilaterales/Colombia/Colombia_Decisi_n_78.pdf,SIEM/Marco_jurídico/02_Tratados_internacionales/Comercio_exterior_paises_con_tratados_firmados/Tratdos_firmados_con_méxico/América_latina/Iniciativas_bilaterales/Colombia/Colombia_Decisi_n_78.pdf,108621,0.1,2025-10-14T13:42:26,2025-10-16T15:10:18.958068,.pdf,561d428e812210eebc879d3769ed0687
Colombia_Decisi_n_73.pdf,/home/elias/Documentos/Embeddings/SIEM/SIEM/Marco_jurídico/02_Tratados_internacionales/Comercio_exterior_paises_con_tratados_firmados/Tratdos_firmados_con_méxico/América_latina/Iniciativas_bilaterales/Colombia/Colombia_Decisi_n_73.pdf,SIEM/Marco_jurídico/02_Tratados_internacionales/Comercio_exterior_paises_con_tratados_firmados/Tratdos_firmados_con_méxico/América_latina/Iniciativas_bilaterales/Colombia/Colombia_Decisi_n_73.pdf,100089,0.1,2025-10-14T13:42:28,2025-10-16T15:10:18.943222,.pdf,8fd474289d8ce8582119d6f88bd4ae60
Colombia_Decisi_n_80.pdf,/home/elias/Documentos/Embeddings/SIEM/SIEM/Marco_jurídico/02_Tratados_internacionales/Comercio_exterior_paises_con_tratados_firmados/Tratdos_firmados_con_méxico/América_latina/Iniciativas_bilaterales/Colombia/Colombia_Decisi_n_80.pdf,SIEM/Marco_jurídico/02_Tratados_internacionales/Comercio_exterior_paises_con_tratados_firmados/Tratdos_firmados_con_méxico/América_latina/Iniciativas_bilaterales/Colombia/Colombia_Decisi_n_80.pdf,145066,0.14,2025-10-14T13:42:26,2025-10-16T15:10:18.974616,.pdf,16ba8512eb5ec95c2dce777e7937071b
Colombia_Decisi_n_100.pdf,/home/elias/Documentos/Embeddings/SIEM/SIEM/Marco_jurídico/02_Tratados_internacionales/Comercio_exterior_paises_con_tratados_firmados/Tratdos_firmados_con_méxico/América_latina/Iniciativas_bilaterales/Colombia/Colombia_Decisi_n_100.pdf,SIEM/Marco_jurídico/02_Tratados_internacionales/Comercio_exterior_paises_con_tratados_firmados/Tratdos_firmados_con_méxico/América_latina/Iniciativas_bilaterales/Colombia/Colombia_Decisi_n_100.pdf,100804,0.1,2025-10-14T13:42:24,2025-10-16T15:10:18.918332,.pdf,de8adf72a883495329bead27fda3f36e
Colombia_Decisi_n_93.pdf,/home/elias/Documentos/Embeddings/SIEM/SIEM/Marco_jurídico/02_Tratados_internacionales/Comercio_exterior_paises_con_tratados_firmados/Tratdos_firmados_con_méxico/América_latina/Iniciativas_bilaterales/Colombia/Colombia_Decisi_n_93.pdf,SIEM/Marco_jurídico/02_Tratados_internacionales/Comercio_exterior_paises_con_tratados_firmados/Tratdos_firmados_con_méxico/América_latina/Iniciativas_bilaterales/Colombia/Colombia_Decisi_n_93.pdf,94797,0.09,2025-10-14T13:42:26,2025-10-16T15:10:19.014076,.pdf,d2ffd7bc62af27159c700df968f6d430
colombia_decision66.pdf,/home/elias/Documentos/Embeddings/SIEM/SIEM/Marco_jurídico/02_Tratados_internacionales/Comercio_exterior_paises_con_tratados_firmados/Tratdos_firmados_con_méxico/América_latina/Iniciativas_bilaterales/Colombia/colombia_decision66.pdf,SIEM/Marco_jurídico/02_Tratados_internacionales/Comercio_exterior_paises_con_tratados_firmados/Tratdos_firmados_con_méxico/América_latina/Iniciativas_bilaterales/Colombia/colombia_decision66.pdf,176201,0.17,2025-10-14T13:42:28,2025-10-16T15:10:18.689032,.pdf,1116bcb7618cf5d5afd6ceab3d759f44
Colombia_Decisi_n_89.pdf,/home/elias/Documentos/Embeddings/SIEM/SIEM/Marco_jurídico/02_Tratados_internacionales/Comercio_exterior_paises_con_tratados_firmados/Tratdos_firmados_con_méxico/América_latina/Iniciativas_bilaterales/Colombia/Colombia_Decisi_n_89.pdf,SIEM/Marco_jurídico/02_Tratados_internacionales/Comercio_exterior_paises_con_tratados_firmados/Tratdos_firmados_con_méxico/América_latina/Iniciativas_bilaterales/Colombia/Colombia_Decisi_n_89.pdf,103450,0.1,2025-10-14T13:42:26,2025-10-16T15:10:19.001907,.pdf,c9a2e46d08714bb2eff3ad841a3a0691
Colombia_Decisi_n_82.pdf,/home/elias/Documentos/Embeddings/SIEM/SIEM/Marco_jurídico/02_Tratados_internacionales/Comercio_exterior_paises_con_tratados_firmados/Tratdos_firmados_con_méxico/América_latina/Iniciativas_bilaterales/Colombia/Colombia_Decisi_n_82.pdf,SIEM/Marco_jurídico/02_Tratados_internacionales/Comercio_exterior_paises_con_tratados_firmados/Tratdos_firmados_con_méxico/América_latina/Iniciativas_bilaterales/Colombia/Colombia_Decisi_n_82.pdf,113544,0.11,2025-10-14T13:42:26,2025-10-16T15:10:18.980531,.pdf,31a420729a1940e7fc1893a3f6cd343a
Colombia_Decisi_n_74.pdf,/home/elias/Documentos/Embeddings/SIEM/SIEM/Marco_jurídico/02_Tratados_internacionales/Comercio_exterior_paises_con_tratados_firmados/Tratdos_firmados_con_méxico/América_latina/Iniciativas_bilaterales/Colombia/Colombia_Decisi_n_74.pdf,SIEM/Marco_jurídico/02_Tratados_internacionales/Comercio_exterior_paises_con_tratados_firmados/Tratdos_firmados_con_méxico/América_latina/Iniciativas_bilaterales/Colombia/Colombia_Decisi_n_74.pdf,96775,0.09,2025-10-14T13:42:28,2025-10-16T15:10:18.945922,.pdf,d8ee1e178951fb435d742c2739534116
Colombia_Decisi_n_75.pdf,/home/elias/Documentos/Embeddings/SIEM/SIEM/Marco_jurídico/02_Tratados_internacionales/Comercio_exterior_paises_con_tratados_firmados/Tratdos_firmados_con_méxico/América_latina/Iniciativas_bilaterales/Colombia/Colombia_Decisi_n_75.pdf,SIEM/Marco_jurídico/02_Tratados_internacionales/Comercio_exterior_paises_con_tratados_firmados/Tratdos_firmados_con_méxico/América_latina/Iniciativas_bilaterales/Colombia/Colombia_Decisi_n_75.pdf,134186,0.13,2025-10-14T13:42:26,2025-10-16T15:10:18.949545,.pdf,817aa22a66e184ca560cf7c645eac364
Colombia_Decisi_n_84.pdf,/home/elias/Documentos/Embeddings/SIEM/SIEM/Marco_jurídico/02_Tratados_internacionales/Comercio_exterior_paises_con_tratados_firmados/Tratdos_firmados_con_méxico/América_latina/Iniciativas_bilaterales/Colombia/Colombia_Decisi_n_84.pdf,SIEM/Marco_jurídico/02_Tratados_internacionales/Comercio_exterior_paises_con_tratados_firmados/Tratdos_firmados_con_méxico/América_latina/Iniciativas_bilaterales/Colombia/Colombia_Decisi_n_84.pdf,136283,0.13,2025-10-14T13:42:26,2025-10-16T15:10:18.986807,.pdf,ca0a1380fe5b7cb3ce20a9928646479e
Colombia_Decisi_n_79.pdf,/home/elias/Documentos/Embeddings/SIEM/SIEM/Marco_jurídico/02_Tratados_internacionales/Comercio_exterior_paises_con_tratados_firmados/Tratdos_firmados_con_méxico/América_latina/Iniciativas_bilaterales/Colombia/Colombia_Decisi_n_79.pdf,SIEM/Marco_jurídico/02_Tratados_internacionales/Comercio_exterior_paises_con_tratados_firmados/Tratdos_firmados_con_méxico/América_latina/Iniciativas_bilaterales/Colombia/Colombia_Decisi_n_79.pdf,494155,0.47,2025-10-14T13:42:26,2025-10-16T15:10:18.970692,.pdf,1dc152c7ebc72edeb0ffa3f5d5afc633
Colombia_Decisi_n_83.pdf,/home/elias/Documentos/Embeddings/SIEM/SIEM/Marco_jurídico/02_Tratados_internacionales/Comercio_exterior_paises_con_tratados_firmados/Tratdos_firmados_con_méxico/América_latina/Iniciativas_bilaterales/Colombia/Colombia_Decisi_n_83.pdf,SIEM/Marco_jurídico/02_Tratados_internacionales/Comercio_exterior_paises_con_tratados_firmados/Tratdos_firmados_con_méxico/América_latina/Iniciativas_bilaterales/Colombia/Colombia_Decisi_n_83.pdf,92072,0.09,2025-10-14T13:42:26,2025-10-16T15:10:18.983157,.pdf,f2c000d014447673b5986772b61e0ff1
Colombia_Decisi_n_72.pdf,/home/elias/Documentos/Embeddings/SIEM/SIEM/Marco_jurídico/02_Tratados_internacionales/Comercio_exterior_paises_con_tratados_firmados/Tratdos_firmados_con_méxico/América_latina/Iniciativas_bilaterales/Colombia/Colombia_Decisi_n_72.pdf,SIEM/Marco_jurídico/02_Tratados_internacionales/Comercio_exterior_paises_con_tratados_firmados/Tratdos_firmados_con_méxico/América_latina/Iniciativas_bilaterales/Colombia/Colombia_Decisi_n_72.pdf,99573,0.09,2025-10-14T13:42:28,2025-10-16T15:10:18.940427,.pdf,742e94ce7d053395024ac3b0cc2eb8d3
Colombia_Decisi_n_94.pdf,/home/elias/Documentos/Embeddings/SIEM/SIEM/Marco_jurídico/02_Tratados_internacionales/Comercio_exterior_paises_con_tratados_firmados/Tratdos_firmados_con_méxico/América_latina/Iniciativas_bilaterales/Colombia/Colombia_Decisi_n_94.pdf,SIEM/Marco_jurídico/02_Tratados_internacionales/Comercio_exterior_paises_con_tratados_firmados/Tratdos_firmados_con_méxico/América_latina/Iniciativas_bilaterales/Colombia/Colombia_Decisi_n_94.pdf,114295,0.11,2025-10-14T13:42:26,2025-10-16T15:10:19.017220,.pdf,799b8643c44d206e90605aa05077f007
Decreto_Protocolo_Modificatorio_TLC_Mexico-EU-Colombia-Venezuela.pdf,/home/elias/Documentos/Embeddings/SIEM/SIEM/Marco_jurídico/02_Tratados_internacionales/Comercio_exterior_paises_con_tratados_firmados/Tratdos_firmados_con_méxico/América_latina/Iniciativas_bilaterales/Colombia/Decreto_Protocolo_Modificatorio_TLC_Mexico-EU-Colombia-Venezuela.pdf,SIEM/Marco_jurídico/02_Tratados_internacionales/Comercio_exterior_paises_con_tratados_firmados/Tratdos_firmados_con_méxico/América_latina/Iniciativas_bilaterales/Colombia/Decreto_Protocolo_Modificatorio_TLC_Mexico-EU-Colombia-Venezuela.pdf,434433,0.41,2025-10-14T14:48:18,2025-10-16T15:10:19.056042,.pdf,4ccaafbd88089282d10603b4b00067e2
Colombia_Dispensa_Temporal_Decisi_n_73.pdf,/home/elias/Documentos/Embeddings/SIEM/SIEM/Marco_jurídico/02_Tratados_internacionales/Comercio_exterior_paises_con_tratados_firmados/Tratdos_firmados_con_méxico/América_latina/Iniciativas_bilaterales/Colombia/Colombia_Dispensa_Temporal_Decisi_n_73.pdf,SIEM/Marco_jurídico/02_Tratados_internacionales/Comercio_exterior_paises_con_tratados_firmados/Tratdos_firmados_con_méxico/América_latina/Iniciativas_bilaterales/Colombia/Colombia_Dispensa_Temporal_Decisi_n_73.pdf,95984,0.09,2025-10-14T14:48:18,2025-10-16T15:10:19.041733,.pdf,28150dd356c477aedbe5e4415dfc883d
colombia_decision69.pdf,/home/elias/Documentos/Embeddings/SIEM/SIEM/Marco_jurídico/02_Tratados_internacionales/Comercio_exterior_paises_con_tratados_firmados/Tratdos_firmados_con_méxico/América_latina/Iniciativas_bilaterales/Colombia/colombia_decision69.pdf,SIEM/Marco_jurídico/02_Tratados_internacionales/Comercio_exterior_paises_con_tratados_firmados/Tratdos_firmados_con_méxico/América_latina/Iniciativas_bilaterales/Colombia/colombia_decision69.pdf,203899,0.19,2025-10-14T13:42:28,2025-10-16T15:10:18.701932,.pdf,addecd8c2603b3e04003f597aacff158
Colombia_Decisi_n_85.pdf,/home/elias/Documentos/Embeddings/SIEM/SIEM/Marco_jurídico/02_Tratados_internacionales/Comercio_exterior_paises_con_tratados_firmados/Tratdos_firmados_con_méxico/América_latina/Iniciativas_bilaterales/Colombia/Colombia_Decisi_n_85.pdf,SIEM/Marco_jurídico/02_Tratados_internacionales/Comercio_exterior_paises_con_tratados_firmados/Tratdos_firmados_con_méxico/América_latina/Iniciativas_bilaterales/Colombia/Colombia_Decisi_n_85.pdf,104921,0.1,2025-10-14T13:42:26,2025-10-16T15:10:18.989670,.pdf,e8b2ebbfd2a026a4b5a972f83e308011
Programa_desgravacion.pdf,/home/elias/Documentos/Embeddings/SIEM/SIEM/Marco_jurídico/02_Tratados_internacionales/Comercio_exterior_paises_con_tratados_firmados/Tratdos_firmados_con_méxico/América_latina/Iniciativas_bilaterales/Nicaragua/Programa_desgravacion.pdf,SIEM/Marco_jurídico/02_Tratados_internacionales/Comercio_exterior_paises_con_tratados_firmados/Tratdos_firmados_con_méxico/América_latina/Iniciativas_bilaterales/Nicaragua/Programa_desgravacion.pdf,1751747,1.67,2025-10-14T15:14:00,2025-10-16T15:10:19.787171,.pdf,34d12d7583294f55aa6f4f1e1442143c
TLC_nicaragua.pdf,/home/elias/Documentos/Embeddings/SIEM/SIEM/Marco_jurídico/02_Tratados_internacionales/Comercio_exterior_paises_con_tratados_firmados/Tratdos_firmados_con_méxico/América_latina/Iniciativas_bilaterales/Nicaragua/TLC_nicaragua.pdf,SIEM/Marco_jurídico/02_Tratados_internacionales/Comercio_exterior_paises_con_tratados_firmados/Tratdos_firmados_con_méxico/América_latina/Iniciativas_bilaterales/Nicaragua/TLC_nicaragua.pdf,658481,0.63,2025-10-14T15:13:56,2025-10-16T15:10:19.804104,.pdf,249255551f9bbe2c77cc7c09f71500d8
Decreto_AAP_No.29_Mexico-Ecuado.pdf,/home/elias/Documentos/Embeddings/SIEM/SIEM/Marco_jurídico/02_Tratados_internacionales/Comercio_exterior_paises_con_tratados_firmados/Tratdos_firmados_con_méxico/América_latina/Iniciativas_bilaterales/Ecuador/Decreto_AAP_No.29_Mexico-Ecuado.pdf,SIEM/Marco_jurídico/02_Tratados_internacionales/Comercio_exterior_paises_con_tratados_firmados/Tratdos_firmados_con_méxico/América_latina/Iniciativas_bilaterales/Ecuador/Decreto_AAP_No.29_Mexico-Ecuado.pdf,161819,0.15,2025-10-14T15:12:02,2025-10-16T15:10:19.656251,.pdf,169ef0600781dd148d6cfc65284acad1
SE_2000-04-17_Acuerdo.pdf,/home/elias/Documentos/Embeddings/SIEM/SIEM/Marco_jurídico/02_Tratados_internacionales/Comercio_exterior_paises_con_tratados_firmados/Tratdos_firmados_con_méxico/América_latina/Iniciativas_bilaterales/Paraguay/SE_2000-04-17_Acuerdo.pdf,SIEM/Marco_jurídico/02_Tratados_internacionales/Comercio_exterior_paises_con_tratados_firmados/Tratdos_firmados_con_méxico/América_latina/Iniciativas_bilaterales/Paraguay/SE_2000-04-17_Acuerdo.pdf,7447740,7.1,2025-10-14T15:16:44,2025-10-16T15:10:21.516857,.pdf,aac6d2f396bcdababe999b6af7bb572a
TLC_panamá.pdf,/home/elias/Documentos/Embeddings/SIEM/SIEM/Marco_jurídico/02_Tratados_internacionales/Comercio_exterior_paises_con_tratados_firmados/Tratdos_firmados_con_méxico/América_latina/Iniciativas_bilaterales/Panamá/TLC_panamá.pdf,SIEM/Marco_jurídico/02_Tratados_internacionales/Comercio_exterior_paises_con_tratados_firmados/Tratdos_firmados_con_méxico/América_latina/Iniciativas_bilaterales/Panamá/TLC_panamá.pdf,60532944,57.73,2025-10-14T15:19:00,2025-10-16T15:10:21.320604,.pdf,0a0d21162b1e91b49b3dedb97a05b6e3
TLC_decisión 1.pdf,/home/elias/Documentos/Embeddings/SIEM/SIEM/Marco_jurídico/02_Tratados_internacionales/Comercio_exterior_paises_con_tratados_firmados/Tratdos_firmados_con_méxico/América_latina/Iniciativas_bilaterales/Panamá/TLC_decisión 1.pdf,SIEM/Marco_jurídico/02_Tratados_internacionales/Comercio_exterior_paises_con_tratados_firmados/Tratdos_firmados_con_méxico/América_latina/Iniciativas_bilaterales/Panamá/TLC_decisión 1.pdf,714308,0.68,2025-10-14T15:15:36,2025-10-16T15:10:19.823533,.pdf,0b8cfbe239c75f3cc12b2e23faf2fa5b
Decision23_Costa_Rica.pdf,/home/elias/Documentos/Embeddings/SIEM/SIEM/Marco_jurídico/02_Tratados_internacionales/Comercio_exterior_paises_con_tratados_firmados/Tratdos_firmados_con_méxico/América_latina/Iniciativas_bilaterales/Costa_Rica/Respado_docs_imagen/Decision23_Costa_Rica.pdf,SIEM/Marco_jurídico/02_Tratados_internacionales/Comercio_exterior_paises_con_tratados_firmados/Tratdos_firmados_con_méxico/América_latina/Iniciativas_bilaterales/Costa_Rica/Respado_docs_imagen/Decision23_Costa_Rica.pdf,250341,0.24,2025-10-14T14:50:38,2025-10-16T15:10:19.551417,.pdf,2d5ac97176b8abb4274d2322dd763fce
Decision15_Costa_Rica.pdf,/home/elias/Documentos/Embeddings/SIEM/SIEM/Marco_jurídico/02_Tratados_internacionales/Comercio_exterior_paises_con_tratados_firmados/Tratdos_firmados_con_méxico/América_latina/Iniciativas_bilaterales/Costa_Rica/Respado_docs_imagen/Decision15_Costa_Rica.pdf,SIEM/Marco_jurídico/02_Tratados_internacionales/Comercio_exterior_paises_con_tratados_firmados/Tratdos_firmados_con_méxico/América_latina/Iniciativas_bilaterales/Costa_Rica/Respado_docs_imagen/Decision15_Costa_Rica.pdf,29572,0.03,2025-10-14T14:50:38,2025-10-16T15:10:19.437924,.pdf,dd5e343b6a5f2354fb627cfe827aa677
Decision6_Costa_Rica.pdf,/home/elias/Documentos/Embeddings/SIEM/SIEM/Marco_jurídico/02_Tratados_internacionales/Comercio_exterior_paises_con_tratados_firmados/Tratdos_firmados_con_méxico/América_latina/Iniciativas_bilaterales/Costa_Rica/Respado_docs_imagen/Decision6_Costa_Rica.pdf,SIEM/Marco_jurídico/02_Tratados_internacionales/Comercio_exterior_paises_con_tratados_firmados/Tratdos_firmados_con_méxico/América_latina/Iniciativas_bilaterales/Costa_Rica/Respado_docs_imagen/Decision6_Costa_Rica.pdf,31875,0.03,2025-10-14T14:50:38,2025-10-16T15:10:19.565784,.pdf,c2ddcce78bccffa2f92716fede929036
Decision22_Costa_Rica.pdf,/home/elias/Documentos/Embeddings/SIEM/SIEM/Marco_jurídico/02_Tratados_internacionales/Comercio_exterior_paises_con_tratados_firmados/Tratdos_firmados_con_méxico/América_latina/Iniciativas_bilaterales/Costa_Rica/Respado_docs_imagen/Decision22_Costa_Rica.pdf,SIEM/Marco_jurídico/02_Tratados_internacionales/Comercio_exterior_paises_con_tratados_firmados/Tratdos_firmados_con_méxico/América_latina/Iniciativas_bilaterales/Costa_Rica/Respado_docs_imagen/Decision22_Costa_Rica.pdf,44837,0.04,2025-10-14T14:50:38,2025-10-16T15:10:19.544873,.pdf,38cf8b05541eb67fb0dcd052b52a5e65
Decision16_Costa_Rica.pdf,/home/elias/Documentos/Embeddings/SIEM/SIEM/Marco_jurídico/02_Tratados_internacionales/Comercio_exterior_paises_con_tratados_firmados/Tratdos_firmados_con_méxico/América_latina/Iniciativas_bilaterales/Costa_Rica/Respado_docs_imagen/Decision16_Costa_Rica.pdf,SIEM/Marco_jurídico/02_Tratados_internacionales/Comercio_exterior_paises_con_tratados_firmados/Tratdos_firmados_con_méxico/América_latina/Iniciativas_bilaterales/Costa_Rica/Respado_docs_imagen/Decision16_Costa_Rica.pdf,35083,0.03,2025-10-14T14:50:38,2025-10-16T15:10:19.439647,.pdf,779dee36609cda22df79aac195597888
Decision8_Costa_Rica.pdf,/home/elias/Documentos/Embeddings/SIEM/SIEM/Marco_jurídico/02_Tratados_internacionales/Comercio_exterior_paises_con_tratados_firmados/Tratdos_firmados_con_méxico/América_latina/Iniciativas_bilaterales/Costa_Rica/Respado_docs_imagen/Decision8_Costa_Rica.pdf,SIEM/Marco_jurídico/02_Tratados_internacionales/Comercio_exterior_paises_con_tratados_firmados/Tratdos_firmados_con_méxico/América_latina/Iniciativas_bilaterales/Costa_Rica/Respado_docs_imagen/Decision8_Costa_Rica.pdf,36908,0.04,2025-10-14T14:50:40,2025-10-16T15:10:19.568818,.pdf,d718a72190277f16efc6c4db36110d27
Decision13_Costa_Rica.pdf,/home/elias/Documentos/Embeddings/SIEM/SIEM/Marco_jurídico/02_Tratados_internacionales/Comercio_exterior_paises_con_tratados_firmados/Tratdos_firmados_con_méxico/América_latina/Iniciativas_bilaterales/Costa_Rica/Respado_docs_imagen/Decision13_Costa_Rica.pdf,SIEM/Marco_jurídico/02_Tratados_internacionales/Comercio_exterior_paises_con_tratados_firmados/Tratdos_firmados_con_méxico/América_latina/Iniciativas_bilaterales/Costa_Rica/Respado_docs_imagen/Decision13_Costa_Rica.pdf,39729,0.04,2025-10-14T14:50:38,2025-10-16T15:10:19.434932,.pdf,7b82aec5a056c0f3cf7f9118ae3d4268
Decision4_Costa_Rica.pdf,/home/elias/Documentos/Embeddings/SIEM/SIEM/Marco_jurídico/02_Tratados_internacionales/Comercio_exterior_paises_con_tratados_firmados/Tratdos_firmados_con_méxico/América_latina/Iniciativas_bilaterales/Costa_Rica/Respado_docs_imagen/Decision4_Costa_Rica.pdf,SIEM/Marco_jurídico/02_Tratados_internacionales/Comercio_exterior_paises_con_tratados_firmados/Tratdos_firmados_con_méxico/América_latina/Iniciativas_bilaterales/Costa_Rica/Respado_docs_imagen/Decision4_Costa_Rica.pdf,240521,0.23,2025-10-14T14:50:40,2025-10-16T15:10:19.563584,.pdf,bda258f424d0d755c103049cc1c33e21
Decision19_Costa_Rica.pdf,/home/elias/Documentos/Embeddings/SIEM/SIEM/Marco_jurídico/02_Tratados_internacionales/Comercio_exterior_paises_con_tratados_firmados/Tratdos_firmados_con_méxico/América_latina/Iniciativas_bilaterales/Costa_Rica/Respado_docs_imagen/Decision19_Costa_Rica.pdf,SIEM/Marco_jurídico/02_Tratados_internacionales/Comercio_exterior_paises_con_tratados_firmados/Tratdos_firmados_con_méxico/América_latina/Iniciativas_bilaterales/Costa_Rica/Respado_docs_imagen/Decision19_Costa_Rica.pdf,207282,0.2,2025-10-14T14:50:38,2025-10-16T15:10:19.529114,.pdf,99ef439e786dced89056b08819dd734c
Decision9_Costa_Rica.pdf,/home/elias/Documentos/Embeddings/SIEM/SIEM/Marco_jurídico/02_Tratados_internacionales/Comercio_exterior_paises_con_tratados_firmados/Tratdos_firmados_con_méxico/América_latina/Iniciativas_bilaterales/Costa_Rica/Respado_docs_imagen/Decision9_Costa_Rica.pdf,SIEM/Marco_jurídico/02_Tratados_internacionales/Comercio_exterior_paises_con_tratados_firmados/Tratdos_firmados_con_méxico/América_latina/Iniciativas_bilaterales/Costa_Rica/Respado_docs_imagen/Decision9_Costa_Rica.pdf,57744,0.06,2025-10-14T14:50:40,2025-10-16T15:10:19.571820,.pdf,129b9b193368b4204002c6cc6d6cb930
Decision20_Costa_Rica.pdf,/home/elias/Documentos/Embeddings/SIEM/SIEM/Marco_jurídico/02_Tratados_internacionales/Comercio_exterior_paises_con_tratados_firmados/Tratdos_firmados_con_méxico/América_latina/Iniciativas_bilaterales/Costa_Rica/Respado_docs_imagen/Decision20_Costa_Rica.pdf,SIEM/Marco_jurídico/02_Tratados_internacionales/Comercio_exterior_paises_con_tratados_firmados/Tratdos_firmados_con_méxico/América_latina/Iniciativas_bilaterales/Costa_Rica/Respado_docs_imagen/Decision20_Costa_Rica.pdf,35093,0.03,2025-10-14T14:50:38,2025-10-16T15:10:19.531139,.pdf,87cb1fd698e8e356cf1cddf561196856
Decision5_Costa_Rica.pdf,/home/elias/Documentos/Embeddings/SIEM/SIEM/Marco_jurídico/02_Tratados_internacionales/Comercio_exterior_paises_con_tratados_firmados/Tratdos_firmados_con_méxico/América_latina/Iniciativas_bilaterales/Costa_Rica/Respado_docs_imagen/Decision5_Costa_Rica.pdf,SIEM/Marco_jurídico/02_Tratados_internacionales/Comercio_exterior_paises_con_tratados_firmados/Tratdos_firmados_con_méxico/América_latina/Iniciativas_bilaterales/Costa_Rica/Respado_docs_imagen/Decision5_Costa_Rica.pdf,34493,0.03,2025-10-14T14:50:40,2025-10-16T15:10:19.564734,.pdf,1f47b9141c7dec4401660fa7da518b5f
Decision7_Costa_Rica.pdf,/home/elias/Documentos/Embeddings/SIEM/SIEM/Marco_jurídico/02_Tratados_internacionales/Comercio_exterior_paises_con_tratados_firmados/Tratdos_firmados_con_méxico/América_latina/Iniciativas_bilaterales/Costa_Rica/Respado_docs_imagen/Decision7_Costa_Rica.pdf,SIEM/Marco_jurídico/02_Tratados_internacionales/Comercio_exterior_paises_con_tratados_firmados/Tratdos_firmados_con_méxico/América_latina/Iniciativas_bilaterales/Costa_Rica/Respado_docs_imagen/Decision7_Costa_Rica.pdf,22623,0.02,2025-10-14T14:50:40,2025-10-16T15:10:19.566633,.pdf,e21651afc55cd06aae3813ed684cb71b
Decision12_Costa_Rica.pdf,/home/elias/Documentos/Embeddings/SIEM/SIEM/Marco_jurídico/02_Tratados_internacionales/Comercio_exterior_paises_con_tratados_firmados/Tratdos_firmados_con_méxico/América_latina/Iniciativas_bilaterales/Costa_Rica/Respado_docs_imagen/Decision12_Costa_Rica.pdf,SIEM/Marco_jurídico/02_Tratados_internacionales/Comercio_exterior_paises_con_tratados_firmados/Tratdos_firmados_con_méxico/América_latina/Iniciativas_bilaterales/Costa_Rica/Respado_docs_imagen/Decision12_Costa_Rica.pdf,25900,0.02,2025-10-14T14:50:40,2025-10-16T15:10:19.432974,.pdf,4b0651f77cb851f578373085fad69121
Decision17_Costa_Rica.pdf,/home/elias/Documentos/Embeddings/SIEM/SIEM/Marco_jurídico/02_Tratados_internacionales/Comercio_exterior_paises_con_tratados_firmados/Tratdos_firmados_con_méxico/América_latina/Iniciativas_bilaterales/Costa_Rica/Respado_docs_imagen/Decision17_Costa_Rica.pdf,SIEM/Marco_jurídico/02_Tratados_internacionales/Comercio_exterior_paises_con_tratados_firmados/Tratdos_firmados_con_méxico/América_latina/Iniciativas_bilaterales/Costa_Rica/Respado_docs_imagen/Decision17_Costa_Rica.pdf,28394,0.03,2025-10-14T14:50:38,2025-10-16T15:10:19.441032,.pdf,47321e5669c3350f40755111c3a528fc
decision18_Costa_Rica.pdf,/home/elias/Documentos/Embeddings/SIEM/SIEM/Marco_jurídico/02_Tratados_internacionales/Comercio_exterior_paises_con_tratados_firmados/Tratdos_firmados_con_méxico/América_latina/Iniciativas_bilaterales/Costa_Rica/Respado_docs_imagen/decision18_Costa_Rica.pdf,SIEM/Marco_jurídico/02_Tratados_internacionales/Comercio_exterior_paises_con_tratados_firmados/Tratdos_firmados_con_méxico/América_latina/Iniciativas_bilaterales/Costa_Rica/Respado_docs_imagen/decision18_Costa_Rica.pdf,3224112,3.07,2025-10-14T14:50:38,2025-10-16T15:10:19.523604,.pdf,8a77452e3b3511df89833aff42b5984c
Decision21_Costa_Rica.pdf,/home/elias/Documentos/Embeddings/SIEM/SIEM/Marco_jurídico/02_Tratados_internacionales/Comercio_exterior_paises_con_tratados_firmados/Tratdos_firmados_con_méxico/América_latina/Iniciativas_bilaterales/Costa_Rica/Respado_docs_imagen/Decision21_Costa_Rica.pdf,SIEM/Marco_jurídico/02_Tratados_internacionales/Comercio_exterior_paises_con_tratados_firmados/Tratdos_firmados_con_méxico/América_latina/Iniciativas_bilaterales/Costa_Rica/Respado_docs_imagen/Decision21_Costa_Rica.pdf,479950,0.46,2025-10-14T14:50:38,2025-10-16T15:10:19.543389,.pdf,acfc15e863b5f42ab0fd5fbf32c69d4c
Decision11_Costa_Rica.pdf,/home/elias/Documentos/Embeddings/SIEM/SIEM/Marco_jurídico/02_Tratados_internacionales/Comercio_exterior_paises_con_tratados_firmados/Tratdos_firmados_con_méxico/América_latina/Iniciativas_bilaterales/Costa_Rica/Respado_docs_imagen/Decision11_Costa_Rica.pdf,SIEM/Marco_jurídico/02_Tratados_internacionales/Comercio_exterior_paises_con_tratados_firmados/Tratdos_firmados_con_méxico/América_latina/Iniciativas_bilaterales/Costa_Rica/Respado_docs_imagen/Decision11_Costa_Rica.pdf,36955,0.04,2025-10-14T14:50:40,2025-10-16T15:10:19.431644,.pdf,ef43a5d0fa989a99b1549c2905903a2f
TLC_CostaRica.pdf,/home/elias/Documentos/Embeddings/SIEM/SIEM/Marco_jurídico/02_Tratados_internacionales/Comercio_exterior_paises_con_tratados_firmados/Tratdos_firmados_con_méxico/América_latina/Iniciativas_bilaterales/Costa_Rica/Respado_docs_imagen/TLC_CostaRica.pdf,SIEM/Marco_jurídico/02_Tratados_internacionales/Comercio_exterior_paises_con_tratados_firmados/Tratdos_firmados_con_méxico/América_latina/Iniciativas_bilaterales/Costa_Rica/Respado_docs_imagen/TLC_CostaRica.pdf,2486291,2.37,2025-10-14T14:50:38,2025-10-16T15:10:19.639258,.pdf,fcc82ff20e3fff60d6b6be9edadee7cc
Decision1_Costa_Rica.pdf,/home/elias/Documentos/Embeddings/SIEM/SIEM/Marco_jurídico/02_Tratados_internacionales/Comercio_exterior_paises_con_tratados_firmados/Tratdos_firmados_con_méxico/América_latina/Iniciativas_bilaterales/Costa_Rica/Respado_docs_imagen/Decision1_Costa_Rica.pdf,SIEM/Marco_jurídico/02_Tratados_internacionales/Comercio_exterior_paises_con_tratados_firmados/Tratdos_firmados_con_méxico/América_latina/Iniciativas_bilaterales/Costa_Rica/Respado_docs_imagen/Decision1_Costa_Rica.pdf,24349,0.02,2025-10-14T14:50:40,2025-10-16T15:10:19.530018,.pdf,1196b034a5e267d2a27a1222dd3dd47f
Decision3_Costa_Rica.pdf,/home/elias/Documentos/Embeddings/SIEM/SIEM/Marco_jurídico/02_Tratados_internacionales/Comercio_exterior_paises_con_tratados_firmados/Tratdos_firmados_con_méxico/América_latina/Iniciativas_bilaterales/Costa_Rica/Respado_docs_imagen/Decision3_Costa_Rica.pdf,SIEM/Marco_jurídico/02_Tratados_internacionales/Comercio_exterior_paises_con_tratados_firmados/Tratdos_firmados_con_méxico/América_latina/Iniciativas_bilaterales/Costa_Rica/Respado_docs_imagen/Decision3_Costa_Rica.pdf,186786,0.18,2025-10-14T14:50:40,2025-10-16T15:10:19.557271,.pdf,1e589e774b3bdf51c129acbd50bbcd8f
decisiones10_Costa_Rica.pdf,/home/elias/Documentos/Embeddings/SIEM/SIEM/Marco_jurídico/02_Tratados_internacionales/Comercio_exterior_paises_con_tratados_firmados/Tratdos_firmados_con_méxico/América_latina/Iniciativas_bilaterales/Costa_Rica/Respado_docs_imagen/decisiones10_Costa_Rica.pdf,SIEM/Marco_jurídico/02_Tratados_internacionales/Comercio_exterior_paises_con_tratados_firmados/Tratdos_firmados_con_méxico/América_latina/Iniciativas_bilaterales/Costa_Rica/Respado_docs_imagen/decisiones10_Costa_Rica.pdf,182730,0.17,2025-10-14T14:50:38,2025-10-16T15:10:19.577216,.pdf,02956482b5c5ca0c589c42917986d749
Decision14_Costa_Rica.pdf,/home/elias/Documentos/Embeddings/SIEM/SIEM/Marco_jurídico/02_Tratados_internacionales/Comercio_exterior_paises_con_tratados_firmados/Tratdos_firmados_con_méxico/América_latina/Iniciativas_bilaterales/Costa_Rica/Respado_docs_imagen/Decision14_Costa_Rica.pdf,SIEM/Marco_jurídico/02_Tratados_internacionales/Comercio_exterior_paises_con_tratados_firmados/Tratdos_firmados_con_méxico/América_latina/Iniciativas_bilaterales/Costa_Rica/Respado_docs_imagen/Decision14_Costa_Rica.pdf,27708,0.03,2025-10-14T14:50:38,2025-10-16T15:10:19.436200,.pdf,5cfc7ab0497fd236305beba748b813aa
Decision2_Costa_Rica.pdf,/home/elias/Documentos/Embeddings/SIEM/SIEM/Marco_jurídico/02_Tratados_internacionales/Comercio_exterior_paises_con_tratados_firmados/Tratdos_firmados_con_méxico/América_latina/Iniciativas_bilaterales/Costa_Rica/Respado_docs_imagen/Decision2_Costa_Rica.pdf,SIEM/Marco_jurídico/02_Tratados_internacionales/Comercio_exterior_paises_con_tratados_firmados/Tratdos_firmados_con_méxico/América_latina/Iniciativas_bilaterales/Costa_Rica/Respado_docs_imagen/Decision2_Costa_Rica.pdf,27421,0.03,2025-10-14T14:50:40,2025-10-16T15:10:19.552390,.pdf,ea125f7655b80872cbc878837bb68f84
Chile_Decisi_n_10.pdf,/home/elias/Documentos/Embeddings/SIEM/SIEM/Marco_jurídico/02_Tratados_internacionales/Comercio_exterior_paises_con_tratados_firmados/Tratdos_firmados_con_méxico/América_latina/Iniciativas_bilaterales/Chile/respaldo_docs_imagen/Chile_Decisi_n_10.pdf,SIEM/Marco_jurídico/02_Tratados_internacionales/Comercio_exterior_paises_con_tratados_firmados/Tratdos_firmados_con_méxico/América_latina/Iniciativas_bilaterales/Chile/respaldo_docs_imagen/Chile_Decisi_n_10.pdf,88623,0.08,2025-10-14T15:01:56,2025-10-16T15:10:18.559644,.pdf,a7a6df72a1bcdab17dff1af2a4260116
Chile_Desicion_No.1.pdf,/home/elias/Documentos/Embeddings/SIEM/SIEM/Marco_jurídico/02_Tratados_internacionales/Comercio_exterior_paises_con_tratados_firmados/Tratdos_firmados_con_méxico/América_latina/Iniciativas_bilaterales/Chile/respaldo_docs_imagen/Chile_Desicion_No.1.pdf,SIEM/Marco_jurídico/02_Tratados_internacionales/Comercio_exterior_paises_con_tratados_firmados/Tratdos_firmados_con_méxico/América_latina/Iniciativas_bilaterales/Chile/respaldo_docs_imagen/Chile_Desicion_No.1.pdf,17328,0.02,2025-10-14T15:01:58,2025-10-16T15:10:18.586388,.pdf,cc92dacd29a55ce9971379e261b4a902
Chile_Decisi_n_7.pdf,/home/elias/Documentos/Embeddings/SIEM/SIEM/Marco_jurídico/02_Tratados_internacionales/Comercio_exterior_paises_con_tratados_firmados/Tratdos_firmados_con_méxico/América_latina/Iniciativas_bilaterales/Chile/respaldo_docs_imagen/Chile_Decisi_n_7.pdf,SIEM/Marco_jurídico/02_Tratados_internacionales/Comercio_exterior_paises_con_tratados_firmados/Tratdos_firmados_con_méxico/América_latina/Iniciativas_bilaterales/Chile/respaldo_docs_imagen/Chile_Decisi_n_7.pdf,401578,0.38,2025-10-14T15:01:56,2025-10-16T15:10:18.569865,.pdf,661f06599945b22d8b7b6ee56eacd691
Chile_Decisi_n_9.pdf,/home/elias/Documentos/Embeddings/SIEM/SIEM/Marco_jurídico/02_Tratados_internacionales/Comercio_exterior_paises_con_tratados_firmados/Tratdos_firmados_con_méxico/América_latina/Iniciativas_bilaterales/Chile/respaldo_docs_imagen/Chile_Decisi_n_9.pdf,SIEM/Marco_jurídico/02_Tratados_internacionales/Comercio_exterior_paises_con_tratados_firmados/Tratdos_firmados_con_méxico/América_latina/Iniciativas_bilaterales/Chile/respaldo_docs_imagen/Chile_Decisi_n_9.pdf,412423,0.39,2025-10-14T15:01:56,2025-10-16T15:10:18.580393,.pdf,7cc5249d3a7d2bec6fbc9b71ac4127d5
Chile_Desicion_No.3.pdf,/home/elias/Documentos/Embeddings/SIEM/SIEM/Marco_jurídico/02_Tratados_internacionales/Comercio_exterior_paises_con_tratados_firmados/Tratdos_firmados_con_méxico/América_latina/Iniciativas_bilaterales/Chile/respaldo_docs_imagen/Chile_Desicion_No.3.pdf,SIEM/Marco_jurídico/02_Tratados_internacionales/Comercio_exterior_paises_con_tratados_firmados/Tratdos_firmados_con_méxico/América_latina/Iniciativas_bilaterales/Chile/respaldo_docs_imagen/Chile_Desicion_No.3.pdf,12160,0.01,2025-10-14T15:01:56,2025-10-16T15:10:18.587453,.pdf,8f640a8eb73bf6213e41cfcb5d4dadbc
Chile_Desicion_No.2.pdf,/home/elias/Documentos/Embeddings/SIEM/SIEM/Marco_jurídico/02_Tratados_internacionales/Comercio_exterior_paises_con_tratados_firmados/Tratdos_firmados_con_méxico/América_latina/Iniciativas_bilaterales/Chile/respaldo_docs_imagen/Chile_Desicion_No.2.pdf,SIEM/Marco_jurídico/02_Tratados_internacionales/Comercio_exterior_paises_con_tratados_firmados/Tratdos_firmados_con_méxico/América_latina/Iniciativas_bilaterales/Chile/respaldo_docs_imagen/Chile_Desicion_No.2.pdf,11815,0.01,2025-10-14T15:01:58,2025-10-16T15:10:18.586926,.pdf,ec06cf4331572aeb1688a8b24cc8feb1
Chile_Desicion_No.5.pdf,/home/elias/Documentos/Embeddings/SIEM/SIEM/Marco_jurídico/02_Tratados_internacionales/Comercio_exterior_paises_con_tratados_firmados/Tratdos_firmados_con_méxico/América_latina/Iniciativas_bilaterales/Chile/respaldo_docs_imagen/Chile_Desicion_No.5.pdf,SIEM/Marco_jurídico/02_Tratados_internacionales/Comercio_exterior_paises_con_tratados_firmados/Tratdos_firmados_con_méxico/América_latina/Iniciativas_bilaterales/Chile/respaldo_docs_imagen/Chile_Desicion_No.5.pdf,29864,0.03,2025-10-14T15:01:56,2025-10-16T15:10:18.592181,.pdf,01b24e195fa6396fff16f9b6830dbcf1
Gui_a_de_Recomendaciones_transparencia_y_participacio_n_ciudadana.pdf,/home/elias/Documentos/Embeddings/SIEM/SIEM/Marco_jurídico/02_Tratados_internacionales/Comercio_exterior_paises_con_tratados_firmados/Tratdos_firmados_con_méxico/América_latina/Iniciativas_bilaterales/Chile/respaldo_docs_imagen/Gui_a_de_Recomendaciones_transparencia_y_participacio_n_ciudadana.pdf,SIEM/Marco_jurídico/02_Tratados_internacionales/Comercio_exterior_paises_con_tratados_firmados/Tratdos_firmados_con_méxico/América_latina/Iniciativas_bilaterales/Chile/respaldo_docs_imagen/Gui_a_de_Recomendaciones_transparencia_y_participacio_n_ciudadana.pdf,495543,0.47,2025-10-14T15:01:56,2025-10-16T15:10:18.605287,.pdf,c52aae4e37ac0cef6a02febd835a2d76
Chile_Desicion_No.4.pdf,/home/elias/Documentos/Embeddings/SIEM/SIEM/Marco_jurídico/02_Tratados_internacionales/Comercio_exterior_paises_con_tratados_firmados/Tratdos_firmados_con_méxico/América_latina/Iniciativas_bilaterales/Chile/respaldo_docs_imagen/Chile_Desicion_No.4.pdf,SIEM/Marco_jurídico/02_Tratados_internacionales/Comercio_exterior_paises_con_tratados_firmados/Tratdos_firmados_con_méxico/América_latina/Iniciativas_bilaterales/Chile/respaldo_docs_imagen/Chile_Desicion_No.4.pdf,13944,0.01,2025-10-14T15:01:56,2025-10-16T15:10:18.590189,.pdf,377bcbe61a50b0ae649618030bc974af
chile_decision6.pdf,/home/elias/Documentos/Embeddings/SIEM/SIEM/Marco_jurídico/02_Tratados_internacionales/Comercio_exterior_paises_con_tratados_firmados/Tratdos_firmados_con_méxico/América_latina/Iniciativas_bilaterales/Chile/respaldo_docs_imagen/chile_decision6.pdf,SIEM/Marco_jurídico/02_Tratados_internacionales/Comercio_exterior_paises_con_tratados_firmados/Tratdos_firmados_con_méxico/América_latina/Iniciativas_bilaterales/Chile/respaldo_docs_imagen/chile_decision6.pdf,173860,0.17,2025-10-14T15:01:56,2025-10-16T15:10:18.557125,.pdf,073adfabdcbaf98750be057f22a51e89
Chile_Decisi_n_N__8.pdf,/home/elias/Documentos/Embeddings/SIEM/SIEM/Marco_jurídico/02_Tratados_internacionales/Comercio_exterior_paises_con_tratados_firmados/Tratdos_firmados_con_méxico/América_latina/Iniciativas_bilaterales/Chile/respaldo_docs_imagen/Chile_Decisi_n_N__8.pdf,SIEM/Marco_jurídico/02_Tratados_internacionales/Comercio_exterior_paises_con_tratados_firmados/Tratdos_firmados_con_méxico/América_latina/Iniciativas_bilaterales/Chile/respaldo_docs_imagen/Chile_Decisi_n_N__8.pdf,201991,0.19,2025-10-14T15:01:56,2025-10-16T15:10:18.585703,.pdf,649805fe515c640162d65d24c43b53ea
Certificado_origen.pdf,/home/elias/Documentos/Embeddings/SIEM/SIEM/Marco_jurídico/02_Tratados_internacionales/Comercio_exterior_paises_con_tratados_firmados/Tratdos_firmados_con_méxico/América_latina/Iniciativas_bilaterales/Chile/respaldo_docs_imagen/Certificado_origen.pdf,SIEM/Marco_jurídico/02_Tratados_internacionales/Comercio_exterior_paises_con_tratados_firmados/Tratdos_firmados_con_méxico/América_latina/Iniciativas_bilaterales/Chile/respaldo_docs_imagen/Certificado_origen.pdf,109182,0.1,2025-10-14T15:01:56,2025-10-16T15:10:18.552492,.pdf,867fac95507d0e35c0ea47030af7ed7a
Colombia_decisiones52.pdf,/home/elias/Documentos/Embeddings/SIEM/SIEM/Marco_jurídico/02_Tratados_internacionales/Comercio_exterior_paises_con_tratados_firmados/Tratdos_firmados_con_méxico/América_latina/Iniciativas_bilaterales/Colombia/respaldo_docs_imagen/Colombia_decisiones52.pdf,SIEM/Marco_jurídico/02_Tratados_internacionales/Comercio_exterior_paises_con_tratados_firmados/Tratdos_firmados_con_méxico/América_latina/Iniciativas_bilaterales/Colombia/respaldo_docs_imagen/Colombia_decisiones52.pdf,185677,0.18,2025-10-14T13:25:28,2025-10-16T15:10:19.271716,.pdf,1f6c3e7845bdee980e7f317c0a316ac2
Colombia_decisiones20.pdf,/home/elias/Documentos/Embeddings/SIEM/SIEM/Marco_jurídico/02_Tratados_internacionales/Comercio_exterior_paises_con_tratados_firmados/Tratdos_firmados_con_méxico/América_latina/Iniciativas_bilaterales/Colombia/respaldo_docs_imagen/Colombia_decisiones20.pdf,SIEM/Marco_jurídico/02_Tratados_internacionales/Comercio_exterior_paises_con_tratados_firmados/Tratdos_firmados_con_méxico/América_latina/Iniciativas_bilaterales/Colombia/respaldo_docs_imagen/Colombia_decisiones20.pdf,40398,0.04,2025-10-14T13:10:56,2025-10-16T15:10:19.130160,.pdf,3c129c97a5c124f7ec037d5f8744f18b
Colombia_decisiones9.pdf,/home/elias/Documentos/Embeddings/SIEM/SIEM/Marco_jurídico/02_Tratados_internacionales/Comercio_exterior_paises_con_tratados_firmados/Tratdos_firmados_con_méxico/América_latina/Iniciativas_bilaterales/Colombia/respaldo_docs_imagen/Colombia_decisiones9.pdf,SIEM/Marco_jurídico/02_Tratados_internacionales/Comercio_exterior_paises_con_tratados_firmados/Tratdos_firmados_con_méxico/América_latina/Iniciativas_bilaterales/Colombia/respaldo_docs_imagen/Colombia_decisiones9.pdf,288758,0.28,2025-10-14T13:10:58,2025-10-16T15:10:19.307504,.pdf,d773aef88e0432221581a54eff460c13
Colombia_decisiones27.pdf,/home/elias/Documentos/Embeddings/SIEM/SIEM/Marco_jurídico/02_Tratados_internacionales/Comercio_exterior_paises_con_tratados_firmados/Tratdos_firmados_con_méxico/América_latina/Iniciativas_bilaterales/Colombia/respaldo_docs_imagen/Colombia_decisiones27.pdf,SIEM/Marco_jurídico/02_Tratados_internacionales/Comercio_exterior_paises_con_tratados_firmados/Tratdos_firmados_con_méxico/América_latina/Iniciativas_bilaterales/Colombia/respaldo_docs_imagen/Colombia_decisiones27.pdf,139422,0.13,2025-10-14T13:25:32,2025-10-16T15:10:19.146859,.pdf,33bb30e1f97dadc72bf675467a24a73b
Colombia_decisiones51.pdf,/home/elias/Documentos/Embeddings/SIEM/SIEM/Marco_jurídico/02_Tratados_internacionales/Comercio_exterior_paises_con_tratados_firmados/Tratdos_firmados_con_méxico/América_latina/Iniciativas_bilaterales/Colombia/respaldo_docs_imagen/Colombia_decisiones51.pdf,SIEM/Marco_jurídico/02_Tratados_internacionales/Comercio_exterior_paises_con_tratados_firmados/Tratdos_firmados_con_méxico/América_latina/Iniciativas_bilaterales/Colombia/respaldo_docs_imagen/Colombia_decisiones51.pdf,239213,0.23,2025-10-14T13:25:28,2025-10-16T15:10:19.266782,.pdf,f98ef92bcb4d73f3bb87c9faa69814ac
Colombia_decisiones15.pdf,/home/elias/Documentos/Embeddings/SIEM/SIEM/Marco_jurídico/02_Tratados_internacionales/Comercio_exterior_paises_con_tratados_firmados/Tratdos_firmados_con_méxico/América_latina/Iniciativas_bilaterales/Colombia/respaldo_docs_imagen/Colombia_decisiones15.pdf,SIEM/Marco_jurídico/02_Tratados_internacionales/Comercio_exterior_paises_con_tratados_firmados/Tratdos_firmados_con_méxico/América_latina/Iniciativas_bilaterales/Colombia/respaldo_docs_imagen/Colombia_decisiones15.pdf,115444,0.11,2025-10-14T13:10:58,2025-10-16T15:10:19.117774,.pdf,892da438f12e0f3b6ea776a4e8a0d555
Colombia_decisiones50.pdf,/home/elias/Documentos/Embeddings/SIEM/SIEM/Marco_jurídico/02_Tratados_internacionales/Comercio_exterior_paises_con_tratados_firmados/Tratdos_firmados_con_méxico/América_latina/Iniciativas_bilaterales/Colombia/respaldo_docs_imagen/Colombia_decisiones50.pdf,SIEM/Marco_jurídico/02_Tratados_internacionales/Comercio_exterior_paises_con_tratados_firmados/Tratdos_firmados_con_méxico/América_latina/Iniciativas_bilaterales/Colombia/respaldo_docs_imagen/Colombia_decisiones50.pdf,47407,0.05,2025-10-14T13:25:28,2025-10-16T15:10:19.260494,.pdf,7568dd9da487f40173168b4a333bc9d3
Colombia_decisiones7.pdf,/home/elias/Documentos/Embeddings/SIEM/SIEM/Marco_jurídico/02_Tratados_internacionales/Comercio_exterior_paises_con_tratados_firmados/Tratdos_firmados_con_méxico/América_latina/Iniciativas_bilaterales/Colombia/respaldo_docs_imagen/Colombia_decisiones7.pdf,SIEM/Marco_jurídico/02_Tratados_internacionales/Comercio_exterior_paises_con_tratados_firmados/Tratdos_firmados_con_méxico/América_latina/Iniciativas_bilaterales/Colombia/respaldo_docs_imagen/Colombia_decisiones7.pdf,13423,0.01,2025-10-14T13:10:58,2025-10-16T15:10:19.298422,.pdf,a82cdbe663d2ca1190441f024ea1fed7
Colombia_decisiones28.pdf,/home/elias/Documentos/Embeddings/SIEM/SIEM/Marco_jurídico/02_Tratados_internacionales/Comercio_exterior_paises_con_tratados_firmados/Tratdos_firmados_con_méxico/América_latina/Iniciativas_bilaterales/Colombia/respaldo_docs_imagen/Colombia_decisiones28.pdf,SIEM/Marco_jurídico/02_Tratados_internacionales/Comercio_exterior_paises_con_tratados_firmados/Tratdos_firmados_con_méxico/América_latina/Iniciativas_bilaterales/Colombia/respaldo_docs_imagen/Colombia_decisiones28.pdf,493150,0.47,2025-10-14T13:25:32,2025-10-16T15:10:19.159508,.pdf,ef0d7e0528e46b225de8c891d2920601
colombia_decision64.pdf,/home/elias/Documentos/Embeddings/SIEM/SIEM/Marco_jurídico/02_Tratados_internacionales/Comercio_exterior_paises_con_tratados_firmados/Tratdos_firmados_con_méxico/América_latina/Iniciativas_bilaterales/Colombia/respaldo_docs_imagen/colombia_decision64.pdf,SIEM/Marco_jurídico/02_Tratados_internacionales/Comercio_exterior_paises_con_tratados_firmados/Tratdos_firmados_con_méxico/América_latina/Iniciativas_bilaterales/Colombia/respaldo_docs_imagen/colombia_decision64.pdf,155980,0.15,2025-10-14T13:25:28,2025-10-16T15:10:19.083847,.pdf,0b013294f24d02701431e82f1f4cac8c
Colombia_decisiones44.pdf,/home/elias/Documentos/Embeddings/SIEM/SIEM/Marco_jurídico/02_Tratados_internacionales/Comercio_exterior_paises_con_tratados_firmados/Tratdos_firmados_con_méxico/América_latina/Iniciativas_bilaterales/Colombia/respaldo_docs_imagen/Colombia_decisiones44.pdf,SIEM/Marco_jurídico/02_Tratados_internacionales/Comercio_exterior_paises_con_tratados_firmados/Tratdos_firmados_con_méxico/América_latina/Iniciativas_bilaterales/Colombia/respaldo_docs_imagen/Colombia_decisiones44.pdf,66580,0.06,2025-10-14T13:25:30,2025-10-16T15:10:19.242807,.pdf,064290597fe19e9da14da611c46f73c3
Colombia_decisiones1.pdf,/home/elias/Documentos/Embeddings/SIEM/SIEM/Marco_jurídico/02_Tratados_internacionales/Comercio_exterior_paises_con_tratados_firmados/Tratdos_firmados_con_méxico/América_latina/Iniciativas_bilaterales/Colombia/respaldo_docs_imagen/Colombia_decisiones1.pdf,SIEM/Marco_jurídico/02_Tratados_internacionales/Comercio_exterior_paises_con_tratados_firmados/Tratdos_firmados_con_méxico/América_latina/Iniciativas_bilaterales/Colombia/respaldo_docs_imagen/Colombia_decisiones1.pdf,42131,0.04,2025-10-14T13:10:58,2025-10-16T15:10:19.085149,.pdf,cec5503f3c004acd2e8e8c83c7e3c8fe
Colombia_decisiones56.pdf,/home/elias/Documentos/Embeddings/SIEM/SIEM/Marco_jurídico/02_Tratados_internacionales/Comercio_exterior_paises_con_tratados_firmados/Tratdos_firmados_con_méxico/América_latina/Iniciativas_bilaterales/Colombia/respaldo_docs_imagen/Colombia_decisiones56.pdf,SIEM/Marco_jurídico/02_Tratados_internacionales/Comercio_exterior_paises_con_tratados_firmados/Tratdos_firmados_con_méxico/América_latina/Iniciativas_bilaterales/Colombia/respaldo_docs_imagen/Colombia_decisiones56.pdf,181171,0.17,2025-10-14T13:25:28,2025-10-16T15:10:19.292427,.pdf,727968ca8ada97db3a1a9c854bf5cd15
Colombia_decisiones25.pdf,/home/elias/Documentos/Embeddings/SIEM/SIEM/Marco_jurídico/02_Tratados_internacionales/Comercio_exterior_paises_con_tratados_firmados/Tratdos_firmados_con_méxico/América_latina/Iniciativas_bilaterales/Colombia/respaldo_docs_imagen/Colombia_decisiones25.pdf,SIEM/Marco_jurídico/02_Tratados_internacionales/Comercio_exterior_paises_con_tratados_firmados/Tratdos_firmados_con_méxico/América_latina/Iniciativas_bilaterales/Colombia/respaldo_docs_imagen/Colombia_decisiones25.pdf,15335,0.01,2025-10-14T13:10:56,2025-10-16T15:10:19.139167,.pdf,b66b8f8f4ed076b2052090f1627d7011
Colombia_decisiones8.pdf,/home/elias/Documentos/Embeddings/SIEM/SIEM/Marco_jurídico/02_Tratados_internacionales/Comercio_exterior_paises_con_tratados_firmados/Tratdos_firmados_con_méxico/América_latina/Iniciativas_bilaterales/Colombia/respaldo_docs_imagen/Colombia_decisiones8.pdf,SIEM/Marco_jurídico/02_Tratados_internacionales/Comercio_exterior_paises_con_tratados_firmados/Tratdos_firmados_con_méxico/América_latina/Iniciativas_bilaterales/Colombia/respaldo_docs_imagen/Colombia_decisiones8.pdf,13893,0.01,2025-10-14T13:10:58,2025-10-16T15:10:19.299044,.pdf,b5de91d62424129197a32ea7d238a0a3
Colombia_decisiones39.pdf,/home/elias/Documentos/Embeddings/SIEM/SIEM/Marco_jurídico/02_Tratados_internacionales/Comercio_exterior_paises_con_tratados_firmados/Tratdos_firmados_con_méxico/América_latina/Iniciativas_bilaterales/Colombia/respaldo_docs_imagen/Colombia_decisiones39.pdf,SIEM/Marco_jurídico/02_Tratados_internacionales/Comercio_exterior_paises_con_tratados_firmados/Tratdos_firmados_con_méxico/América_latina/Iniciativas_bilaterales/Colombia/respaldo_docs_imagen/Colombia_decisiones39.pdf,89774,0.09,2025-10-14T13:25:30,2025-10-16T15:10:19.180929,.pdf,b218e624585abb7f63474a9e3fe9007e
Colombia_decisiones40.pdf,/home/elias/Documentos/Embeddings/SIEM/SIEM/Marco_jurídico/02_Tratados_internacionales/Comercio_exterior_paises_con_tratados_firmados/Tratdos_firmados_con_méxico/América_latina/Iniciativas_bilaterales/Colombia/respaldo_docs_imagen/Colombia_decisiones40.pdf,SIEM/Marco_jurídico/02_Tratados_internacionales/Comercio_exterior_paises_con_tratados_firmados/Tratdos_firmados_con_méxico/América_latina/Iniciativas_bilaterales/Colombia/respaldo_docs_imagen/Colombia_decisiones40.pdf,97450,0.09,2025-10-14T13:25:30,2025-10-16T15:10:19.184873,.pdf,d2dc8ce7c9cc5aef877f8b329956e899
Colombia_decisiones13.pdf,/home/elias/Documentos/Embeddings/SIEM/SIEM/Marco_jurídico/02_Tratados_internacionales/Comercio_exterior_paises_con_tratados_firmados/Tratdos_firmados_con_méxico/América_latina/Iniciativas_bilaterales/Colombia/respaldo_docs_imagen/Colombia_decisiones13.pdf,SIEM/Marco_jurídico/02_Tratados_internacionales/Comercio_exterior_paises_con_tratados_firmados/Tratdos_firmados_con_méxico/América_latina/Iniciativas_bilaterales/Colombia/respaldo_docs_imagen/Colombia_decisiones13.pdf,635742,0.61,2025-10-14T13:10:58,2025-10-16T15:10:19.108323,.pdf,20f405716290524dfc2b0925d2213326
Colombia_decisiones26.pdf,/home/elias/Documentos/Embeddings/SIEM/SIEM/Marco_jurídico/02_Tratados_internacionales/Comercio_exterior_paises_con_tratados_firmados/Tratdos_firmados_con_méxico/América_latina/Iniciativas_bilaterales/Colombia/respaldo_docs_imagen/Colombia_decisiones26.pdf,SIEM/Marco_jurídico/02_Tratados_internacionales/Comercio_exterior_paises_con_tratados_firmados/Tratdos_firmados_con_méxico/América_latina/Iniciativas_bilaterales/Colombia/respaldo_docs_imagen/Colombia_decisiones26.pdf,106079,0.1,2025-10-14T13:25:32,2025-10-16T15:10:19.143093,.pdf,0977e3d1361e12198316d25b37cc9940
Colombia_decisiones24.pdf,/home/elias/Documentos/Embeddings/SIEM/SIEM/Marco_jurídico/02_Tratados_internacionales/Comercio_exterior_paises_con_tratados_firmados/Tratdos_firmados_con_méxico/América_latina/Iniciativas_bilaterales/Colombia/respaldo_docs_imagen/Colombia_decisiones24.pdf,SIEM/Marco_jurídico/02_Tratados_internacionales/Comercio_exterior_paises_con_tratados_firmados/Tratdos_firmados_con_méxico/América_latina/Iniciativas_bilaterales/Colombia/respaldo_docs_imagen/Colombia_decisiones24.pdf,22111,0.02,2025-10-14T13:10:56,2025-10-16T15:10:19.137750,.pdf,19aa6f7f8d2413fa3f03bc5327741355
Colombia_decisiones53.pdf,/home/elias/Documentos/Embeddings/SIEM/SIEM/Marco_jurídico/02_Tratados_internacionales/Comercio_exterior_paises_con_tratados_firmados/Tratdos_firmados_con_méxico/América_latina/Iniciativas_bilaterales/Colombia/respaldo_docs_imagen/Colombia_decisiones53.pdf,SIEM/Marco_jurídico/02_Tratados_internacionales/Comercio_exterior_paises_con_tratados_firmados/Tratdos_firmados_con_méxico/América_latina/Iniciativas_bilaterales/Colombia/respaldo_docs_imagen/Colombia_decisiones53.pdf,178845,0.17,2025-10-14T13:25:28,2025-10-16T15:10:19.276416,.pdf,0c3ace79f08c085083dfc5907891a846
Colombia_decisiones47.pdf,/home/elias/Documentos/Embeddings/SIEM/SIEM/Marco_jurídico/02_Tratados_internacionales/Comercio_exterior_paises_con_tratados_firmados/Tratdos_firmados_con_méxico/América_latina/Iniciativas_bilaterales/Colombia/respaldo_docs_imagen/Colombia_decisiones47.pdf,SIEM/Marco_jurídico/02_Tratados_internacionales/Comercio_exterior_paises_con_tratados_firmados/Tratdos_firmados_con_méxico/América_latina/Iniciativas_bilaterales/Colombia/respaldo_docs_imagen/Colombia_decisiones47.pdf,56180,0.05,2025-10-14T13:25:30,2025-10-16T15:10:19.251094,.pdf,4c0128de0ad9e2eb47301dd1ebc70995
Colombia_decisiones33.pdf,/home/elias/Documentos/Embeddings/SIEM/SIEM/Marco_jurídico/02_Tratados_internacionales/Comercio_exterior_paises_con_tratados_firmados/Tratdos_firmados_con_méxico/América_latina/Iniciativas_bilaterales/Colombia/respaldo_docs_imagen/Colombia_decisiones33.pdf,SIEM/Marco_jurídico/02_Tratados_internacionales/Comercio_exterior_paises_con_tratados_firmados/Tratdos_firmados_con_méxico/América_latina/Iniciativas_bilaterales/Colombia/respaldo_docs_imagen/Colombia_decisiones33.pdf,19032,0.02,2025-10-14T13:25:30,2025-10-16T15:10:19.168033,.pdf,e6ef0143416920000e1542e16ec31ed1
Colombia_decisiones35.pdf,/home/elias/Documentos/Embeddings/SIEM/SIEM/Marco_jurídico/02_Tratados_internacionales/Comercio_exterior_paises_con_tratados_firmados/Tratdos_firmados_con_méxico/América_latina/Iniciativas_bilaterales/Colombia/respaldo_docs_imagen/Colombia_decisiones35.pdf,SIEM/Marco_jurídico/02_Tratados_internacionales/Comercio_exterior_paises_con_tratados_firmados/Tratdos_firmados_con_méxico/América_latina/Iniciativas_bilaterales/Colombia/respaldo_docs_imagen/Colombia_decisiones35.pdf,13467,0.01,2025-10-14T13:25:30,2025-10-16T15:10:19.169497,.pdf,f78ba34ccd61d8af43955aa5f14f7ff5
Colombia_decisiones3.pdf,/home/elias/Documentos/Embeddings/SIEM/SIEM/Marco_jurídico/02_Tratados_internacionales/Comercio_exterior_paises_con_tratados_firmados/Tratdos_firmados_con_méxico/América_latina/Iniciativas_bilaterales/Colombia/respaldo_docs_imagen/Colombia_decisiones3.pdf,SIEM/Marco_jurídico/02_Tratados_internacionales/Comercio_exterior_paises_con_tratados_firmados/Tratdos_firmados_con_méxico/América_latina/Iniciativas_bilaterales/Colombia/respaldo_docs_imagen/Colombia_decisiones3.pdf,32509,0.03,2025-10-14T13:10:58,2025-10-16T15:10:19.161444,.pdf,8714a2b4637cc0f23d0a47dd29d9bf31
Colombia_decisiones22.pdf,/home/elias/Documentos/Embeddings/SIEM/SIEM/Marco_jurídico/02_Tratados_internacionales/Comercio_exterior_paises_con_tratados_firmados/Tratdos_firmados_con_méxico/América_latina/Iniciativas_bilaterales/Colombia/respaldo_docs_imagen/Colombia_decisiones22.pdf,SIEM/Marco_jurídico/02_Tratados_internacionales/Comercio_exterior_paises_con_tratados_firmados/Tratdos_firmados_con_méxico/América_latina/Iniciativas_bilaterales/Colombia/respaldo_docs_imagen/Colombia_decisiones22.pdf,19975,0.02,2025-10-14T13:10:56,2025-10-16T15:10:19.132887,.pdf,ba9182fcc0c1264ded5c279e44d734b0
Colombia_decisiones48.pdf,/home/elias/Documentos/Embeddings/SIEM/SIEM/Marco_jurídico/02_Tratados_internacionales/Comercio_exterior_paises_con_tratados_firmados/Tratdos_firmados_con_méxico/América_latina/Iniciativas_bilaterales/Colombia/respaldo_docs_imagen/Colombia_decisiones48.pdf,SIEM/Marco_jurídico/02_Tratados_internacionales/Comercio_exterior_paises_con_tratados_firmados/Tratdos_firmados_con_méxico/América_latina/Iniciativas_bilaterales/Colombia/respaldo_docs_imagen/Colombia_decisiones48.pdf,45571,0.04,2025-10-14T13:25:30,2025-10-16T15:10:19.253246,.pdf,e6ceec75a2aa0a6adc99236c9e6c43fb
Colombia_decisiones5.pdf,/home/elias/Documentos/Embeddings/SIEM/SIEM/Marco_jurídico/02_Tratados_internacionales/Comercio_exterior_paises_con_tratados_firmados/Tratdos_firmados_con_méxico/América_latina/Iniciativas_bilaterales/Colombia/respaldo_docs_imagen/Colombia_decisiones5.pdf,SIEM/Marco_jurídico/02_Tratados_internacionales/Comercio_exterior_paises_con_tratados_firmados/Tratdos_firmados_con_méxico/América_latina/Iniciativas_bilaterales/Colombia/respaldo_docs_imagen/Colombia_decisiones5.pdf,65157,0.06,2025-10-14T13:10:58,2025-10-16T15:10:19.259037,.pdf,16c1d1b9817d0ac78bb1f14f90feb5f1
Colombia_decisiones11.pdf,/home/elias/Documentos/Embeddings/SIEM/SIEM/Marco_jurídico/02_Tratados_internacionales/Comercio_exterior_paises_con_tratados_firmados/Tratdos_firmados_con_méxico/América_latina/Iniciativas_bilaterales/Colombia/respaldo_docs_imagen/Colombia_decisiones11.pdf,SIEM/Marco_jurídico/02_Tratados_internacionales/Comercio_exterior_paises_con_tratados_firmados/Tratdos_firmados_con_méxico/América_latina/Iniciativas_bilaterales/Colombia/respaldo_docs_imagen/Colombia_decisiones11.pdf,25414,0.02,2025-10-14T13:10:58,2025-10-16T15:10:19.090912,.pdf,086c6381dc683631ed05b0a8af3296a8
Colombia_decisiones14.pdf,/home/elias/Documentos/Embeddings/SIEM/SIEM/Marco_jurídico/02_Tratados_internacionales/Comercio_exterior_paises_con_tratados_firmados/Tratdos_firmados_con_méxico/América_latina/Iniciativas_bilaterales/Colombia/respaldo_docs_imagen/Colombia_decisiones14.pdf,SIEM/Marco_jurídico/02_Tratados_internacionales/Comercio_exterior_paises_con_tratados_firmados/Tratdos_firmados_con_méxico/América_latina/Iniciativas_bilaterales/Colombia/respaldo_docs_imagen/Colombia_decisiones14.pdf,240836,0.23,2025-10-14T13:10:58,2025-10-16T15:10:19.114624,.pdf,a2a1dbe143f5a1cfbe963ae2ce1bc50b
Colombia_decisiones23.pdf,/home/elias/Documentos/Embeddings/SIEM/SIEM/Marco_jurídico/02_Tratados_internacionales/Comercio_exterior_paises_con_tratados_firmados/Tratdos_firmados_con_méxico/América_latina/Iniciativas_bilaterales/Colombia/respaldo_docs_imagen/Colombia_decisiones23.pdf,SIEM/Marco_jurídico/02_Tratados_internacionales/Comercio_exterior_paises_con_tratados_firmados/Tratdos_firmados_con_méxico/América_latina/Iniciativas_bilaterales/Colombia/respaldo_docs_imagen/Colombia_decisiones23.pdf,18024,0.02,2025-10-14T13:10:56,2025-10-16T15:10:19.134434,.pdf,bc0d741bd36e7c3474eaea1510458b30
Colombia_decisiones16.pdf,/home/elias/Documentos/Embeddings/SIEM/SIEM/Marco_jurídico/02_Tratados_internacionales/Comercio_exterior_paises_con_tratados_firmados/Tratdos_firmados_con_méxico/América_latina/Iniciativas_bilaterales/Colombia/respaldo_docs_imagen/Colombia_decisiones16.pdf,SIEM/Marco_jurídico/02_Tratados_internacionales/Comercio_exterior_paises_con_tratados_firmados/Tratdos_firmados_con_méxico/América_latina/Iniciativas_bilaterales/Colombia/respaldo_docs_imagen/Colombia_decisiones16.pdf,24116,0.02,2025-10-14T13:10:58,2025-10-16T15:10:19.118690,.pdf,95ea72d7b50671490fa766da9f4009cc
Colombia_decisiones12.pdf,/home/elias/Documentos/Embeddings/SIEM/SIEM/Marco_jurídico/02_Tratados_internacionales/Comercio_exterior_paises_con_tratados_firmados/Tratdos_firmados_con_méxico/América_latina/Iniciativas_bilaterales/Colombia/respaldo_docs_imagen/Colombia_decisiones12.pdf,SIEM/Marco_jurídico/02_Tratados_internacionales/Comercio_exterior_paises_con_tratados_firmados/Tratdos_firmados_con_méxico/América_latina/Iniciativas_bilaterales/Colombia/respaldo_docs_imagen/Colombia_decisiones12.pdf,34946,0.03,2025-10-14T13:10:58,2025-10-16T15:10:19.092045,.pdf,72001dd059e53607e53a7788f22f6742
Colombia_decisiones46.pdf,/home/elias/Documentos/Embeddings/SIEM/SIEM/Marco_jurídico/02_Tratados_internacionales/Comercio_exterior_paises_con_tratados_firmados/Tratdos_firmados_con_méxico/América_latina/Iniciativas_bilaterales/Colombia/respaldo_docs_imagen/Colombia_decisiones46.pdf,SIEM/Marco_jurídico/02_Tratados_internacionales/Comercio_exterior_paises_con_tratados_firmados/Tratdos_firmados_con_méxico/América_latina/Iniciativas_bilaterales/Colombia/respaldo_docs_imagen/Colombia_decisiones46.pdf,73072,0.07,2025-10-14T13:25:30,2025-10-16T15:10:19.246912,.pdf,e179119ca6f57170d367c79c0f54502a
Colombia_decisiones49.pdf,/home/elias/Documentos/Embeddings/SIEM/SIEM/Marco_jurídico/02_Tratados_internacionales/Comercio_exterior_paises_con_tratados_firmados/Tratdos_firmados_con_méxico/América_latina/Iniciativas_bilaterales/Colombia/respaldo_docs_imagen/Colombia_decisiones49.pdf,SIEM/Marco_jurídico/02_Tratados_internacionales/Comercio_exterior_paises_con_tratados_firmados/Tratdos_firmados_con_méxico/América_latina/Iniciativas_bilaterales/Colombia/respaldo_docs_imagen/Colombia_decisiones49.pdf,74364,0.07,2025-10-14T13:25:28,2025-10-16T15:10:19.257148,.pdf,a2e01c08d862b70e7322b4c0778e8bfb
Colombia_decisiones62.pdf,/home/elias/Documentos/Embeddings/SIEM/SIEM/Marco_jurídico/02_Tratados_internacionales/Comercio_exterior_paises_con_tratados_firmados/Tratdos_firmados_con_méxico/América_latina/Iniciativas_bilaterales/Colombia/respaldo_docs_imagen/Colombia_decisiones62.pdf,SIEM/Marco_jurídico/02_Tratados_internacionales/Comercio_exterior_paises_con_tratados_firmados/Tratdos_firmados_con_méxico/América_latina/Iniciativas_bilaterales/Colombia/respaldo_docs_imagen/Colombia_decisiones62.pdf,161839,0.15,2025-10-14T13:25:28,2025-10-16T15:10:19.297762,.pdf,f1c9ef314332b7edf9fea76c257b8d48
Colombia_decisiones18.pdf,/home/elias/Documentos/Embeddings/SIEM/SIEM/Marco_jurídico/02_Tratados_internacionales/Comercio_exterior_paises_con_tratados_firmados/Tratdos_firmados_con_méxico/América_latina/Iniciativas_bilaterales/Colombia/respaldo_docs_imagen/Colombia_decisiones18.pdf,SIEM/Marco_jurídico/02_Tratados_internacionales/Comercio_exterior_paises_con_tratados_firmados/Tratdos_firmados_con_méxico/América_latina/Iniciativas_bilaterales/Colombia/respaldo_docs_imagen/Colombia_decisiones18.pdf,21157,0.02,2025-10-14T13:10:56,2025-10-16T15:10:19.120325,.pdf,8a7bf099aaccef889ce5eeb5a23d91fd
colombia_decision63.pdf,/home/elias/Documentos/Embeddings/SIEM/SIEM/Marco_jurídico/02_Tratados_internacionales/Comercio_exterior_paises_con_tratados_firmados/Tratdos_firmados_con_méxico/América_latina/Iniciativas_bilaterales/Colombia/respaldo_docs_imagen/colombia_decision63.pdf,SIEM/Marco_jurídico/02_Tratados_internacionales/Comercio_exterior_paises_con_tratados_firmados/Tratdos_firmados_con_méxico/América_latina/Iniciativas_bilaterales/Colombia/respaldo_docs_imagen/colombia_decision63.pdf,46956,0.04,2025-10-14T13:25:28,2025-10-16T15:10:19.079725,.pdf,7b4a5d9845c35f65d5d18324f1872619
Colombia_decisiones2.pdf,/home/elias/Documentos/Embeddings/SIEM/SIEM/Marco_jurídico/02_Tratados_internacionales/Comercio_exterior_paises_con_tratados_firmados/Tratdos_firmados_con_méxico/América_latina/Iniciativas_bilaterales/Colombia/respaldo_docs_imagen/Colombia_decisiones2.pdf,SIEM/Marco_jurídico/02_Tratados_internacionales/Comercio_exterior_paises_con_tratados_firmados/Tratdos_firmados_con_méxico/América_latina/Iniciativas_bilaterales/Colombia/respaldo_docs_imagen/Colombia_decisiones2.pdf,29888,0.03,2025-10-14T13:10:58,2025-10-16T15:10:19.128316,.pdf,3e8cf314ccf41a542878d13a48c695f6
Colombia_decisiones19.pdf,/home/elias/Documentos/Embeddings/SIEM/SIEM/Marco_jurídico/02_Tratados_internacionales/Comercio_exterior_paises_con_tratados_firmados/Tratdos_firmados_con_méxico/América_latina/Iniciativas_bilaterales/Colombia/respaldo_docs_imagen/Colombia_decisiones19.pdf,SIEM/Marco_jurídico/02_Tratados_internacionales/Comercio_exterior_paises_con_tratados_firmados/Tratdos_firmados_con_méxico/América_latina/Iniciativas_bilaterales/Colombia/respaldo_docs_imagen/Colombia_decisiones19.pdf,17528,0.02,2025-10-14T13:10:56,2025-10-16T15:10:19.126392,.pdf,60b9086910d33665627e5826e1f4cbb9
Colombia_decisiones4.pdf,/home/elias/Documentos/Embeddings/SIEM/SIEM/Marco_jurídico/02_Tratados_internacionales/Comercio_exterior_paises_con_tratados_firmados/Tratdos_firmados_con_méxico/América_latina/Iniciativas_bilaterales/Colombia/respaldo_docs_imagen/Colombia_decisiones4.pdf,SIEM/Marco_jurídico/02_Tratados_internacionales/Comercio_exterior_paises_con_tratados_firmados/Tratdos_firmados_con_méxico/América_latina/Iniciativas_bilaterales/Colombia/respaldo_docs_imagen/Colombia_decisiones4.pdf,37415,0.04,2025-10-14T13:10:58,2025-10-16T15:10:19.182138,.pdf,45bab520b8b48b649a630c823ea5ecd1
Colombia_decisiones37.pdf,/home/elias/Documentos/Embeddings/SIEM/SIEM/Marco_jurídico/02_Tratados_internacionales/Comercio_exterior_paises_con_tratados_firmados/Tratdos_firmados_con_méxico/América_latina/Iniciativas_bilaterales/Colombia/respaldo_docs_imagen/Colombia_decisiones37.pdf,SIEM/Marco_jurídico/02_Tratados_internacionales/Comercio_exterior_paises_con_tratados_firmados/Tratdos_firmados_con_méxico/América_latina/Iniciativas_bilaterales/Colombia/respaldo_docs_imagen/Colombia_decisiones37.pdf,129564,0.12,2025-10-14T13:25:30,2025-10-16T15:10:19.177253,.pdf,64307759863b43daf1b3aec83bcc1cb9
Colombia_decisiones38.pdf,/home/elias/Documentos/Embeddings/SIEM/SIEM/Marco_jurídico/02_Tratados_internacionales/Comercio_exterior_paises_con_tratados_firmados/Tratdos_firmados_con_méxico/América_latina/Iniciativas_bilaterales/Colombia/respaldo_docs_imagen/Colombia_decisiones38.pdf,SIEM/Marco_jurídico/02_Tratados_internacionales/Comercio_exterior_paises_con_tratados_firmados/Tratdos_firmados_con_méxico/América_latina/Iniciativas_bilaterales/Colombia/respaldo_docs_imagen/Colombia_decisiones38.pdf,35760,0.03,2025-10-14T13:25:30,2025-10-16T15:10:19.178432,.pdf,9298ce0bdbb412435cd175c7345bf094
Colombia_decisiones42.pdf,/home/elias/Documentos/Embeddings/SIEM/SIEM/Marco_jurídico/02_Tratados_internacionales/Comercio_exterior_paises_con_tratados_firmados/Tratdos_firmados_con_méxico/América_latina/Iniciativas_bilaterales/Colombia/respaldo_docs_imagen/Colombia_decisiones42.pdf,SIEM/Marco_jurídico/02_Tratados_internacionales/Comercio_exterior_paises_con_tratados_firmados/Tratdos_firmados_con_méxico/América_latina/Iniciativas_bilaterales/Colombia/respaldo_docs_imagen/Colombia_decisiones42.pdf,2082129,1.99,2025-10-14T13:25:30,2025-10-16T15:10:19.238543,.pdf,4e01a93ae6591220c4c64bc4735ff817
Colombia_decisiones41.pdf,/home/elias/Documentos/Embeddings/SIEM/SIEM/Marco_jurídico/02_Tratados_internacionales/Comercio_exterior_paises_con_tratados_firmados/Tratdos_firmados_con_méxico/América_latina/Iniciativas_bilaterales/Colombia/respaldo_docs_imagen/Colombia_decisiones41.pdf,SIEM/Marco_jurídico/02_Tratados_internacionales/Comercio_exterior_paises_con_tratados_firmados/Tratdos_firmados_con_méxico/América_latina/Iniciativas_bilaterales/Colombia/respaldo_docs_imagen/Colombia_decisiones41.pdf,45897,0.04,2025-10-14T13:25:30,2025-10-16T15:10:19.186316,.pdf,6e80b82e3b2f572da7268e7323659268
Colombia_decisiones29.pdf,/home/elias/Documentos/Embeddings/SIEM/SIEM/Marco_jurídico/02_Tratados_internacionales/Comercio_exterior_paises_con_tratados_firmados/Tratdos_firmados_con_méxico/América_latina/Iniciativas_bilaterales/Colombia/respaldo_docs_imagen/Colombia_decisiones29.pdf,SIEM/Marco_jurídico/02_Tratados_internacionales/Comercio_exterior_paises_con_tratados_firmados/Tratdos_firmados_con_méxico/América_latina/Iniciativas_bilaterales/Colombia/respaldo_docs_imagen/Colombia_decisiones29.pdf,22097,0.02,2025-10-14T13:25:30,2025-10-16T15:10:19.160362,.pdf,3e997fff71822d39f184e8133e4518ec
Colombia_decisiones43.pdf,/home/elias/Documentos/Embeddings/SIEM/SIEM/Marco_jurídico/02_Tratados_internacionales/Comercio_exterior_paises_con_tratados_firmados/Tratdos_firmados_con_méxico/América_latina/Iniciativas_bilaterales/Colombia/respaldo_docs_imagen/Colombia_decisiones43.pdf,SIEM/Marco_jurídico/02_Tratados_internacionales/Comercio_exterior_paises_con_tratados_firmados/Tratdos_firmados_con_méxico/América_latina/Iniciativas_bilaterales/Colombia/respaldo_docs_imagen/Colombia_decisiones43.pdf,77961,0.07,2025-10-14T13:25:30,2025-10-16T15:10:19.240843,.pdf,feeb6079be0c8e175c1db134139b25ec
Colombia_decisiones31.pdf,/home/elias/Documentos/Embeddings/SIEM/SIEM/Marco_jurídico/02_Tratados_internacionales/Comercio_exterior_paises_con_tratados_firmados/Tratdos_firmados_con_méxico/América_latina/Iniciativas_bilaterales/Colombia/respaldo_docs_imagen/Colombia_decisiones31.pdf,SIEM/Marco_jurídico/02_Tratados_internacionales/Comercio_exterior_paises_con_tratados_firmados/Tratdos_firmados_con_méxico/América_latina/Iniciativas_bilaterales/Colombia/respaldo_docs_imagen/Colombia_decisiones31.pdf,22417,0.02,2025-10-14T13:25:30,2025-10-16T15:10:19.165237,.pdf,1c5f7b426f5006d0773c4f475a38968b
Colombia_decisiones32.pdf,/home/elias/Documentos/Embeddings/SIEM/SIEM/Marco_jurídico/02_Tratados_internacionales/Comercio_exterior_paises_con_tratados_firmados/Tratdos_firmados_con_méxico/América_latina/Iniciativas_bilaterales/Colombia/respaldo_docs_imagen/Colombia_decisiones32.pdf,SIEM/Marco_jurídico/02_Tratados_internacionales/Comercio_exterior_paises_con_tratados_firmados/Tratdos_firmados_con_méxico/América_latina/Iniciativas_bilaterales/Colombia/respaldo_docs_imagen/Colombia_decisiones32.pdf,22285,0.02,2025-10-14T13:25:30,2025-10-16T15:10:19.166514,.pdf,9a4036fc18eb6d0c49907c4864550b9e
Colombia_decisiones36.pdf,/home/elias/Documentos/Embeddings/SIEM/SIEM/Marco_jurídico/02_Tratados_internacionales/Comercio_exterior_paises_con_tratados_firmados/Tratdos_firmados_con_méxico/América_latina/Iniciativas_bilaterales/Colombia/respaldo_docs_imagen/Colombia_decisiones36.pdf,SIEM/Marco_jurídico/02_Tratados_internacionales/Comercio_exterior_paises_con_tratados_firmados/Tratdos_firmados_con_méxico/América_latina/Iniciativas_bilaterales/Colombia/respaldo_docs_imagen/Colombia_decisiones36.pdf,17275,0.02,2025-10-14T13:25:30,2025-10-16T15:10:19.172803,.pdf,4fc16eb87f044e49689400517272b220
Colombia_decisiones17.pdf,/home/elias/Documentos/Embeddings/SIEM/SIEM/Marco_jurídico/02_Tratados_internacionales/Comercio_exterior_paises_con_tratados_firmados/Tratdos_firmados_con_méxico/América_latina/Iniciativas_bilaterales/Colombia/respaldo_docs_imagen/Colombia_decisiones17.pdf,SIEM/Marco_jurídico/02_Tratados_internacionales/Comercio_exterior_paises_con_tratados_firmados/Tratdos_firmados_con_méxico/América_latina/Iniciativas_bilaterales/Colombia/respaldo_docs_imagen/Colombia_decisiones17.pdf,23296,0.02,2025-10-14T13:10:56,2025-10-16T15:10:19.119541,.pdf,e71b20ecda12d868dc5f27bddc9bd355
Colombia_decisiones21.pdf,/home/elias/Documentos/Embeddings/SIEM/SIEM/Marco_jurídico/02_Tratados_internacionales/Comercio_exterior_paises_con_tratados_firmados/Tratdos_firmados_con_méxico/América_latina/Iniciativas_bilaterales/Colombia/respaldo_docs_imagen/Colombia_decisiones21.pdf,SIEM/Marco_jurídico/02_Tratados_internacionales/Comercio_exterior_paises_con_tratados_firmados/Tratdos_firmados_con_méxico/América_latina/Iniciativas_bilaterales/Colombia/respaldo_docs_imagen/Colombia_decisiones21.pdf,17505,0.02,2025-10-14T13:10:56,2025-10-16T15:10:19.131195,.pdf,100abb4777645b139320891047feb187
Colombia_Decision_N__65.pdf,/home/elias/Documentos/Embeddings/SIEM/SIEM/Marco_jurídico/02_Tratados_internacionales/Comercio_exterior_paises_con_tratados_firmados/Tratdos_firmados_con_méxico/América_latina/Iniciativas_bilaterales/Colombia/respaldo_docs_imagen/Colombia_Decision_N__65.pdf,SIEM/Marco_jurídico/02_Tratados_internacionales/Comercio_exterior_paises_con_tratados_firmados/Tratdos_firmados_con_méxico/América_latina/Iniciativas_bilaterales/Colombia/respaldo_docs_imagen/Colombia_Decision_N__65.pdf,351088,0.33,2025-10-14T13:42:28,2025-10-16T15:10:19.316535,.pdf,1cd9f4203b6fe613afa82b8188bb3547
Colombia_decisiones6.pdf,/home/elias/Documentos/Embeddings/SIEM/SIEM/Marco_jurídico/02_Tratados_internacionales/Comercio_exterior_paises_con_tratados_firmados/Tratdos_firmados_con_méxico/América_latina/Iniciativas_bilaterales/Colombia/respaldo_docs_imagen/Colombia_decisiones6.pdf,SIEM/Marco_jurídico/02_Tratados_internacionales/Comercio_exterior_paises_con_tratados_firmados/Tratdos_firmados_con_méxico/América_latina/Iniciativas_bilaterales/Colombia/respaldo_docs_imagen/Colombia_decisiones6.pdf,24843,0.02,2025-10-14T13:10:58,2025-10-16T15:10:19.293314,.pdf,a7e891ee1b1264d36762656d116a1a5f
Colombia_decisiones30.pdf,/home/elias/Documentos/Embeddings/SIEM/SIEM/Marco_jurídico/02_Tratados_internacionales/Comercio_exterior_paises_con_tratados_firmados/Tratdos_firmados_con_méxico/América_latina/Iniciativas_bilaterales/Colombia/respaldo_docs_imagen/Colombia_decisiones30.pdf,SIEM/Marco_jurídico/02_Tratados_internacionales/Comercio_exterior_paises_con_tratados_firmados/Tratdos_firmados_con_méxico/América_latina/Iniciativas_bilaterales/Colombia/respaldo_docs_imagen/Colombia_decisiones30.pdf,106981,0.1,2025-10-14T13:25:30,2025-10-16T15:10:19.164372,.pdf,f9a238d8c26fadcfeb187d12b335e142
Colombia_decisiones45.pdf,/home/elias/Documentos/Embeddings/SIEM/SIEM/Marco_jurídico/02_Tratados_internacionales/Comercio_exterior_paises_con_tratados_firmados/Tratdos_firmados_con_méxico/América_latina/Iniciativas_bilaterales/Colombia/respaldo_docs_imagen/Colombia_decisiones45.pdf,SIEM/Marco_jurídico/02_Tratados_internacionales/Comercio_exterior_paises_con_tratados_firmados/Tratdos_firmados_con_méxico/América_latina/Iniciativas_bilaterales/Colombia/respaldo_docs_imagen/Colombia_decisiones45.pdf,63319,0.06,2025-10-14T13:25:30,2025-10-16T15:10:19.244692,.pdf,89baa18ecc792f9f5d57f63aa98be542
Colombia_decisiones54.pdf,/home/elias/Documentos/Embeddings/SIEM/SIEM/Marco_jurídico/02_Tratados_internacionales/Comercio_exterior_paises_con_tratados_firmados/Tratdos_firmados_con_méxico/América_latina/Iniciativas_bilaterales/Colombia/respaldo_docs_imagen/Colombia_decisiones54.pdf,SIEM/Marco_jurídico/02_Tratados_internacionales/Comercio_exterior_paises_con_tratados_firmados/Tratdos_firmados_con_méxico/América_latina/Iniciativas_bilaterales/Colombia/respaldo_docs_imagen/Colombia_decisiones54.pdf,180601,0.17,2025-10-14T13:25:28,2025-10-16T15:10:19.281211,.pdf,d79a9f5a9aa1f4b6b91cb71bf1ceb9bc
Colombia_decisiones10.pdf,/home/elias/Documentos/Embeddings/SIEM/SIEM/Marco_jurídico/02_Tratados_internacionales/Comercio_exterior_paises_con_tratados_firmados/Tratdos_firmados_con_méxico/América_latina/Iniciativas_bilaterales/Colombia/respaldo_docs_imagen/Colombia_decisiones10.pdf,SIEM/Marco_jurídico/02_Tratados_internacionales/Comercio_exterior_paises_con_tratados_firmados/Tratdos_firmados_con_méxico/América_latina/Iniciativas_bilaterales/Colombia/respaldo_docs_imagen/Colombia_decisiones10.pdf,182730,0.17,2025-10-14T13:10:58,2025-10-16T15:10:19.089985,.pdf,02956482b5c5ca0c589c42917986d749
Colombia_decisiones55.pdf,/home/elias/Documentos/Embeddings/SIEM/SIEM/Marco_jurídico/02_Tratados_internacionales/Comercio_exterior_paises_con_tratados_firmados/Tratdos_firmados_con_méxico/América_latina/Iniciativas_bilaterales/Colombia/respaldo_docs_imagen/Colombia_decisiones55.pdf,SIEM/Marco_jurídico/02_Tratados_internacionales/Comercio_exterior_paises_con_tratados_firmados/Tratdos_firmados_con_méxico/América_latina/Iniciativas_bilaterales/Colombia/respaldo_docs_imagen/Colombia_decisiones55.pdf,244818,0.23,2025-10-14T13:25:28,2025-10-16T15:10:19.287650,.pdf,40d543c5130da0baa596274c489a8425
MEX-paraguay_infografi.pdf,/home/elias/Documentos/Embeddings/SIEM/SIEM/Marco_jurídico/02_Tratados_internacionales/Comercio_exterior_paises_con_tratados_firmados/Tratdos_firmados_con_méxico/América_latina/Iniciativas_bilaterales/Paraguay/respaldo_docs_imagen/MEX-paraguay_infografi.pdf,SIEM/Marco_jurídico/02_Tratados_internacionales/Comercio_exterior_paises_con_tratados_firmados/Tratdos_firmados_con_méxico/América_latina/Iniciativas_bilaterales/Paraguay/respaldo_docs_imagen/MEX-paraguay_infografi.pdf,2291229,2.19,2025-10-14T15:17:08,2025-10-16T15:10:21.574967,.pdf,7105be7f41445f1b8a78338d3547ec77
imagen_Comercio_ficha_MxE.pdf,/home/elias/Documentos/Embeddings/SIEM/SIEM/Marco_jurídico/02_Tratados_internacionales/Comercio_exterior_paises_con_tratados_firmados/Tratdos_firmados_con_méxico/América_del_norte/Asuntos_bilateriales_méx_eeuu/imagen_Comercio_ficha_MxE.pdf,SIEM/Marco_jurídico/02_Tratados_internacionales/Comercio_exterior_paises_con_tratados_firmados/Tratdos_firmados_con_méxico/América_del_norte/Asuntos_bilateriales_méx_eeuu/imagen_Comercio_ficha_MxE.pdf,213007,0.2,2025-10-14T12:49:36,2025-10-16T15:10:12.916184,.pdf,eb47efc579cc9572633919fda88fe00d
imange_mecanismos_bilaterales.pdf,/home/elias/Documentos/Embeddings/SIEM/SIEM/Marco_jurídico/02_Tratados_internacionales/Comercio_exterior_paises_con_tratados_firmados/Tratdos_firmados_con_méxico/América_del_norte/Asuntos_bilateriales_méx_eeuu/imange_mecanismos_bilaterales.pdf,SIEM/Marco_jurídico/02_Tratados_internacionales/Comercio_exterior_paises_con_tratados_firmados/Tratdos_firmados_con_méxico/América_del_norte/Asuntos_bilateriales_méx_eeuu/imange_mecanismos_bilaterales.pdf,705862,0.67,2025-10-14T12:49:56,2025-10-16T15:10:12.934515,.pdf,00a54b72414120d8d4ae71dbe907d8f7
Anexo_I_-_2._Reglamentaciones_Uniformes__Cap._.pdf,/home/elias/Documentos/Embeddings/SIEM/SIEM/Marco_jurídico/02_Tratados_internacionales/Comercio_exterior_paises_con_tratados_firmados/Tratdos_firmados_con_méxico/América_del_norte/T_MEC/Anexo_I_-_2._Reglamentaciones_Uniformes__Cap._.pdf,SIEM/Marco_jurídico/02_Tratados_internacionales/Comercio_exterior_paises_con_tratados_firmados/Tratdos_firmados_con_méxico/América_del_norte/T_MEC/Anexo_I_-_2._Reglamentaciones_Uniformes__Cap._.pdf,1460213,1.39,2025-10-14T12:45:16,2025-10-16T15:10:13.007157,.pdf,17b646579d8844c51a51899376a37080
imagen_SE_SCE_UIEG_IED-Comercio_y_Potencial_M_xico-EEUU.pdf,/home/elias/Documentos/Embeddings/SIEM/SIEM/Marco_jurídico/02_Tratados_internacionales/Comercio_exterior_paises_con_tratados_firmados/Tratdos_firmados_con_méxico/América_del_norte/T_MEC/imagen_SE_SCE_UIEG_IED-Comercio_y_Potencial_M_xico-EEUU.pdf,SIEM/Marco_jurídico/02_Tratados_internacionales/Comercio_exterior_paises_con_tratados_firmados/Tratdos_firmados_con_méxico/América_del_norte/T_MEC/imagen_SE_SCE_UIEG_IED-Comercio_y_Potencial_M_xico-EEUU.pdf,1813658,1.73,2025-10-14T11:05:02,2025-10-16T15:10:13.105485,.pdf,d9817b5de7647f8442538cb714ae4778
Protocolo_Esp_Verificaci_n_CLEAN__2020_06_02_.pdf,/home/elias/Documentos/Embeddings/SIEM/SIEM/Marco_jurídico/02_Tratados_internacionales/Comercio_exterior_paises_con_tratados_firmados/Tratdos_firmados_con_méxico/América_del_norte/T_MEC/Protocolo_Esp_Verificaci_n_CLEAN__2020_06_02_.pdf,SIEM/Marco_jurídico/02_Tratados_internacionales/Comercio_exterior_paises_con_tratados_firmados/Tratdos_firmados_con_méxico/América_del_norte/T_MEC/Protocolo_Esp_Verificaci_n_CLEAN__2020_06_02_.pdf,418989,0.4,2025-10-14T12:36:36,2025-10-16T15:10:13.845193,.pdf,dc632df90d1164573a0dcac2d46a9a2b
imagen_SE_SCE_UIEG_IED-Comercio-Potencial___M_xico-Canad_.pdf,/home/elias/Documentos/Embeddings/SIEM/SIEM/Marco_jurídico/02_Tratados_internacionales/Comercio_exterior_paises_con_tratados_firmados/Tratdos_firmados_con_méxico/América_del_norte/T_MEC/imagen_SE_SCE_UIEG_IED-Comercio-Potencial___M_xico-Canad_.pdf,SIEM/Marco_jurídico/02_Tratados_internacionales/Comercio_exterior_paises_con_tratados_firmados/Tratdos_firmados_con_méxico/América_del_norte/T_MEC/imagen_SE_SCE_UIEG_IED-Comercio-Potencial___M_xico-Canad_.pdf,1616458,1.54,2025-10-14T11:04:56,2025-10-16T15:10:13.058952,.pdf,5bde91087eec3abba703014dcc683bc7
Acuerco_Cooperaci_n_Ambietal_T-MEC.pdf,/home/elias/Documentos/Embeddings/SIEM/SIEM/Marco_jurídico/02_Tratados_internacionales/Comercio_exterior_paises_con_tratados_firmados/Tratdos_firmados_con_méxico/América_del_norte/T_MEC/Acuerco_Cooperaci_n_Ambietal_T-MEC.pdf,SIEM/Marco_jurídico/02_Tratados_internacionales/Comercio_exterior_paises_con_tratados_firmados/Tratdos_firmados_con_méxico/América_del_norte/T_MEC/Acuerco_Cooperaci_n_Ambietal_T-MEC.pdf,86988,0.08,2025-10-14T12:38:50,2025-10-16T15:10:12.963297,.pdf,62ac9375fac862462752ab269334a6f4
Anexo_I_-_4._Reglamentaciones_Uniformes__Cap._.pdf,/home/elias/Documentos/Embeddings/SIEM/SIEM/Marco_jurídico/02_Tratados_internacionales/Comercio_exterior_paises_con_tratados_firmados/Tratdos_firmados_con_méxico/América_del_norte/T_MEC/Anexo_I_-_4._Reglamentaciones_Uniformes__Cap._.pdf,SIEM/Marco_jurídico/02_Tratados_internacionales/Comercio_exterior_paises_con_tratados_firmados/Tratdos_firmados_con_méxico/América_del_norte/T_MEC/Anexo_I_-_4._Reglamentaciones_Uniformes__Cap._.pdf,205019,0.2,2025-10-14T12:45:12,2025-10-16T15:10:13.012791,.pdf,3715bc0c3f6f70d8ec62fd6f759432df
Primera reunión de subsecretarios.pdf,/home/elias/Documentos/Embeddings/SIEM/SIEM/Marco_jurídico/02_Tratados_internacionales/Comercio_exterior_paises_con_tratados_firmados/Tratdos_firmados_con_méxico/América_del_norte/T_MEC/Primera reunión de subsecretarios.pdf,SIEM/Marco_jurídico/02_Tratados_internacionales/Comercio_exterior_paises_con_tratados_firmados/Tratdos_firmados_con_méxico/América_del_norte/T_MEC/Primera reunión de subsecretarios.pdf,57535,0.05,2025-10-14T12:27:30,2025-10-16T15:10:13.834152,.pdf,cb8a16020a6c326970b4fe14e97168d1
DIRECTIVAS_DEL_T-MEC_SOBRE_COMERCIO_INCLUSIVO_.pdf,/home/elias/Documentos/Embeddings/SIEM/SIEM/Marco_jurídico/02_Tratados_internacionales/Comercio_exterior_paises_con_tratados_firmados/Tratdos_firmados_con_méxico/América_del_norte/T_MEC/DIRECTIVAS_DEL_T-MEC_SOBRE_COMERCIO_INCLUSIVO_.pdf,SIEM/Marco_jurídico/02_Tratados_internacionales/Comercio_exterior_paises_con_tratados_firmados/Tratdos_firmados_con_méxico/América_del_norte/T_MEC/DIRECTIVAS_DEL_T-MEC_SOBRE_COMERCIO_INCLUSIVO_.pdf,103946,0.1,2025-10-14T12:26:48,2025-10-16T15:10:13.017446,.pdf,ea0fa19c8b3bd31465cc2785eff5bfb7
3._Espan_ol_Joint_Statement.pdf,/home/elias/Documentos/Embeddings/SIEM/SIEM/Marco_jurídico/02_Tratados_internacionales/Comercio_exterior_paises_con_tratados_firmados/Tratdos_firmados_con_méxico/América_del_norte/T_MEC/3._Espan_ol_Joint_Statement.pdf,SIEM/Marco_jurídico/02_Tratados_internacionales/Comercio_exterior_paises_con_tratados_firmados/Tratdos_firmados_con_méxico/América_del_norte/T_MEC/3._Espan_ol_Joint_Statement.pdf,193506,0.18,2025-10-14T12:22:10,2025-10-16T15:10:12.948533,.pdf,3627612232a0aa6ae1c3c11990e5da48
Ramsar_Carta_Respuesta_Letter_9_Dec_2019.pdf,/home/elias/Documentos/Embeddings/SIEM/SIEM/Marco_jurídico/02_Tratados_internacionales/Comercio_exterior_paises_con_tratados_firmados/Tratdos_firmados_con_méxico/América_del_norte/T_MEC/Ramsar_Carta_Respuesta_Letter_9_Dec_2019.pdf,SIEM/Marco_jurídico/02_Tratados_internacionales/Comercio_exterior_paises_con_tratados_firmados/Tratdos_firmados_con_méxico/América_del_norte/T_MEC/Ramsar_Carta_Respuesta_Letter_9_Dec_2019.pdf,61161,0.06,2025-10-14T12:38:36,2025-10-16T15:10:13.847165,.pdf,f570773e92d8d3df1f6e5981f20c9162
T-MEC_Protocolo.pdf,/home/elias/Documentos/Embeddings/SIEM/SIEM/Marco_jurídico/02_Tratados_internacionales/Comercio_exterior_paises_con_tratados_firmados/Tratdos_firmados_con_méxico/América_del_norte/T_MEC/T-MEC_Protocolo.pdf,SIEM/Marco_jurídico/02_Tratados_internacionales/Comercio_exterior_paises_con_tratados_firmados/Tratdos_firmados_con_méxico/América_del_norte/T_MEC/T-MEC_Protocolo.pdf,117850,0.11,2025-10-14T12:32:08,2025-10-16T15:10:15.401978,.pdf,314b709e476f620e0b0fdd47a3501d45
Reglamentación uniformes referentes a la interpretacion.pdf,/home/elias/Documentos/Embeddings/SIEM/SIEM/Marco_jurídico/02_Tratados_internacionales/Comercio_exterior_paises_con_tratados_firmados/Tratdos_firmados_con_méxico/América_del_norte/T_MEC/Reglamentación uniformes referentes a la interpretacion.pdf,SIEM/Marco_jurídico/02_Tratados_internacionales/Comercio_exterior_paises_con_tratados_firmados/Tratdos_firmados_con_méxico/América_del_norte/T_MEC/Reglamentación uniformes referentes a la interpretacion.pdf,62522262,59.63,2025-10-14T12:49:50,2025-10-16T15:10:15.395976,.pdf,6a8c3569344fc4de0919707ee6527682
Ado_Verificacion_Aduanera_Esp.pdf,/home/elias/Documentos/Embeddings/SIEM/SIEM/Marco_jurídico/02_Tratados_internacionales/Comercio_exterior_paises_con_tratados_firmados/Tratdos_firmados_con_méxico/América_del_norte/T_MEC/Ado_Verificacion_Aduanera_Esp.pdf,SIEM/Marco_jurídico/02_Tratados_internacionales/Comercio_exterior_paises_con_tratados_firmados/Tratdos_firmados_con_méxico/América_del_norte/T_MEC/Ado_Verificacion_Aduanera_Esp.pdf,128247,0.12,2025-10-14T12:38:26,2025-10-16T15:10:12.969081,.pdf,993d5383efe728d5b971cb1f012de387
imagen_tmec_mexico_exporta_a_canada.pdf,/home/elias/Documentos/Embeddings/SIEM/SIEM/Marco_jurídico/02_Tratados_internacionales/Comercio_exterior_paises_con_tratados_firmados/Tratdos_firmados_con_méxico/América_del_norte/T_MEC/imagen_tmec_mexico_exporta_a_canada.pdf,SIEM/Marco_jurídico/02_Tratados_internacionales/Comercio_exterior_paises_con_tratados_firmados/Tratdos_firmados_con_méxico/América_del_norte/T_MEC/imagen_tmec_mexico_exporta_a_canada.pdf,11140745,10.62,2025-10-14T11:04:50,2025-10-16T15:10:13.831465,.pdf,83c998febba096124d468656a0914480
imagen_T.MEC_TOMO_I_CAP_TULO_1_AL_13.pdf,/home/elias/Documentos/Embeddings/SIEM/SIEM/Marco_jurídico/02_Tratados_internacionales/Comercio_exterior_paises_con_tratados_firmados/Tratdos_firmados_con_méxico/América_del_norte/T_MEC/imagen_T.MEC_TOMO_I_CAP_TULO_1_AL_13.pdf,SIEM/Marco_jurídico/02_Tratados_internacionales/Comercio_exterior_paises_con_tratados_firmados/Tratdos_firmados_con_méxico/América_del_norte/T_MEC/imagen_T.MEC_TOMO_I_CAP_TULO_1_AL_13.pdf,9233728,8.81,2025-10-14T12:30:48,2025-10-16T15:10:13.554588,.pdf,9d037d721d1ee4cbe970210abb68c9ec
imagen_T.MEC_TOMO_II_CAP_TULO_14_AL_34_y_Acuerdos_Par.pdf,/home/elias/Documentos/Embeddings/SIEM/SIEM/Marco_jurídico/02_Tratados_internacionales/Comercio_exterior_paises_con_tratados_firmados/Tratdos_firmados_con_méxico/América_del_norte/T_MEC/imagen_T.MEC_TOMO_II_CAP_TULO_14_AL_34_y_Acuerdos_Par.pdf,SIEM/Marco_jurídico/02_Tratados_internacionales/Comercio_exterior_paises_con_tratados_firmados/Tratdos_firmados_con_méxico/América_del_norte/T_MEC/imagen_T.MEC_TOMO_II_CAP_TULO_14_AL_34_y_Acuerdos_Par.pdf,8768165,8.36,2025-10-14T12:31:38,2025-10-16T15:10:13.324683,.pdf,2f9a1a3515f655202f17d330ba92e038
imagen_MEX-CANADA_ficha_30.01.pdf,/home/elias/Documentos/Embeddings/SIEM/SIEM/Marco_jurídico/02_Tratados_internacionales/Comercio_exterior_paises_con_tratados_firmados/Tratdos_firmados_con_méxico/América_del_norte/Asuntos_bilaterales_mex_can/imagen_MEX-CANADA_ficha_30.01.pdf,SIEM/Marco_jurídico/02_Tratados_internacionales/Comercio_exterior_paises_con_tratados_firmados/Tratdos_firmados_con_méxico/América_del_norte/Asuntos_bilaterales_mex_can/imagen_MEX-CANADA_ficha_30.01.pdf,747619,0.71,2025-10-14T12:51:10,2025-10-16T15:10:12.908685,.pdf,5a2f6399085bdb5222e0a8da25e9e94d
imagen_Inversion-comercio_ficha.pdf,/home/elias/Documentos/Embeddings/SIEM/SIEM/Marco_jurídico/02_Tratados_internacionales/Comercio_exterior_paises_con_tratados_firmados/Tratdos_firmados_con_méxico/América_del_norte/Asuntos_bilaterales_mex_can/imagen_Inversion-comercio_ficha.pdf,SIEM/Marco_jurídico/02_Tratados_internacionales/Comercio_exterior_paises_con_tratados_firmados/Tratdos_firmados_con_méxico/América_del_norte/Asuntos_bilaterales_mex_can/imagen_Inversion-comercio_ficha.pdf,197530,0.19,2025-10-14T12:51:56,2025-10-16T15:10:12.889196,.pdf,524e90e5a2427c70ab0e9a0343d5e8ec
5CartaMXUSCheeses.pdf,/home/elias/Documentos/Embeddings/SIEM/SIEM/Marco_jurídico/02_Tratados_internacionales/Comercio_exterior_paises_con_tratados_firmados/Tratdos_firmados_con_méxico/América_del_norte/T_MEC/respados docs imagen/5CartaMXUSCheeses.pdf,SIEM/Marco_jurídico/02_Tratados_internacionales/Comercio_exterior_paises_con_tratados_firmados/Tratdos_firmados_con_méxico/América_del_norte/T_MEC/respados docs imagen/5CartaMXUSCheeses.pdf,456309,0.44,2025-10-14T12:37:34,2025-10-16T15:10:15.455995,.pdf,17811e5b4e998b86e6921cfd45be7cbe
3CartaMXUS232Process.pdf,/home/elias/Documentos/Embeddings/SIEM/SIEM/Marco_jurídico/02_Tratados_internacionales/Comercio_exterior_paises_con_tratados_firmados/Tratdos_firmados_con_méxico/América_del_norte/T_MEC/respados docs imagen/3CartaMXUS232Process.pdf,SIEM/Marco_jurídico/02_Tratados_internacionales/Comercio_exterior_paises_con_tratados_firmados/Tratdos_firmados_con_méxico/América_del_norte/T_MEC/respados docs imagen/3CartaMXUS232Process.pdf,444894,0.42,2025-10-14T12:38:08,2025-10-16T15:10:15.433160,.pdf,be1c654b607b46663fda91548b894c6c
8CartaMXUS232Autos.pdf,/home/elias/Documentos/Embeddings/SIEM/SIEM/Marco_jurídico/02_Tratados_internacionales/Comercio_exterior_paises_con_tratados_firmados/Tratdos_firmados_con_méxico/América_del_norte/T_MEC/respados docs imagen/8CartaMXUS232Autos.pdf,SIEM/Marco_jurídico/02_Tratados_internacionales/Comercio_exterior_paises_con_tratados_firmados/Tratdos_firmados_con_méxico/América_del_norte/T_MEC/respados docs imagen/8CartaMXUS232Autos.pdf,720963,0.69,2025-10-14T12:38:00,2025-10-16T15:10:15.493968,.pdf,47983d55e1a575d8bebb3565e699eb0e
6CartaMXUSDistilledSpirits.pdf,/home/elias/Documentos/Embeddings/SIEM/SIEM/Marco_jurídico/02_Tratados_internacionales/Comercio_exterior_paises_con_tratados_firmados/Tratdos_firmados_con_méxico/América_del_norte/T_MEC/respados docs imagen/6CartaMXUSDistilledSpirits.pdf,SIEM/Marco_jurídico/02_Tratados_internacionales/Comercio_exterior_paises_con_tratados_firmados/Tratdos_firmados_con_méxico/América_del_norte/T_MEC/respados docs imagen/6CartaMXUSDistilledSpirits.pdf,441697,0.42,2025-10-14T12:37:42,2025-10-16T15:10:15.467541,.pdf,61f2ff159e16c88786c05571a6ce2a02
2CartaMXUSBiologics.pdf,/home/elias/Documentos/Embeddings/SIEM/SIEM/Marco_jurídico/02_Tratados_internacionales/Comercio_exterior_paises_con_tratados_firmados/Tratdos_firmados_con_méxico/América_del_norte/T_MEC/respados docs imagen/2CartaMXUSBiologics.pdf,SIEM/Marco_jurídico/02_Tratados_internacionales/Comercio_exterior_paises_con_tratados_firmados/Tratdos_firmados_con_méxico/América_del_norte/T_MEC/respados docs imagen/2CartaMXUSBiologics.pdf,244577,0.23,2025-10-14T12:37:02,2025-10-16T15:10:15.421365,.pdf,bece8d55f8398a948cd7a89439c47dfa
1CartaMXUS232DisputeSettlement.pdf,/home/elias/Documentos/Embeddings/SIEM/SIEM/Marco_jurídico/02_Tratados_internacionales/Comercio_exterior_paises_con_tratados_firmados/Tratdos_firmados_con_méxico/América_del_norte/T_MEC/respados docs imagen/1CartaMXUS232DisputeSettlement.pdf,SIEM/Marco_jurídico/02_Tratados_internacionales/Comercio_exterior_paises_con_tratados_firmados/Tratdos_firmados_con_méxico/América_del_norte/T_MEC/respados docs imagen/1CartaMXUS232DisputeSettlement.pdf,414552,0.4,2025-10-14T12:38:18,2025-10-16T15:10:15.414960,.pdf,d0db4a86b06e6dd4e4f79749216e2a93
7CartaMXUSPriorUsers.pdf,/home/elias/Documentos/Embeddings/SIEM/SIEM/Marco_jurídico/02_Tratados_internacionales/Comercio_exterior_paises_con_tratados_firmados/Tratdos_firmados_con_méxico/América_del_norte/T_MEC/respados docs imagen/7CartaMXUSPriorUsers.pdf,SIEM/Marco_jurídico/02_Tratados_internacionales/Comercio_exterior_paises_con_tratados_firmados/Tratdos_firmados_con_méxico/América_del_norte/T_MEC/respados docs imagen/7CartaMXUSPriorUsers.pdf,256137,0.24,2025-10-14T12:37:50,2025-10-16T15:10:15.474865,.pdf,6fefc1446fbde66bba7a8f48870b41ae
4CartaMXUSAutoSafetyStandards.pdf,/home/elias/Documentos/Embeddings/SIEM/SIEM/Marco_jurídico/02_Tratados_internacionales/Comercio_exterior_paises_con_tratados_firmados/Tratdos_firmados_con_méxico/América_del_norte/T_MEC/respados docs imagen/4CartaMXUSAutoSafetyStandards.pdf,SIEM/Marco_jurídico/02_Tratados_internacionales/Comercio_exterior_paises_con_tratados_firmados/Tratdos_firmados_con_méxico/América_del_norte/T_MEC/respados docs imagen/4CartaMXUSAutoSafetyStandards.pdf,415933,0.4,2025-10-14T12:37:14,2025-10-16T15:10:15.444175,.pdf,4e6cf1d636b96433f1b4585935d2bd88
Compilado_Anexo2_3raRMRGCE_2025.pdf,/home/elias/Documentos/Embeddings/SIEM/SIEM/Marco_jurídico/04_Reglamentos_disposiciones/Tablas/Compilado_Anexo2_3raRMRGCE_2025.pdf,SIEM/Marco_jurídico/04_Reglamentos_disposiciones/Tablas/Compilado_Anexo2_3raRMRGCE_2025.pdf,5994681,5.72,2025-10-15T13:02:00,2025-10-16T15:10:34.952030,.pdf,eed90f02f70175fe5c75833102358699
D2 Inglés.pdf,/home/elias/Documentos/Embeddings/SIEM/SIEM/Marco_jurídico/04_Reglamentos_disposiciones/Tablas/D2 Inglés.pdf,SIEM/Marco_jurídico/04_Reglamentos_disposiciones/Tablas/D2 Inglés.pdf,588525,0.56,2025-10-15T13:06:54,2025-10-16T15:10:35.438801,.pdf,aed0feefe4b58dc8acd1637d2a67af90
1ra_modificacionAnexo22delasRGCE2025.pdf,/home/elias/Documentos/Embeddings/SIEM/SIEM/Marco_jurídico/04_Reglamentos_disposiciones/Tablas/1ra_modificacionAnexo22delasRGCE2025.pdf,SIEM/Marco_jurídico/04_Reglamentos_disposiciones/Tablas/1ra_modificacionAnexo22delasRGCE2025.pdf,47474,0.05,2025-10-15T12:34:10,2025-10-16T15:10:31.384471,.pdf,ff61c3211dc1ebd94b2a8bf81a1e0bca
Anexo9delasRGCEpara2025.pdf,/home/elias/Documentos/Embeddings/SIEM/SIEM/Marco_jurídico/04_Reglamentos_disposiciones/Tablas/Anexo9delasRGCEpara2025.pdf,SIEM/Marco_jurídico/04_Reglamentos_disposiciones/Tablas/Anexo9delasRGCEpara2025.pdf,262174,0.25,2025-10-15T12:34:12,2025-10-16T15:10:32.711678,.pdf,d1834337d732caa94db12670216c4985
Compilado_RGCE_2025_3raRMRGCE_2025.pdf,/home/elias/Documentos/Embeddings/SIEM/SIEM/Marco_jurídico/04_Reglamentos_disposiciones/Tablas/Compilado_RGCE_2025_3raRMRGCE_2025.pdf,SIEM/Marco_jurídico/04_Reglamentos_disposiciones/Tablas/Compilado_RGCE_2025_3raRMRGCE_2025.pdf,6445958,6.15,2025-10-15T13:02:02,2025-10-16T15:10:35.386739,.pdf,efe024d6e6bdd14d2b2b5e1d3badf7fc
Anexo14delasRGCEpara2025.pdf,/home/elias/Documentos/Embeddings/SIEM/SIEM/Marco_jurídico/04_Reglamentos_disposiciones/Tablas/Anexo14delasRGCEpara2025.pdf,SIEM/Marco_jurídico/04_Reglamentos_disposiciones/Tablas/Anexo14delasRGCEpara2025.pdf,246118,0.23,2025-10-15T12:34:10,2025-10-16T15:10:31.888343,.pdf,90d150adc42c7093f05f7163dc4d0084
Anexo12delasRGCEpara2025.pdf,/home/elias/Documentos/Embeddings/SIEM/SIEM/Marco_jurídico/04_Reglamentos_disposiciones/Tablas/Anexo12delasRGCEpara2025.pdf,SIEM/Marco_jurídico/04_Reglamentos_disposiciones/Tablas/Anexo12delasRGCEpara2025.pdf,22081,0.02,2025-10-15T12:34:12,2025-10-16T15:10:31.871021,.pdf,acc37ea59eea57bad323d0a819df0777
D3 Español.pdf,/home/elias/Documentos/Embeddings/SIEM/SIEM/Marco_jurídico/04_Reglamentos_disposiciones/Tablas/D3 Español.pdf,SIEM/Marco_jurídico/04_Reglamentos_disposiciones/Tablas/D3 Español.pdf,214504,0.2,2025-10-15T13:06:54,2025-10-16T15:10:35.454293,.pdf,207dde9c9eb5cf26f81b88015ba79e59
Anexo5delasRGCEpara2025.pdf,/home/elias/Documentos/Embeddings/SIEM/SIEM/Marco_jurídico/04_Reglamentos_disposiciones/Tablas/Anexo5delasRGCEpara2025.pdf,SIEM/Marco_jurídico/04_Reglamentos_disposiciones/Tablas/Anexo5delasRGCEpara2025.pdf,212698,0.2,2025-10-15T12:34:12,2025-10-16T15:10:32.643919,.pdf,0529409f7e8b79a40cd17c49f178090e
M1.8..pdf,/home/elias/Documentos/Embeddings/SIEM/SIEM/Marco_jurídico/04_Reglamentos_disposiciones/Tablas/M1.8..pdf,SIEM/Marco_jurídico/04_Reglamentos_disposiciones/Tablas/M1.8..pdf,87351,0.08,2025-10-15T13:12:38,2025-10-16T15:10:36.064565,.pdf,139e736aa931e1a7a4ca7a7355d48aa7
D3 Inglés.pdf,/home/elias/Documentos/Embeddings/SIEM/SIEM/Marco_jurídico/04_Reglamentos_disposiciones/Tablas/D3 Inglés.pdf,SIEM/Marco_jurídico/04_Reglamentos_disposiciones/Tablas/D3 Inglés.pdf,219304,0.21,2025-10-15T13:06:54,2025-10-16T15:10:35.467236,.pdf,87ceb648e4e7ce3606bf868aacf3214b
D4 Inglés.pdf,/home/elias/Documentos/Embeddings/SIEM/SIEM/Marco_jurídico/04_Reglamentos_disposiciones/Tablas/D4 Inglés.pdf,SIEM/Marco_jurídico/04_Reglamentos_disposiciones/Tablas/D4 Inglés.pdf,1468119,1.4,2025-10-15T13:06:54,2025-10-16T15:10:35.564983,.pdf,a4df248cf321192f192b222b5601845f
1ra_modificacion_Anexo1delasRGCE2025.pdf,/home/elias/Documentos/Embeddings/SIEM/SIEM/Marco_jurídico/04_Reglamentos_disposiciones/Tablas/1ra_modificacion_Anexo1delasRGCE2025.pdf,SIEM/Marco_jurídico/04_Reglamentos_disposiciones/Tablas/1ra_modificacion_Anexo1delasRGCE2025.pdf,195041,0.19,2025-10-15T12:34:14,2025-10-16T15:10:31.472239,.pdf,e51d7c7ae91bd2ecbf9e68ae2bec773a
2da_modificacionAnexo22_RGCE_2025.pdf,/home/elias/Documentos/Embeddings/SIEM/SIEM/Marco_jurídico/04_Reglamentos_disposiciones/Tablas/2da_modificacionAnexo22_RGCE_2025.pdf,SIEM/Marco_jurídico/04_Reglamentos_disposiciones/Tablas/2da_modificacionAnexo22_RGCE_2025.pdf,77079,0.07,2025-10-15T12:34:10,2025-10-16T15:10:31.507349,.pdf,4a04647ae3a058cc954186b570f38192
Anexo15delasRGCEpara2025.pdf,/home/elias/Documentos/Embeddings/SIEM/SIEM/Marco_jurídico/04_Reglamentos_disposiciones/Tablas/Anexo15delasRGCEpara2025.pdf,SIEM/Marco_jurídico/04_Reglamentos_disposiciones/Tablas/Anexo15delasRGCEpara2025.pdf,886948,0.85,2025-10-15T12:34:10,2025-10-16T15:10:31.918518,.pdf,8a94b89765689b01c6074d2a2b72b85e
3raModificacionAnexo2_5taRMRGCE_2025_SegundaVersionAnticipada.pdf,/home/elias/Documentos/Embeddings/SIEM/SIEM/Marco_jurídico/04_Reglamentos_disposiciones/Tablas/3raModificacionAnexo2_5taRMRGCE_2025_SegundaVersionAnticipada.pdf,SIEM/Marco_jurídico/04_Reglamentos_disposiciones/Tablas/3raModificacionAnexo2_5taRMRGCE_2025_SegundaVersionAnticipada.pdf,156669,0.15,2025-10-15T12:58:28,2025-10-16T15:10:31.703011,.pdf,c3fb6a9222149056c747b89c47d7eecf
Anexo21delasRGCEpara2025.pdf,/home/elias/Documentos/Embeddings/SIEM/SIEM/Marco_jurídico/04_Reglamentos_disposiciones/Tablas/Anexo21delasRGCEpara2025.pdf,SIEM/Marco_jurídico/04_Reglamentos_disposiciones/Tablas/Anexo21delasRGCEpara2025.pdf,435008,0.41,2025-10-15T12:34:10,2025-10-16T15:10:32.354707,.pdf,8f8c5e3a2d6ff71b877e98d4b107aba9
1ra_modificacion_Anexo29_RGCE_2025.pdf,/home/elias/Documentos/Embeddings/SIEM/SIEM/Marco_jurídico/04_Reglamentos_disposiciones/Tablas/1ra_modificacion_Anexo29_RGCE_2025.pdf,SIEM/Marco_jurídico/04_Reglamentos_disposiciones/Tablas/1ra_modificacion_Anexo29_RGCE_2025.pdf,67463,0.06,2025-10-15T12:34:08,2025-10-16T15:10:31.482585,.pdf,c22e64aa51f73ecddad6e04e03a7245c
Anexo2delasRGCEpara2025.pdf,/home/elias/Documentos/Embeddings/SIEM/SIEM/Marco_jurídico/04_Reglamentos_disposiciones/Tablas/Anexo2delasRGCEpara2025.pdf,SIEM/Marco_jurídico/04_Reglamentos_disposiciones/Tablas/Anexo2delasRGCEpara2025.pdf,3268572,3.12,2025-10-15T12:34:14,2025-10-16T15:10:32.605344,.pdf,3a0157ff9322daba14332ac1d8e3d5f5
M1.4..pdf,/home/elias/Documentos/Embeddings/SIEM/SIEM/Marco_jurídico/04_Reglamentos_disposiciones/Tablas/M1.4..pdf,SIEM/Marco_jurídico/04_Reglamentos_disposiciones/Tablas/M1.4..pdf,23473,0.02,2025-10-15T13:12:38,2025-10-16T15:10:36.012544,.pdf,548eca2118b93ff2bf94ca6b0372d459
Anexo7delasRGCEpara2025.pdf,/home/elias/Documentos/Embeddings/SIEM/SIEM/Marco_jurídico/04_Reglamentos_disposiciones/Tablas/Anexo7delasRGCEpara2025.pdf,SIEM/Marco_jurídico/04_Reglamentos_disposiciones/Tablas/Anexo7delasRGCEpara2025.pdf,95361,0.09,2025-10-15T12:34:12,2025-10-16T15:10:32.666300,.pdf,a4a10d8bc8d8745740f00c4f918bd048
M1.10..pdf,/home/elias/Documentos/Embeddings/SIEM/SIEM/Marco_jurídico/04_Reglamentos_disposiciones/Tablas/M1.10..pdf,SIEM/Marco_jurídico/04_Reglamentos_disposiciones/Tablas/M1.10..pdf,75200,0.07,2025-10-15T13:12:38,2025-10-16T15:10:35.966173,.pdf,200056e567ae2d81f4878fd92322f564
Anexo22delasRGCEpara2025.pdf,/home/elias/Documentos/Embeddings/SIEM/SIEM/Marco_jurídico/04_Reglamentos_disposiciones/Tablas/Anexo22delasRGCEpara2025.pdf,SIEM/Marco_jurídico/04_Reglamentos_disposiciones/Tablas/Anexo22delasRGCEpara2025.pdf,1368711,1.31,2025-10-15T12:34:10,2025-10-16T15:10:32.395562,.pdf,a3fbe5acffc94ccd30dc2c392bfa4a33
1raVersionAnticipada_1raModificacion_Anexo2_RGCE2025.pdf,/home/elias/Documentos/Embeddings/SIEM/SIEM/Marco_jurídico/04_Reglamentos_disposiciones/Tablas/1raVersionAnticipada_1raModificacion_Anexo2_RGCE2025.pdf,SIEM/Marco_jurídico/04_Reglamentos_disposiciones/Tablas/1raVersionAnticipada_1raModificacion_Anexo2_RGCE2025.pdf,1972139,1.88,2025-10-15T12:58:28,2025-10-16T15:10:31.380109,.pdf,f3a3bc34d3d91651ebc0953ce2a10c1f
D4 Español.pdf,/home/elias/Documentos/Embeddings/SIEM/SIEM/Marco_jurídico/04_Reglamentos_disposiciones/Tablas/D4 Español.pdf,SIEM/Marco_jurídico/04_Reglamentos_disposiciones/Tablas/D4 Español.pdf,1613835,1.54,2025-10-15T13:06:54,2025-10-16T15:10:35.519485,.pdf,fde2561a5d242510d729838e9f185f5e
M1.5..pdf,/home/elias/Documentos/Embeddings/SIEM/SIEM/Marco_jurídico/04_Reglamentos_disposiciones/Tablas/M1.5..pdf,SIEM/Marco_jurídico/04_Reglamentos_disposiciones/Tablas/M1.5..pdf,172874,0.16,2025-10-15T13:12:38,2025-10-16T15:10:36.028064,.pdf,ecb569b760b8be78d8c71362dadb2818
3raModificacionAnexo1_5taRMRGCE_2025_SegundaVersionAnticipada.pdf,/home/elias/Documentos/Embeddings/SIEM/SIEM/Marco_jurídico/04_Reglamentos_disposiciones/Tablas/3raModificacionAnexo1_5taRMRGCE_2025_SegundaVersionAnticipada.pdf,SIEM/Marco_jurídico/04_Reglamentos_disposiciones/Tablas/3raModificacionAnexo1_5taRMRGCE_2025_SegundaVersionAnticipada.pdf,2468194,2.35,2025-10-15T12:58:28,2025-10-16T15:10:31.693099,.pdf,6404ad5824c8f86444df93eac5bb6025
2da_modificacion_Anexo1_RGCE_2025.pdf,/home/elias/Documentos/Embeddings/SIEM/SIEM/Marco_jurídico/04_Reglamentos_disposiciones/Tablas/2da_modificacion_Anexo1_RGCE_2025.pdf,SIEM/Marco_jurídico/04_Reglamentos_disposiciones/Tablas/2da_modificacion_Anexo1_RGCE_2025.pdf,189008,0.18,2025-10-15T12:34:14,2025-10-16T15:10:31.522174,.pdf,3d0a935c11ff989322df7a59f211916f
Compilado_Anexo4_3raRMRGCE_2025.pdf,/home/elias/Documentos/Embeddings/SIEM/SIEM/Marco_jurídico/04_Reglamentos_disposiciones/Tablas/Compilado_Anexo4_3raRMRGCE_2025.pdf,SIEM/Marco_jurídico/04_Reglamentos_disposiciones/Tablas/Compilado_Anexo4_3raRMRGCE_2025.pdf,259955,0.25,2025-10-15T13:02:00,2025-10-16T15:10:34.965496,.pdf,806f2c455484d8f1bd0088ed43de6730
M1.9..pdf,/home/elias/Documentos/Embeddings/SIEM/SIEM/Marco_jurídico/04_Reglamentos_disposiciones/Tablas/M1.9..pdf,SIEM/Marco_jurídico/04_Reglamentos_disposiciones/Tablas/M1.9..pdf,28283,0.03,2025-10-15T13:12:38,2025-10-16T15:10:36.075256,.pdf,46e23e9efbffb049fad5cf568457dbe7
E1.pdf,/home/elias/Documentos/Embeddings/SIEM/SIEM/Marco_jurídico/04_Reglamentos_disposiciones/Tablas/E1.pdf,SIEM/Marco_jurídico/04_Reglamentos_disposiciones/Tablas/E1.pdf,70193,0.07,2025-10-15T13:06:54,2025-10-16T15:10:35.745023,.pdf,4cbc0d8d5800a1913fa3007ebeef88e3
CompiladoAnexo2_1raRMRGCE2025.pdf,/home/elias/Documentos/Embeddings/SIEM/SIEM/Marco_jurídico/04_Reglamentos_disposiciones/Tablas/CompiladoAnexo2_1raRMRGCE2025.pdf,SIEM/Marco_jurídico/04_Reglamentos_disposiciones/Tablas/CompiladoAnexo2_1raRMRGCE2025.pdf,5808525,5.54,2025-10-15T13:02:00,2025-10-16T15:10:33.903022,.pdf,701a7c3433a64257b67ed3292866c845
Anexo8delasRGCEpara2025.pdf,/home/elias/Documentos/Embeddings/SIEM/SIEM/Marco_jurídico/04_Reglamentos_disposiciones/Tablas/Anexo8delasRGCEpara2025.pdf,SIEM/Marco_jurídico/04_Reglamentos_disposiciones/Tablas/Anexo8delasRGCEpara2025.pdf,860176,0.82,2025-10-15T12:34:12,2025-10-16T15:10:32.700083,.pdf,734924953119a44be19c977e07fc7216
Anexo23delasRGCEpara2025.pdf,/home/elias/Documentos/Embeddings/SIEM/SIEM/Marco_jurídico/04_Reglamentos_disposiciones/Tablas/Anexo23delasRGCEpara2025.pdf,SIEM/Marco_jurídico/04_Reglamentos_disposiciones/Tablas/Anexo23delasRGCEpara2025.pdf,223131,0.21,2025-10-15T12:34:10,2025-10-16T15:10:32.402764,.pdf,b4ebb5f0f3fe19d008881838841144e5
1ra_modificacion_Anexo10_RGCE_2025.pdf,/home/elias/Documentos/Embeddings/SIEM/SIEM/Marco_jurídico/04_Reglamentos_disposiciones/Tablas/1ra_modificacion_Anexo10_RGCE_2025.pdf,SIEM/Marco_jurídico/04_Reglamentos_disposiciones/Tablas/1ra_modificacion_Anexo10_RGCE_2025.pdf,109569,0.1,2025-10-15T12:34:12,2025-10-16T15:10:31.457838,.pdf,27a77a9c478b39ca26469aaf6a26b786
M1.7..pdf,/home/elias/Documentos/Embeddings/SIEM/SIEM/Marco_jurídico/04_Reglamentos_disposiciones/Tablas/M1.7..pdf,SIEM/Marco_jurídico/04_Reglamentos_disposiciones/Tablas/M1.7..pdf,119315,0.11,2025-10-15T13:12:38,2025-10-16T15:10:36.053070,.pdf,1951aaf4065fd2436f05c2ea20c88368
M1.2..pdf,/home/elias/Documentos/Embeddings/SIEM/SIEM/Marco_jurídico/04_Reglamentos_disposiciones/Tablas/M1.2..pdf,SIEM/Marco_jurídico/04_Reglamentos_disposiciones/Tablas/M1.2..pdf,20256,0.02,2025-10-15T13:12:38,2025-10-16T15:10:35.988926,.pdf,f65ed6c769fae6170a034addd97f9621
Anexo26delasRGCEpara2025.pdf,/home/elias/Documentos/Embeddings/SIEM/SIEM/Marco_jurídico/04_Reglamentos_disposiciones/Tablas/Anexo26delasRGCEpara2025.pdf,SIEM/Marco_jurídico/04_Reglamentos_disposiciones/Tablas/Anexo26delasRGCEpara2025.pdf,72846,0.07,2025-10-15T12:34:10,2025-10-16T15:10:32.411894,.pdf,e1d085971a1c03d4b43d5fd8f394d2de
D2 Español.pdf,/home/elias/Documentos/Embeddings/SIEM/SIEM/Marco_jurídico/04_Reglamentos_disposiciones/Tablas/D2 Español.pdf,SIEM/Marco_jurídico/04_Reglamentos_disposiciones/Tablas/D2 Español.pdf,604922,0.58,2025-10-15T13:06:54,2025-10-16T15:10:35.413057,.pdf,f83e9b1abb41827cf71a51a85fd7a398
Anexo3delasRGCEpara2025.pdf,/home/elias/Documentos/Embeddings/SIEM/SIEM/Marco_jurídico/04_Reglamentos_disposiciones/Tablas/Anexo3delasRGCEpara2025.pdf,SIEM/Marco_jurídico/04_Reglamentos_disposiciones/Tablas/Anexo3delasRGCEpara2025.pdf,23765,0.02,2025-10-15T12:34:14,2025-10-16T15:10:32.615196,.pdf,9cc1307584212e925fea0f81af8d0a84
Anexo27delasRGCEpara2025.pdf,/home/elias/Documentos/Embeddings/SIEM/SIEM/Marco_jurídico/04_Reglamentos_disposiciones/Tablas/Anexo27delasRGCEpara2025.pdf,SIEM/Marco_jurídico/04_Reglamentos_disposiciones/Tablas/Anexo27delasRGCEpara2025.pdf,1506953,1.44,2025-10-15T12:34:10,2025-10-16T15:10:32.463153,.pdf,72d523c0c127f016daffd2e41e5a3265
D5.pdf,/home/elias/Documentos/Embeddings/SIEM/SIEM/Marco_jurídico/04_Reglamentos_disposiciones/Tablas/D5.pdf,SIEM/Marco_jurídico/04_Reglamentos_disposiciones/Tablas/D5.pdf,1371777,1.31,2025-10-15T13:06:54,2025-10-16T15:10:35.613540,.pdf,f36ec9bcc16f2c0ae05eb6c8dd82e27a
3ra_modificacion_Anexo22_RGCE_2025.pdf,/home/elias/Documentos/Embeddings/SIEM/SIEM/Marco_jurídico/04_Reglamentos_disposiciones/Tablas/3ra_modificacion_Anexo22_RGCE_2025.pdf,SIEM/Marco_jurídico/04_Reglamentos_disposiciones/Tablas/3ra_modificacion_Anexo22_RGCE_2025.pdf,63146,0.06,2025-10-15T12:34:10,2025-10-16T15:10:31.713189,.pdf,be92666b21197f1ba8af1362f0419287
1ra_modificacion_Anexo4_RGCE_2025.pdf,/home/elias/Documentos/Embeddings/SIEM/SIEM/Marco_jurídico/04_Reglamentos_disposiciones/Tablas/1ra_modificacion_Anexo4_RGCE_2025.pdf,SIEM/Marco_jurídico/04_Reglamentos_disposiciones/Tablas/1ra_modificacion_Anexo4_RGCE_2025.pdf,43790,0.04,2025-10-15T12:34:12,2025-10-16T15:10:31.494707,.pdf,db8f8bcb0e837bfbd85f2c8600cae712
Anexo1delasRGCEpara2025.pdf,/home/elias/Documentos/Embeddings/SIEM/SIEM/Marco_jurídico/04_Reglamentos_disposiciones/Tablas/Anexo1delasRGCEpara2025.pdf,SIEM/Marco_jurídico/04_Reglamentos_disposiciones/Tablas/Anexo1delasRGCEpara2025.pdf,14186081,13.53,2025-10-15T12:34:14,2025-10-16T15:10:32.306558,.pdf,30ad0b365dce33408cc118b133edca96
Anexo20delasRGCEpara2025.pdf,/home/elias/Documentos/Embeddings/SIEM/SIEM/Marco_jurídico/04_Reglamentos_disposiciones/Tablas/Anexo20delasRGCEpara2025.pdf,SIEM/Marco_jurídico/04_Reglamentos_disposiciones/Tablas/Anexo20delasRGCEpara2025.pdf,664585,0.63,2025-10-15T12:34:10,2025-10-16T15:10:32.335122,.pdf,13cb65ec73ec194d54c71b1052fff898
Anexo10delasRGCEpara2025.pdf,/home/elias/Documentos/Embeddings/SIEM/SIEM/Marco_jurídico/04_Reglamentos_disposiciones/Tablas/Anexo10delasRGCEpara2025.pdf,SIEM/Marco_jurídico/04_Reglamentos_disposiciones/Tablas/Anexo10delasRGCEpara2025.pdf,1040250,0.99,2025-10-15T12:34:12,2025-10-16T15:10:31.868645,.pdf,10e21ed6708c0bdbb134d70c79c1ccdb
Anexo28delasRGCEpara2025.pdf,/home/elias/Documentos/Embeddings/SIEM/SIEM/Marco_jurídico/04_Reglamentos_disposiciones/Tablas/Anexo28delasRGCEpara2025.pdf,SIEM/Marco_jurídico/04_Reglamentos_disposiciones/Tablas/Anexo28delasRGCEpara2025.pdf,246631,0.24,2025-10-15T12:34:10,2025-10-16T15:10:32.477797,.pdf,6f65af2713f3a57bf1138d53e4ec1990
Compilado4taRMRGCE_2025.pdf,/home/elias/Documentos/Embeddings/SIEM/SIEM/Marco_jurídico/04_Reglamentos_disposiciones/Tablas/Compilado4taRMRGCE_2025.pdf,SIEM/Marco_jurídico/04_Reglamentos_disposiciones/Tablas/Compilado4taRMRGCE_2025.pdf,6448259,6.15,2025-10-15T13:02:00,2025-10-16T15:10:33.106236,.pdf,7ffda6c310c1aff3079c30cb6c33a5b7
M1.1..pdf,/home/elias/Documentos/Embeddings/SIEM/SIEM/Marco_jurídico/04_Reglamentos_disposiciones/Tablas/M1.1..pdf,SIEM/Marco_jurídico/04_Reglamentos_disposiciones/Tablas/M1.1..pdf,198055,0.19,2025-10-15T13:12:38,2025-10-16T15:10:35.956383,.pdf,c900ed62ed792ce3dc66d1c7170657bd
B1.pdf,/home/elias/Documentos/Embeddings/SIEM/SIEM/Marco_jurídico/04_Reglamentos_disposiciones/Tablas/B1.pdf,SIEM/Marco_jurídico/04_Reglamentos_disposiciones/Tablas/B1.pdf,459650,0.44,2025-10-15T13:06:54,2025-10-16T15:10:32.729658,.pdf,e34be6a6aed87968ac223a2001af21ba
CompiladoAnexo1_1raRMRGCE2025.pdf,/home/elias/Documentos/Embeddings/SIEM/SIEM/Marco_jurídico/04_Reglamentos_disposiciones/Tablas/CompiladoAnexo1_1raRMRGCE2025.pdf,SIEM/Marco_jurídico/04_Reglamentos_disposiciones/Tablas/CompiladoAnexo1_1raRMRGCE2025.pdf,19662643,18.75,2025-10-15T13:02:02,2025-10-16T15:10:33.646265,.pdf,f5112e1dca55059940903135690a41e3
D7 Español.pdf,/home/elias/Documentos/Embeddings/SIEM/SIEM/Marco_jurídico/04_Reglamentos_disposiciones/Tablas/D7 Español.pdf,SIEM/Marco_jurídico/04_Reglamentos_disposiciones/Tablas/D7 Español.pdf,675391,0.64,2025-10-15T13:06:54,2025-10-16T15:10:35.656813,.pdf,6bf3ba274155e673c85ae99da98bb59e
1ra_modificacionAnexo2delasRGCE2025.pdf,/home/elias/Documentos/Embeddings/SIEM/SIEM/Marco_jurídico/04_Reglamentos_disposiciones/Tablas/1ra_modificacionAnexo2delasRGCE2025.pdf,SIEM/Marco_jurídico/04_Reglamentos_disposiciones/Tablas/1ra_modificacionAnexo2delasRGCE2025.pdf,1752557,1.67,2025-10-15T12:34:14,2025-10-16T15:10:31.452324,.pdf,69a296bb089a59a6129500077e6fd6be
Compilado_Anexo10_3raRMRGCE_2025.pdf,/home/elias/Documentos/Embeddings/SIEM/SIEM/Marco_jurídico/04_Reglamentos_disposiciones/Tablas/Compilado_Anexo10_3raRMRGCE_2025.pdf,SIEM/Marco_jurídico/04_Reglamentos_disposiciones/Tablas/Compilado_Anexo10_3raRMRGCE_2025.pdf,1581783,1.51,2025-10-15T13:02:00,2025-10-16T15:10:34.159595,.pdf,a2af957bfa8f18141ffc981f3bab76d3
CompiladoAnexo19_1raRMRGCE2025.pdf,/home/elias/Documentos/Embeddings/SIEM/SIEM/Marco_jurídico/04_Reglamentos_disposiciones/Tablas/CompiladoAnexo19_1raRMRGCE2025.pdf,SIEM/Marco_jurídico/04_Reglamentos_disposiciones/Tablas/CompiladoAnexo19_1raRMRGCE2025.pdf,184057,0.18,2025-10-15T13:02:00,2025-10-16T15:10:33.119477,.pdf,67d297254642d86a69e4821c1659f325
Anexo4delasRGCEpara2025.pdf,/home/elias/Documentos/Embeddings/SIEM/SIEM/Marco_jurídico/04_Reglamentos_disposiciones/Tablas/Anexo4delasRGCEpara2025.pdf,SIEM/Marco_jurídico/04_Reglamentos_disposiciones/Tablas/Anexo4delasRGCEpara2025.pdf,127473,0.12,2025-10-15T12:34:14,2025-10-16T15:10:32.629527,.pdf,30ec06c1a8ff804ec7c692f24fbabdc8
CompiladoRGCE_1raRMRGCE2025.pdf,/home/elias/Documentos/Embeddings/SIEM/SIEM/Marco_jurídico/04_Reglamentos_disposiciones/Tablas/CompiladoRGCE_1raRMRGCE2025.pdf,SIEM/Marco_jurídico/04_Reglamentos_disposiciones/Tablas/CompiladoRGCE_1raRMRGCE2025.pdf,6353283,6.06,2025-10-15T13:02:02,2025-10-16T15:10:34.105205,.pdf,b41448f3d61c6d612b9910abc7ed5b83
Compilado_Anexo22_3raRMRGCE_2025.pdf,/home/elias/Documentos/Embeddings/SIEM/SIEM/Marco_jurídico/04_Reglamentos_disposiciones/Tablas/Compilado_Anexo22_3raRMRGCE_2025.pdf,SIEM/Marco_jurídico/04_Reglamentos_disposiciones/Tablas/Compilado_Anexo22_3raRMRGCE_2025.pdf,2438063,2.33,2025-10-15T13:02:00,2025-10-16T15:10:34.751218,.pdf,5d8b535709b279c39a70fc139aae87a0
1raVersionAnticipada_1raRMRGCE_2025.pdf,/home/elias/Documentos/Embeddings/SIEM/SIEM/Marco_jurídico/04_Reglamentos_disposiciones/Tablas/1raVersionAnticipada_1raRMRGCE_2025.pdf,SIEM/Marco_jurídico/04_Reglamentos_disposiciones/Tablas/1raVersionAnticipada_1raRMRGCE_2025.pdf,99167,0.09,2025-10-15T12:58:30,2025-10-16T15:10:31.383002,.pdf,6368f5b92e41fb245ba34649134ce2d3
M1.11..pdf,/home/elias/Documentos/Embeddings/SIEM/SIEM/Marco_jurídico/04_Reglamentos_disposiciones/Tablas/M1.11..pdf,SIEM/Marco_jurídico/04_Reglamentos_disposiciones/Tablas/M1.11..pdf,92857,0.09,2025-10-15T13:12:38,2025-10-16T15:10:35.978626,.pdf,7af0f4335eeffe2e79710910c9179419
M1.6..pdf,/home/elias/Documentos/Embeddings/SIEM/SIEM/Marco_jurídico/04_Reglamentos_disposiciones/Tablas/M1.6..pdf,SIEM/Marco_jurídico/04_Reglamentos_disposiciones/Tablas/M1.6..pdf,109074,0.1,2025-10-15T13:12:38,2025-10-16T15:10:36.040604,.pdf,ea4d471bee64849c84d5df5f5cf5f9fd
2da_modificacion_Anexo2_RGCE_2025.pdf,/home/elias/Documentos/Embeddings/SIEM/SIEM/Marco_jurídico/04_Reglamentos_disposiciones/Tablas/2da_modificacion_Anexo2_RGCE_2025.pdf,SIEM/Marco_jurídico/04_Reglamentos_disposiciones/Tablas/2da_modificacion_Anexo2_RGCE_2025.pdf,395331,0.38,2025-10-15T12:34:14,2025-10-16T15:10:31.540011,.pdf,e289f004c6df9f57a5368744ef136f52
D7 Inglés.pdf,/home/elias/Documentos/Embeddings/SIEM/SIEM/Marco_jurídico/04_Reglamentos_disposiciones/Tablas/D7 Inglés.pdf,SIEM/Marco_jurídico/04_Reglamentos_disposiciones/Tablas/D7 Inglés.pdf,486952,0.46,2025-10-15T13:06:54,2025-10-16T15:10:35.726835,.pdf,9916ba552976f163a8ea6e19b1254347
Compilado_Anexo1_3raRMRGCE_2025.pdf,/home/elias/Documentos/Embeddings/SIEM/SIEM/Marco_jurídico/04_Reglamentos_disposiciones/Tablas/Compilado_Anexo1_3raRMRGCE_2025.pdf,SIEM/Marco_jurídico/04_Reglamentos_disposiciones/Tablas/Compilado_Anexo1_3raRMRGCE_2025.pdf,19687939,18.78,2025-10-15T13:02:02,2025-10-16T15:10:34.679187,.pdf,4ad75920c4168d16059258730afd5264
CompiladoAnexo22_1raRMRGCE2025.pdf,/home/elias/Documentos/Embeddings/SIEM/SIEM/Marco_jurídico/04_Reglamentos_disposiciones/Tablas/CompiladoAnexo22_1raRMRGCE2025.pdf,SIEM/Marco_jurídico/04_Reglamentos_disposiciones/Tablas/CompiladoAnexo22_1raRMRGCE2025.pdf,2552640,2.43,2025-10-15T13:02:00,2025-10-16T15:10:33.732669,.pdf,75b7b590bfcd99b7794711e48852a37a
D7 Francés.pdf,/home/elias/Documentos/Embeddings/SIEM/SIEM/Marco_jurídico/04_Reglamentos_disposiciones/Tablas/D7 Francés.pdf,SIEM/Marco_jurídico/04_Reglamentos_disposiciones/Tablas/D7 Francés.pdf,1428394,1.36,2025-10-15T13:06:54,2025-10-16T15:10:35.703044,.pdf,5214a257bd480ccd772eb968bc6e1902
Compilado_Anexo29_3raRMRGCE_2025.pdf,/home/elias/Documentos/Embeddings/SIEM/SIEM/Marco_jurídico/04_Reglamentos_disposiciones/Tablas/Compilado_Anexo29_3raRMRGCE_2025.pdf,SIEM/Marco_jurídico/04_Reglamentos_disposiciones/Tablas/Compilado_Anexo29_3raRMRGCE_2025.pdf,152296,0.15,2025-10-15T13:02:00,2025-10-16T15:10:34.761582,.pdf,2c5d3645136a39bdffb0094bb2a7dcf6
B9.pdf,/home/elias/Documentos/Embeddings/SIEM/SIEM/Marco_jurídico/04_Reglamentos_disposiciones/Tablas/B9.pdf,SIEM/Marco_jurídico/04_Reglamentos_disposiciones/Tablas/B9.pdf,595038,0.57,2025-10-15T13:06:54,2025-10-16T15:10:32.891862,.pdf,d1400f48c63600ac7f0c8f98385f11cd
Anexo29delasRGCEpara2025.pdf,/home/elias/Documentos/Embeddings/SIEM/SIEM/Marco_jurídico/04_Reglamentos_disposiciones/Tablas/Anexo29delasRGCEpara2025.pdf,SIEM/Marco_jurídico/04_Reglamentos_disposiciones/Tablas/Anexo29delasRGCEpara2025.pdf,24235,0.02,2025-10-15T12:34:10,2025-10-16T15:10:32.486886,.pdf,770a118d07fdd72b1e97183ce44ae92c
Compilado_Anexo_22_2daRMRGCE_2025.pdf,/home/elias/Documentos/Embeddings/SIEM/SIEM/Marco_jurídico/04_Reglamentos_disposiciones/Tablas/Compilado_Anexo_22_2daRMRGCE_2025.pdf,SIEM/Marco_jurídico/04_Reglamentos_disposiciones/Tablas/Compilado_Anexo_22_2daRMRGCE_2025.pdf,2530560,2.41,2025-10-15T13:02:00,2025-10-16T15:10:35.051921,.pdf,76cd99e8201dd3aed1d8e054a22939c5
Anexo6delasRGCEpara2025.pdf,/home/elias/Documentos/Embeddings/SIEM/SIEM/Marco_jurídico/04_Reglamentos_disposiciones/Tablas/Anexo6delasRGCEpara2025.pdf,SIEM/Marco_jurídico/04_Reglamentos_disposiciones/Tablas/Anexo6delasRGCEpara2025.pdf,162110,0.15,2025-10-15T12:34:12,2025-10-16T15:10:32.655506,.pdf,f40805f046648a5e48dc2645e9721e4d
Compilado_RGCE_2025_2daRMRGCE_2025.pdf,/home/elias/Documentos/Embeddings/SIEM/SIEM/Marco_jurídico/04_Reglamentos_disposiciones/Tablas/Compilado_RGCE_2025_2daRMRGCE_2025.pdf,SIEM/Marco_jurídico/04_Reglamentos_disposiciones/Tablas/Compilado_RGCE_2025_2daRMRGCE_2025.pdf,3529978,3.37,2025-10-15T13:02:02,2025-10-16T15:10:35.159146,.pdf,b45279e6e83e47c4292b3d4baa2ca382
3raModificacionAnexo1_5taRMRGCE2025_PrimeraVersionAnticipada.pdf,/home/elias/Documentos/Embeddings/SIEM/SIEM/Marco_jurídico/04_Reglamentos_disposiciones/Tablas/3raModificacionAnexo1_5taRMRGCE2025_PrimeraVersionAnticipada.pdf,SIEM/Marco_jurídico/04_Reglamentos_disposiciones/Tablas/3raModificacionAnexo1_5taRMRGCE2025_PrimeraVersionAnticipada.pdf,2414628,2.3,2025-10-15T12:58:30,2025-10-16T15:10:31.620780,.pdf,30c509d662104c2458fb61d0af0a8c20
Anexo17delasRGCEpara2025.pdf,/home/elias/Documentos/Embeddings/SIEM/SIEM/Marco_jurídico/04_Reglamentos_disposiciones/Tablas/Anexo17delasRGCEpara2025.pdf,SIEM/Marco_jurídico/04_Reglamentos_disposiciones/Tablas/Anexo17delasRGCEpara2025.pdf,405165,0.39,2025-10-15T12:34:10,2025-10-16T15:10:31.934721,.pdf,0565ef98794eab2fd10aabafa79c6945
M1.3..pdf,/home/elias/Documentos/Embeddings/SIEM/SIEM/Marco_jurídico/04_Reglamentos_disposiciones/Tablas/M1.3..pdf,SIEM/Marco_jurídico/04_Reglamentos_disposiciones/Tablas/M1.3..pdf,21128,0.02,2025-10-15T13:12:38,2025-10-16T15:10:36.000708,.pdf,546ce479252a5ef9b0b54d8e7f2c34a8
137ssa12008.pdf,/home/elias/Documentos/Embeddings/SIEM/SIEM/Marco_jurídico/05_Normas_oficiales/tablas/137ssa12008.pdf,SIEM/Marco_jurídico/05_Normas_oficiales/tablas/137ssa12008.pdf,155841,0.15,2025-10-15T13:39:00,2025-10-16T15:10:37.117754,.pdf,1479ace9949cc16a489fbbcfca09bedb
005ener2016.pdf,/home/elias/Documentos/Embeddings/SIEM/SIEM/Marco_jurídico/05_Normas_oficiales/tablas/005ener2016.pdf,SIEM/Marco_jurídico/05_Normas_oficiales/tablas/005ener2016.pdf,494596,0.47,2025-10-15T13:35:52,2025-10-16T15:10:36.792322,.pdf,ec7318b53962e7259e43a936595fa440
051scfissa1mod.pdf,/home/elias/Documentos/Embeddings/SIEM/SIEM/Marco_jurídico/05_Normas_oficiales/tablas/051scfissa1mod.pdf,SIEM/Marco_jurídico/05_Normas_oficiales/tablas/051scfissa1mod.pdf,410306,0.39,2025-10-15T13:53:34,2025-10-16T15:10:37.003693,.pdf,9a6c99eb530865424388e13e9488cc2e
002sagpesc2013.pdf,/home/elias/Documentos/Embeddings/SIEM/SIEM/Marco_jurídico/05_Normas_oficiales/tablas/002sagpesc2013.pdf,SIEM/Marco_jurídico/05_Normas_oficiales/tablas/002sagpesc2013.pdf,1324972,1.26,2025-10-15T15:43:00,2025-10-16T15:10:36.752640,.pdf,2fe2ff9d7c49de927fbd1c65e466f751
025fito.pdf,/home/elias/Documentos/Embeddings/SIEM/SIEM/Marco_jurídico/05_Normas_oficiales/tablas/025fito.pdf,SIEM/Marco_jurídico/05_Normas_oficiales/tablas/025fito.pdf,125372,0.12,2025-10-15T14:08:44,2025-10-16T15:10:36.823774,.pdf,bec5b233b464123c83204cb775af9886
247ssa1.pdf,/home/elias/Documentos/Embeddings/SIEM/SIEM/Marco_jurídico/05_Normas_oficiales/tablas/247ssa1.pdf,SIEM/Marco_jurídico/05_Normas_oficiales/tablas/247ssa1.pdf,902265,0.86,2025-10-15T13:53:32,2025-10-16T15:10:37.322412,.pdf,cd6a69aae26a38a6c00ab9970542d752
182ssa1011.pdf,/home/elias/Documentos/Embeddings/SIEM/SIEM/Marco_jurídico/05_Normas_oficiales/tablas/182ssa1011.pdf,SIEM/Marco_jurídico/05_Normas_oficiales/tablas/182ssa1011.pdf,54871,0.05,2025-10-15T14:08:42,2025-10-16T15:10:37.153253,.pdf,6b272ba259bd85b0c3071ff63edf73c9
079fito.pdf,/home/elias/Documentos/Embeddings/SIEM/SIEM/Marco_jurídico/05_Normas_oficiales/tablas/079fito.pdf,SIEM/Marco_jurídico/05_Normas_oficiales/tablas/079fito.pdf,206319,0.2,2025-10-15T14:08:42,2025-10-16T15:10:37.051876,.pdf,24eda8d6a4c48c32c1f4ca590e1c2a05
193scfi2014.pdf,/home/elias/Documentos/Embeddings/SIEM/SIEM/Marco_jurídico/05_Normas_oficiales/tablas/193scfi2014.pdf,SIEM/Marco_jurídico/05_Normas_oficiales/tablas/193scfi2014.pdf,43679,0.04,2025-10-15T13:53:32,2025-10-16T15:10:37.190630,.pdf,7cb7ab8b14b9d072f60c0047e40818b0
162scfi.pdf,/home/elias/Documentos/Embeddings/SIEM/SIEM/Marco_jurídico/05_Normas_oficiales/tablas/162scfi.pdf,SIEM/Marco_jurídico/05_Normas_oficiales/tablas/162scfi.pdf,23321,0.02,2025-10-15T13:39:00,2025-10-16T15:10:37.140698,.pdf,b2594ab2eed5f3f9e62dcacd80512810
003saggan2017.pdf,/home/elias/Documentos/Embeddings/SIEM/SIEM/Marco_jurídico/05_Normas_oficiales/tablas/003saggan2017.pdf,SIEM/Marco_jurídico/05_Normas_oficiales/tablas/003saggan2017.pdf,179208,0.17,2025-10-15T15:43:00,2025-10-16T15:10:36.771868,.pdf,64d6b50818a36ca57548495db2dcd3f9
065sagpesc2015.pdf,/home/elias/Documentos/Embeddings/SIEM/SIEM/Marco_jurídico/05_Normas_oficiales/tablas/065sagpesc2015.pdf,SIEM/Marco_jurídico/05_Normas_oficiales/tablas/065sagpesc2015.pdf,403203,0.38,2025-10-15T15:43:00,2025-10-16T15:10:37.017383,.pdf,4903b49af0330dea9637f5de8b6f8c1e
006cna.pdf,/home/elias/Documentos/Embeddings/SIEM/SIEM/Marco_jurídico/05_Normas_oficiales/tablas/006cna.pdf,SIEM/Marco_jurídico/05_Normas_oficiales/tablas/006cna.pdf,181095,0.17,2025-10-15T13:39:00,2025-10-16T15:10:36.798976,.pdf,2a8343696f8740f61d4d77f0c8e64c27
041pesc.pdf,/home/elias/Documentos/Embeddings/SIEM/SIEM/Marco_jurídico/05_Normas_oficiales/tablas/041pesc.pdf,SIEM/Marco_jurídico/05_Normas_oficiales/tablas/041pesc.pdf,279315,0.27,2025-10-15T14:08:44,2025-10-16T15:10:36.919993,.pdf,cfa844d4b23cb91f6e3b96a172cf60f7
NOM-023-ENER-2018.pdf,/home/elias/Documentos/Embeddings/SIEM/SIEM/Marco_jurídico/05_Normas_oficiales/tablas/NOM-023-ENER-2018.pdf,SIEM/Marco_jurídico/05_Normas_oficiales/tablas/NOM-023-ENER-2018.pdf,1048577,1.0,2025-10-15T13:35:24,2025-10-16T15:10:37.539731,.pdf,8461ca68b17c8c4cf1e54ace1759f266
232ssa12010.pdf,/home/elias/Documentos/Embeddings/SIEM/SIEM/Marco_jurídico/05_Normas_oficiales/tablas/232ssa12010.pdf,SIEM/Marco_jurídico/05_Normas_oficiales/tablas/232ssa12010.pdf,319023,0.3,2025-10-15T13:39:00,2025-10-16T15:10:37.236669,.pdf,cc91da7cb42408e474d1de45f81fa346
066fito2002.pdf,/home/elias/Documentos/Embeddings/SIEM/SIEM/Marco_jurídico/05_Normas_oficiales/tablas/066fito2002.pdf,SIEM/Marco_jurídico/05_Normas_oficiales/tablas/066fito2002.pdf,101255,0.1,2025-10-15T14:08:42,2025-10-16T15:10:37.023872,.pdf,21cff06e2d44a248b313071d8b7fd1c8
06recnat.pdf,/home/elias/Documentos/Embeddings/SIEM/SIEM/Marco_jurídico/05_Normas_oficiales/tablas/06recnat.pdf,SIEM/Marco_jurídico/05_Normas_oficiales/tablas/06recnat.pdf,32119,0.03,2025-10-15T14:08:44,2025-10-16T15:10:37.035812,.pdf,7a7f12408f334d58b370bd6e4fc8389d
130ssa1.pdf,/home/elias/Documentos/Embeddings/SIEM/SIEM/Marco_jurídico/05_Normas_oficiales/tablas/130ssa1.pdf,SIEM/Marco_jurídico/05_Normas_oficiales/tablas/130ssa1.pdf,81586,0.08,2025-10-15T13:59:20,2025-10-16T15:10:37.073893,.pdf,b0fcf15f64d546328b249676227d589b
242ssa12011.pdf,/home/elias/Documentos/Embeddings/SIEM/SIEM/Marco_jurídico/05_Normas_oficiales/tablas/242ssa12011.pdf,SIEM/Marco_jurídico/05_Normas_oficiales/tablas/242ssa12011.pdf,850652,0.81,2025-10-15T13:53:36,2025-10-16T15:10:37.264366,.pdf,1694f63357bad25199b50263b04a06d2
nom158scfi03mod.pdf,/home/elias/Documentos/Embeddings/SIEM/SIEM/Marco_jurídico/05_Normas_oficiales/tablas/nom158scfi03mod.pdf,SIEM/Marco_jurídico/05_Normas_oficiales/tablas/nom158scfi03mod.pdf,70862,0.07,2025-10-15T13:53:32,2025-10-16T15:10:37.573488,.pdf,d5c16d873f52175569b47225a54ab600
030ener2017.pdf,/home/elias/Documentos/Embeddings/SIEM/SIEM/Marco_jurídico/05_Normas_oficiales/tablas/030ener2017.pdf,SIEM/Marco_jurídico/05_Normas_oficiales/tablas/030ener2017.pdf,953496,0.91,2025-10-15T13:35:52,2025-10-16T15:10:36.857720,.pdf,7ff21d6d859f71e172905f5aa76187cd
218ssa12012.pdf,/home/elias/Documentos/Embeddings/SIEM/SIEM/Marco_jurídico/05_Normas_oficiales/tablas/218ssa12012.pdf,SIEM/Marco_jurídico/05_Normas_oficiales/tablas/218ssa12012.pdf,563604,0.54,2025-10-15T13:53:32,2025-10-16T15:10:37.217937,.pdf,088ef449b62c5e6e9be314d711160249
183scfi2012.pdf,/home/elias/Documentos/Embeddings/SIEM/SIEM/Marco_jurídico/05_Normas_oficiales/tablas/183scfi2012.pdf,SIEM/Marco_jurídico/05_Normas_oficiales/tablas/183scfi2012.pdf,251307,0.24,2025-10-15T13:53:34,2025-10-16T15:10:37.170075,.pdf,20906b32ee95f67027dee9463e25090c
030pesc.pdf,/home/elias/Documentos/Embeddings/SIEM/SIEM/Marco_jurídico/05_Normas_oficiales/tablas/030pesc.pdf,SIEM/Marco_jurídico/05_Normas_oficiales/tablas/030pesc.pdf,79268,0.08,2025-10-15T14:08:44,2025-10-16T15:10:36.863007,.pdf,2d7f72318f0e9fca1db83d9567a90a10
07recnat.pdf,/home/elias/Documentos/Embeddings/SIEM/SIEM/Marco_jurídico/05_Normas_oficiales/tablas/07recnat.pdf,SIEM/Marco_jurídico/05_Normas_oficiales/tablas/07recnat.pdf,120398,0.11,2025-10-15T14:08:42,2025-10-16T15:10:37.062579,.pdf,349fa2bc13a356bc4a94b3ab41a4d7c0
043pesc2003.pdf,/home/elias/Documentos/Embeddings/SIEM/SIEM/Marco_jurídico/05_Normas_oficiales/tablas/043pesc2003.pdf,SIEM/Marco_jurídico/05_Normas_oficiales/tablas/043pesc2003.pdf,609915,0.58,2025-10-15T14:08:44,2025-10-16T15:10:36.970035,.pdf,4f6bb6fdbc9da586f38a71c742dab703
022-fito.pdf,/home/elias/Documentos/Embeddings/SIEM/SIEM/Marco_jurídico/05_Normas_oficiales/tablas/022-fito.pdf,SIEM/Marco_jurídico/05_Normas_oficiales/tablas/022-fito.pdf,61693,0.06,2025-10-15T14:08:40,2025-10-16T15:10:36.810236,.pdf,ef9f7064f09ec340ca91d3390e6441e7
042pesc.pdf,/home/elias/Documentos/Embeddings/SIEM/SIEM/Marco_jurídico/05_Normas_oficiales/tablas/042pesc.pdf,SIEM/Marco_jurídico/05_Normas_oficiales/tablas/042pesc.pdf,599996,0.57,2025-10-15T14:08:44,2025-10-16T15:10:36.942271,.pdf,81b0b21e95dc16c11fc4c879a6f02df0
NOM-213-SSA1-2018.pdf,/home/elias/Documentos/Embeddings/SIEM/SIEM/Marco_jurídico/05_Normas_oficiales/tablas/NOM-213-SSA1-2018.pdf,SIEM/Marco_jurídico/05_Normas_oficiales/tablas/NOM-213-SSA1-2018.pdf,299839,0.29,2025-10-15T13:53:32,2025-10-16T15:10:37.571438,.pdf,72ebdce9afc479558fe936727bb8e145
041fito.pdf,/home/elias/Documentos/Embeddings/SIEM/SIEM/Marco_jurídico/05_Normas_oficiales/tablas/041fito.pdf,SIEM/Marco_jurídico/05_Normas_oficiales/tablas/041fito.pdf,204747,0.2,2025-10-15T14:08:44,2025-10-16T15:10:36.905285,.pdf,8cbeeae42b7652d539995554950af3aa
NOM-169-SEMARNAT-2018.pdf,/home/elias/Documentos/Embeddings/SIEM/SIEM/Marco_jurídico/05_Normas_oficiales/tablas/NOM-169-SEMARNAT-2018.pdf,SIEM/Marco_jurídico/05_Normas_oficiales/tablas/NOM-169-SEMARNAT-2018.pdf,620409,0.59,2025-10-15T14:08:40,2025-10-16T15:10:37.557827,.pdf,1bfffc5f602fefe6fcc46213b7269101
mod012zoo.pdf,/home/elias/Documentos/Embeddings/SIEM/SIEM/Marco_jurídico/05_Normas_oficiales/tablas/mod012zoo.pdf,SIEM/Marco_jurídico/05_Normas_oficiales/tablas/mod012zoo.pdf,157673,0.15,2025-10-15T15:43:00,2025-10-16T15:10:37.343102,.pdf,73383cdb8003cb53e0b0366c85ef08b4
155scfi2012.pdf,/home/elias/Documentos/Embeddings/SIEM/SIEM/Marco_jurídico/05_Normas_oficiales/tablas/155scfi2012.pdf,SIEM/Marco_jurídico/05_Normas_oficiales/tablas/155scfi2012.pdf,368641,0.35,2025-10-15T13:53:34,2025-10-16T15:10:37.135579,.pdf,f4e71d675d8b01f5395af8f01924a36b
256ssa12013.pdf,/home/elias/Documentos/Embeddings/SIEM/SIEM/Marco_jurídico/05_Normas_oficiales/tablas/256ssa12013.pdf,SIEM/Marco_jurídico/05_Normas_oficiales/tablas/256ssa12013.pdf,52378,0.05,2025-10-15T14:08:42,2025-10-16T15:10:37.327981,.pdf,97463311003ffa044e091a3bac4db5d7
050pesc.pdf,/home/elias/Documentos/Embeddings/SIEM/SIEM/Marco_jurídico/05_Normas_oficiales/tablas/050pesc.pdf,SIEM/Marco_jurídico/05_Normas_oficiales/tablas/050pesc.pdf,327741,0.31,2025-10-15T14:08:42,2025-10-16T15:10:36.988141,.pdf,741c6f110b331f59d93c617cfde98400
002sedener2014.pdf,/home/elias/Documentos/Embeddings/SIEM/SIEM/Marco_jurídico/05_Normas_oficiales/tablas/002sedener2014.pdf,SIEM/Marco_jurídico/05_Normas_oficiales/tablas/002sedener2014.pdf,116500,0.11,2025-10-15T13:35:52,2025-10-16T15:10:36.758039,.pdf,8cb5666d55a9b6ad056f7cd6caf44559
131ssa12012.pdf,/home/elias/Documentos/Embeddings/SIEM/SIEM/Marco_jurídico/05_Normas_oficiales/tablas/131ssa12012.pdf,SIEM/Marco_jurídico/05_Normas_oficiales/tablas/131ssa12012.pdf,1016513,0.97,2025-10-15T13:53:36,2025-10-16T15:10:37.110337,.pdf,36675fe2bcfbfb980f719b4e12b348d1
040fito.pdf,/home/elias/Documentos/Embeddings/SIEM/SIEM/Marco_jurídico/05_Normas_oficiales/tablas/040fito.pdf,SIEM/Marco_jurídico/05_Normas_oficiales/tablas/040fito.pdf,121275,0.12,2025-10-15T14:08:44,2025-10-16T15:10:36.890879,.pdf,efb062047a24b83d11d08de069cac3eb
037pesc2004.pdf,/home/elias/Documentos/Embeddings/SIEM/SIEM/Marco_jurídico/05_Normas_oficiales/tablas/037pesc2004.pdf,SIEM/Marco_jurídico/05_Normas_oficiales/tablas/037pesc2004.pdf,306049,0.29,2025-10-15T14:08:44,2025-10-16T15:10:36.880622,.pdf,268977b1ed264caf699977409ebcb61d
NOM-204-SCFI-2017.pdf,/home/elias/Documentos/Embeddings/SIEM/SIEM/Marco_jurídico/05_Normas_oficiales/tablas/NOM-204-SCFI-2017.pdf,SIEM/Marco_jurídico/05_Normas_oficiales/tablas/NOM-204-SCFI-2017.pdf,218008,0.21,2025-10-15T13:39:00,2025-10-16T15:10:37.563591,.pdf,017f10706327cf78acc240454ce22db6
NOM-017-ASEA-2023.pdf,/home/elias/Documentos/Embeddings/SIEM/SIEM/Marco_jurídico/05_Normas_oficiales/tablas/NOM-017-ASEA-2023.pdf,SIEM/Marco_jurídico/05_Normas_oficiales/tablas/NOM-017-ASEA-2023.pdf,4768786,4.55,2025-10-15T14:08:42,2025-10-16T15:10:37.483405,.pdf,206bf693bdcda06489d6ebb43a53cf5c
001fito.pdf,/home/elias/Documentos/Embeddings/SIEM/SIEM/Marco_jurídico/05_Normas_oficiales/tablas/001fito.pdf,SIEM/Marco_jurídico/05_Normas_oficiales/tablas/001fito.pdf,66174,0.06,2025-10-15T14:08:44,2025-10-16T15:10:36.707242,.pdf,64ac3e5ef5d2d5a24785718f16268f3d
243ssa12010.pdf,/home/elias/Documentos/Embeddings/SIEM/SIEM/Marco_jurídico/05_Normas_oficiales/tablas/243ssa12010.pdf,SIEM/Marco_jurídico/05_Normas_oficiales/tablas/243ssa12010.pdf,904830,0.86,2025-10-15T13:53:32,2025-10-16T15:10:37.294679,.pdf,f2e9385a601b470cd3b3b7bf9856b9c1
190scfi2012.pdf,/home/elias/Documentos/Embeddings/SIEM/SIEM/Marco_jurídico/05_Normas_oficiales/tablas/190scfi2012.pdf,SIEM/Marco_jurídico/05_Normas_oficiales/tablas/190scfi2012.pdf,177588,0.17,2025-10-15T13:53:32,2025-10-16T15:10:37.181252,.pdf,e96161424f2880684dec8fac9ad06f57
Anexo 1-A_2a_versión_anticipada_24032025.docx.pdf,/home/elias/Documentos/Embeddings/SIEM/SIEM/CP/2aRM_RMF2025_Anexo1-A_Segunda_version_anticipada_24032025/Anexo 1-A_2a_versión_anticipada_24032025.docx.pdf,SIEM/CP/2aRM_RMF2025_Anexo1-A_Segunda_version_anticipada_24032025/Anexo 1-A_2a_versión_anticipada_24032025.docx.pdf,7545133,7.2,2025-10-15T16:46:46,2025-10-16T15:09:51.916067,.pdf,ed3f923805e24e20b6cd81655ffd49eb
2a RM RMF 2025-Segunda_versión_anticipada_24032025.pdf,/home/elias/Documentos/Embeddings/SIEM/SIEM/CP/2aRM_RMF2025_Anexo1-A_Segunda_version_anticipada_24032025/2a RM RMF 2025-Segunda_versión_anticipada_24032025.pdf,SIEM/CP/2aRM_RMF2025_Anexo1-A_Segunda_version_anticipada_24032025/2a RM RMF 2025-Segunda_versión_anticipada_24032025.pdf,108256,0.1,2025-10-15T16:46:46,2025-10-16T15:09:51.728994,.pdf,46bf4d0305829e8f249a2ca33a53f3f1
SHCP_301224_02.pdf,/home/elias/Documentos/Embeddings/SIEM/SIEM/CP/tablas/SHCP_301224_02.pdf,SIEM/CP/tablas/SHCP_301224_02.pdf,24852833,23.7,2025-10-16T10:18:44,2025-10-16T15:09:53.119635,.pdf,b066ed15984d3a45b208a17fadffb683
5a RM RMF 2025-Segunda_versión_anticipada_06102025.pdf,/home/elias/Documentos/Embeddings/SIEM/SIEM/CP/5aRM_RMF_2025-Segunda_version_anticipada_06102025/5a RM RMF 2025-Segunda_versión_anticipada_06102025.pdf,SIEM/CP/5aRM_RMF_2025-Segunda_version_anticipada_06102025/5a RM RMF 2025-Segunda_versión_anticipada_06102025.pdf,146819,0.14,2025-10-15T16:47:02,2025-10-16T15:09:51.944501,.pdf,59b7104a4118a98895dd650039c87106
Anexo 1-A_Cuarta modificación_2a. versión anticipada_06102025.pdf,/home/elias/Documentos/Embeddings/SIEM/SIEM/CP/5aRM_RMF_2025-Segunda_version_anticipada_06102025/Anexo 1-A_Cuarta modificación_2a. versión anticipada_06102025.pdf,SIEM/CP/5aRM_RMF_2025-Segunda_version_anticipada_06102025/Anexo 1-A_Cuarta modificación_2a. versión anticipada_06102025.pdf,248001,0.24,2025-10-15T16:47:02,2025-10-16T15:09:51.950942,.pdf,083a9666c7146daf4bb54175d36398a2
2a RM RMF 2025-Primera_versión_anticipada-21022025.pdf,/home/elias/Documentos/Embeddings/SIEM/SIEM/CP/2a_RM_RMF_2025-primera_version_anticipada_y_Anexos_1_1-Ay9/2a RM RMF 2025-Primera_versión_anticipada-21022025.pdf,SIEM/CP/2a_RM_RMF_2025-primera_version_anticipada_y_Anexos_1_1-Ay9/2a RM RMF 2025-Primera_versión_anticipada-21022025.pdf,157597,0.15,2025-10-15T16:46:36,2025-10-16T15:09:51.921263,.pdf,2433482b367a8e8b7914e20d750b5a4e
Anexo 9_1a_versión_anticipada_21022025.pdf,/home/elias/Documentos/Embeddings/SIEM/SIEM/CP/2a_RM_RMF_2025-primera_version_anticipada_y_Anexos_1_1-Ay9/Anexo 9_1a_versión_anticipada_21022025.pdf,SIEM/CP/2a_RM_RMF_2025-primera_version_anticipada_y_Anexos_1_1-Ay9/Anexo 9_1a_versión_anticipada_21022025.pdf,145404,0.14,2025-10-15T16:46:36,2025-10-16T15:09:51.932827,.pdf,df5e80efab8a194c1d3ad4822713e9f2
Anexo 1-A_1a_versión_anticipada-21022025.pdf,/home/elias/Documentos/Embeddings/SIEM/SIEM/CP/2a_RM_RMF_2025-primera_version_anticipada_y_Anexos_1_1-Ay9/Anexo 1-A_1a_versión_anticipada-21022025.pdf,SIEM/CP/2a_RM_RMF_2025-primera_version_anticipada_y_Anexos_1_1-Ay9/Anexo 1-A_1a_versión_anticipada-21022025.pdf,157773,0.15,2025-10-15T16:46:36,2025-10-16T15:09:51.925487,.pdf,ec3d311a5b813427422e6bf678ebe3a7
Anexo 1_1a_versión_anticipada-21022025.pdf,/home/elias/Documentos/Embeddings/SIEM/SIEM/CP/2a_RM_RMF_2025-primera_version_anticipada_y_Anexos_1_1-Ay9/Anexo 1_1a_versión_anticipada-21022025.pdf,SIEM/CP/2a_RM_RMF_2025-primera_version_anticipada_y_Anexos_1_1-Ay9/Anexo 1_1a_versión_anticipada-21022025.pdf,127358,0.12,2025-10-15T16:46:36,2025-10-16T15:09:51.928974,.pdf,4b6f3a2740d6097acfe61dc3c24164da
Anexo 7_1ra. versión anticipada.pdf,/home/elias/Documentos/Embeddings/SIEM/SIEM/CP/4a_RM_RMF_2025-primera_version_anticipada_y_Anexo7/Anexo 7_1ra. versión anticipada.pdf,SIEM/CP/4a_RM_RMF_2025-primera_version_anticipada_y_Anexo7/Anexo 7_1ra. versión anticipada.pdf,125738,0.12,2025-10-15T16:46:54,2025-10-16T15:09:51.939693,.pdf,463eb3352bcd77e2ae238d169aff90b2
4a RM RMF 2025-Primera versión anticipada.pdf,/home/elias/Documentos/Embeddings/SIEM/SIEM/CP/4a_RM_RMF_2025-primera_version_anticipada_y_Anexo7/4a RM RMF 2025-Primera versión anticipada.pdf,SIEM/CP/4a_RM_RMF_2025-primera_version_anticipada_y_Anexo7/4a RM RMF 2025-Primera versión anticipada.pdf,98866,0.09,2025-10-15T16:46:54,2025-10-16T15:09:51.936334,.pdf,6877c983f997d801743132f222266f63
M1.8..pdf,/home/elias/Documentos/Embeddings/SIEM/SIEM/CP/ModelosRGCE2025/Modelos RGCE 2025/M1.8..pdf,SIEM/CP/ModelosRGCE2025/Modelos RGCE 2025/M1.8..pdf,87351,0.08,2025-10-15T16:49:28,2025-10-16T15:09:52.500431,.pdf,139e736aa931e1a7a4ca7a7355d48aa7
M1.4..pdf,/home/elias/Documentos/Embeddings/SIEM/SIEM/CP/ModelosRGCE2025/Modelos RGCE 2025/M1.4..pdf,SIEM/CP/ModelosRGCE2025/Modelos RGCE 2025/M1.4..pdf,23473,0.02,2025-10-15T16:49:28,2025-10-16T15:09:52.486309,.pdf,548eca2118b93ff2bf94ca6b0372d459
M1.10..pdf,/home/elias/Documentos/Embeddings/SIEM/SIEM/CP/ModelosRGCE2025/Modelos RGCE 2025/M1.10..pdf,SIEM/CP/ModelosRGCE2025/Modelos RGCE 2025/M1.10..pdf,75200,0.07,2025-10-15T16:49:28,2025-10-16T15:09:52.479022,.pdf,200056e567ae2d81f4878fd92322f564
M1.5..pdf,/home/elias/Documentos/Embeddings/SIEM/SIEM/CP/ModelosRGCE2025/Modelos RGCE 2025/M1.5..pdf,SIEM/CP/ModelosRGCE2025/Modelos RGCE 2025/M1.5..pdf,172874,0.16,2025-10-15T16:49:28,2025-10-16T15:09:52.491624,.pdf,ecb569b760b8be78d8c71362dadb2818
M1.9..pdf,/home/elias/Documentos/Embeddings/SIEM/SIEM/CP/ModelosRGCE2025/Modelos RGCE 2025/M1.9..pdf,SIEM/CP/ModelosRGCE2025/Modelos RGCE 2025/M1.9..pdf,28283,0.03,2025-10-15T16:49:28,2025-10-16T15:09:52.501464,.pdf,46e23e9efbffb049fad5cf568457dbe7
M1.7..pdf,/home/elias/Documentos/Embeddings/SIEM/SIEM/CP/ModelosRGCE2025/Modelos RGCE 2025/M1.7..pdf,SIEM/CP/ModelosRGCE2025/Modelos RGCE 2025/M1.7..pdf,119315,0.11,2025-10-15T16:49:28,2025-10-16T15:09:52.497964,.pdf,1951aaf4065fd2436f05c2ea20c88368
M1.2..pdf,/home/elias/Documentos/Embeddings/SIEM/SIEM/CP/ModelosRGCE2025/Modelos RGCE 2025/M1.2..pdf,SIEM/CP/ModelosRGCE2025/Modelos RGCE 2025/M1.2..pdf,20256,0.02,2025-10-15T16:49:28,2025-10-16T15:09:52.484087,.pdf,f65ed6c769fae6170a034addd97f9621
M1.1..pdf,/home/elias/Documentos/Embeddings/SIEM/SIEM/CP/ModelosRGCE2025/Modelos RGCE 2025/M1.1..pdf,SIEM/CP/ModelosRGCE2025/Modelos RGCE 2025/M1.1..pdf,198055,0.19,2025-10-15T16:49:28,2025-10-16T15:09:52.476714,.pdf,c900ed62ed792ce3dc66d1c7170657bd
M1.11..pdf,/home/elias/Documentos/Embeddings/SIEM/SIEM/CP/ModelosRGCE2025/Modelos RGCE 2025/M1.11..pdf,SIEM/CP/ModelosRGCE2025/Modelos RGCE 2025/M1.11..pdf,92857,0.09,2025-10-15T16:49:28,2025-10-16T15:09:52.483204,.pdf,7af0f4335eeffe2e79710910c9179419
M1.6..pdf,/home/elias/Documentos/Embeddings/SIEM/SIEM/CP/ModelosRGCE2025/Modelos RGCE 2025/M1.6..pdf,SIEM/CP/ModelosRGCE2025/Modelos RGCE 2025/M1.6..pdf,109074,0.1,2025-10-15T16:49:28,2025-10-16T15:09:52.494657,.pdf,ea4d471bee64849c84d5df5f5cf5f9fd
M1.3..pdf,/home/elias/Documentos/Embeddings/SIEM/SIEM/CP/ModelosRGCE2025/Modelos RGCE 2025/M1.3..pdf,SIEM/CP/ModelosRGCE2025/Modelos RGCE 2025/M1.3..pdf,21128,0.02,2025-10-15T16:49:28,2025-10-16T15:09:52.484946,.pdf,546ce479252a5ef9b0b54d8e7f2c34a8
D2 Inglés.pdf,/home/elias/Documentos/Embeddings/SIEM/SIEM/CP/FormatosRGCE2025/Formatos RGCE 2025/D2 Inglés.pdf,SIEM/CP/FormatosRGCE2025/Formatos RGCE 2025/D2 Inglés.pdf,588525,0.56,2025-10-15T16:49:18,2025-10-16T15:09:52.130716,.pdf,aed0feefe4b58dc8acd1637d2a67af90
D3 Español.pdf,/home/elias/Documentos/Embeddings/SIEM/SIEM/CP/FormatosRGCE2025/Formatos RGCE 2025/D3 Español.pdf,SIEM/CP/FormatosRGCE2025/Formatos RGCE 2025/D3 Español.pdf,214504,0.2,2025-10-15T16:49:18,2025-10-16T15:09:52.136336,.pdf,207dde9c9eb5cf26f81b88015ba79e59
D3 Inglés.pdf,/home/elias/Documentos/Embeddings/SIEM/SIEM/CP/FormatosRGCE2025/Formatos RGCE 2025/D3 Inglés.pdf,SIEM/CP/FormatosRGCE2025/Formatos RGCE 2025/D3 Inglés.pdf,219304,0.21,2025-10-15T16:49:18,2025-10-16T15:09:52.142024,.pdf,87ceb648e4e7ce3606bf868aacf3214b
D4 Inglés.pdf,/home/elias/Documentos/Embeddings/SIEM/SIEM/CP/FormatosRGCE2025/Formatos RGCE 2025/D4 Inglés.pdf,SIEM/CP/FormatosRGCE2025/Formatos RGCE 2025/D4 Inglés.pdf,1468119,1.4,2025-10-15T16:49:18,2025-10-16T15:09:52.219448,.pdf,a4df248cf321192f192b222b5601845f
D4 Español.pdf,/home/elias/Documentos/Embeddings/SIEM/SIEM/CP/FormatosRGCE2025/Formatos RGCE 2025/D4 Español.pdf,SIEM/CP/FormatosRGCE2025/Formatos RGCE 2025/D4 Español.pdf,1613835,1.54,2025-10-15T16:49:18,2025-10-16T15:09:52.182543,.pdf,fde2561a5d242510d729838e9f185f5e
E1.pdf,/home/elias/Documentos/Embeddings/SIEM/SIEM/CP/FormatosRGCE2025/Formatos RGCE 2025/E1.pdf,SIEM/CP/FormatosRGCE2025/Formatos RGCE 2025/E1.pdf,70193,0.07,2025-10-15T16:49:18,2025-10-16T15:09:52.332302,.pdf,4cbc0d8d5800a1913fa3007ebeef88e3
D2 Español.pdf,/home/elias/Documentos/Embeddings/SIEM/SIEM/CP/FormatosRGCE2025/Formatos RGCE 2025/D2 Español.pdf,SIEM/CP/FormatosRGCE2025/Formatos RGCE 2025/D2 Español.pdf,604922,0.58,2025-10-15T16:49:18,2025-10-16T15:09:52.115504,.pdf,f83e9b1abb41827cf71a51a85fd7a398
D5.pdf,/home/elias/Documentos/Embeddings/SIEM/SIEM/CP/FormatosRGCE2025/Formatos RGCE 2025/D5.pdf,SIEM/CP/FormatosRGCE2025/Formatos RGCE 2025/D5.pdf,1371777,1.31,2025-10-15T16:49:18,2025-10-16T15:09:52.253870,.pdf,f36ec9bcc16f2c0ae05eb6c8dd82e27a
B1.pdf,/home/elias/Documentos/Embeddings/SIEM/SIEM/CP/FormatosRGCE2025/Formatos RGCE 2025/B1.pdf,SIEM/CP/FormatosRGCE2025/Formatos RGCE 2025/B1.pdf,459650,0.44,2025-10-15T16:49:18,2025-10-16T15:09:52.013369,.pdf,e34be6a6aed87968ac223a2001af21ba
D7 Español.pdf,/home/elias/Documentos/Embeddings/SIEM/SIEM/CP/FormatosRGCE2025/Formatos RGCE 2025/D7 Español.pdf,SIEM/CP/FormatosRGCE2025/Formatos RGCE 2025/D7 Español.pdf,675391,0.64,2025-10-15T16:49:18,2025-10-16T15:09:52.276345,.pdf,6bf3ba274155e673c85ae99da98bb59e
D7 Inglés.pdf,/home/elias/Documentos/Embeddings/SIEM/SIEM/CP/FormatosRGCE2025/Formatos RGCE 2025/D7 Inglés.pdf,SIEM/CP/FormatosRGCE2025/Formatos RGCE 2025/D7 Inglés.pdf,486952,0.46,2025-10-15T16:49:18,2025-10-16T15:09:52.324693,.pdf,9916ba552976f163a8ea6e19b1254347
D7 Francés.pdf,/home/elias/Documentos/Embeddings/SIEM/SIEM/CP/FormatosRGCE2025/Formatos RGCE 2025/D7 Francés.pdf,SIEM/CP/FormatosRGCE2025/Formatos RGCE 2025/D7 Francés.pdf,1428394,1.36,2025-10-15T16:49:18,2025-10-16T15:09:52.312285,.pdf,5214a257bd480ccd772eb968bc6e1902
B9.pdf,/home/elias/Documentos/Embeddings/SIEM/SIEM/CP/FormatosRGCE2025/Formatos RGCE 2025/B9.pdf,SIEM/CP/FormatosRGCE2025/Formatos RGCE 2025/B9.pdf,595038,0.57,2025-10-15T16:49:18,2025-10-16T15:09:52.087620,.pdf,d1400f48c63600ac7f0c8f98385f11cd
DOF_270222_Vehiculos_procedencia_extr_ref.pdf,/home/elias/Documentos/Embeddings/SIEM/SIEM/ANAM/Tablas/DOF_270222_Vehiculos_procedencia_extr_ref.pdf,SIEM/ANAM/Tablas/DOF_270222_Vehiculos_procedencia_extr_ref.pdf,2112543,2.01,2025-10-09T16:35:16,2025-10-16T15:09:38.645794,.pdf,304ee0e7448eab9681959e4f56282202
DOF_220224_Codigo_de_conducta_ANAM.pdf,/home/elias/Documentos/Embeddings/SIEM/SIEM/ANAM/Tablas/DOF_220224_Codigo_de_conducta_ANAM.pdf,SIEM/ANAM/Tablas/DOF_220224_Codigo_de_conducta_ANAM.pdf,4259780,4.06,2025-10-09T16:36:46,2025-10-16T15:09:32.369798,.pdf,116b960685899329a6c597f3cd1c342f
DOF_190122_Vehiculos_procedencia_extr.pdf,/home/elias/Documentos/Embeddings/SIEM/SIEM/ANAM/Tablas/DOF_190122_Vehiculos_procedencia_extr.pdf,SIEM/ANAM/Tablas/DOF_190122_Vehiculos_procedencia_extr.pdf,1485479,1.42,2025-10-09T16:34:28,2025-10-16T15:09:31.543391,.pdf,11bbd249df80637ab98a5ceeaf99b7dc
DOF_010322_Circunscripción_Aduanas.pdf,/home/elias/Documentos/Embeddings/SIEM/SIEM/ANAM/Tablas/DOF_010322_Circunscripción_Aduanas.pdf,SIEM/ANAM/Tablas/DOF_010322_Circunscripción_Aduanas.pdf,3924550,3.74,2025-10-09T16:32:32,2025-10-16T15:09:29.902511,.pdf,2731f58e88cbc59534765ae161b91739
Manual-de-Operacion-Aduanera-MOA-may2022.pdf,/home/elias/Documentos/Embeddings/SIEM/SIEM/ANAM/Tablas/Manual-de-Operacion-Aduanera-MOA-may2022.pdf,SIEM/ANAM/Tablas/Manual-de-Operacion-Aduanera-MOA-may2022.pdf,17882312,17.05,2025-10-09T16:31:12,2025-10-16T15:09:43.758137,.pdf,2fe624653a2c28e7d1579e84d108e8ec
imagen_Informe-de-Gestion-Gubernamental_ANAM_2018_2024.pdf,/home/elias/Documentos/Embeddings/SIEM/SIEM/ANAM/Tablas/imagen_Informe-de-Gestion-Gubernamental_ANAM_2018_2024.pdf,SIEM/ANAM/Tablas/imagen_Informe-de-Gestion-Gubernamental_ANAM_2018_2024.pdf,2341868,2.23,2025-10-09T16:43:34,2025-10-16T15:09:43.314771,.pdf,210438bf8eb53f9a99b0012d12de9e62
DOF_110621_Reglas_Comercio_Exterior_2021.pdf,/home/elias/Documentos/Embeddings/SIEM/SIEM/ANAM/Tablas/DOF_110621_Reglas_Comercio_Exterior_2021.pdf,SIEM/ANAM/Tablas/DOF_110621_Reglas_Comercio_Exterior_2021.pdf,2968181,2.83,2025-10-09T16:41:16,2025-10-16T15:09:29.976621,.pdf,ecb336141992e5be08e5452238dd8228
DOF_240619_Reglas_Comercio_Exterior_2019.pdf,/home/elias/Documentos/Embeddings/SIEM/SIEM/ANAM/Tablas/DOF_240619_Reglas_Comercio_Exterior_2019.pdf,SIEM/ANAM/Tablas/DOF_240619_Reglas_Comercio_Exterior_2019.pdf,60328347,57.53,2025-10-09T16:51:58,2025-10-16T15:09:33.892336,.pdf,d55b5206ad3436ed4a1d5a0b9d5117eb
DOF_1703_22_Circunscripción_Aduanas_mod.pdf,/home/elias/Documentos/Embeddings/SIEM/SIEM/ANAM/Tablas/DOF_1703_22_Circunscripción_Aduanas_mod.pdf,SIEM/ANAM/Tablas/DOF_1703_22_Circunscripción_Aduanas_mod.pdf,708531,0.68,2025-10-09T16:33:18,2025-10-16T15:09:30.092568,.pdf,aead024a5d2cf77e10644844c4a558c4
DOF_210122_Vehiculos_procedencia_extr.pdf,/home/elias/Documentos/Embeddings/SIEM/SIEM/ANAM/Tablas/DOF_210122_Vehiculos_procedencia_extr.pdf,SIEM/ANAM/Tablas/DOF_210122_Vehiculos_procedencia_extr.pdf,74054,0.07,2025-10-09T16:36:00,2025-10-16T15:09:31.545594,.pdf,52deb9c91f7788c68874d4e108d4fe81
DOF_181217_Reglas_Comercio_Exterior_2018.pdf,/home/elias/Documentos/Embeddings/SIEM/SIEM/ANAM/Tablas/DOF_181217_Reglas_Comercio_Exterior_2018.pdf,SIEM/ANAM/Tablas/DOF_181217_Reglas_Comercio_Exterior_2018.pdf,57144587,54.5,2025-10-09T16:47:08,2025-10-16T15:09:31.505997,.pdf,cfb97931025a50269d9670eaff825857
DOF_300620_Reglas_Comercio_Exterior_2020.pdf,/home/elias/Documentos/Embeddings/SIEM/SIEM/ANAM/Tablas/DOF_300620_Reglas_Comercio_Exterior_2020.pdf,SIEM/ANAM/Tablas/DOF_300620_Reglas_Comercio_Exterior_2020.pdf,186389096,177.75,2025-10-09T17:07:28,2025-10-16T15:09:43.256274,.pdf,2a3ddf32d7b591ba0b8e2780aceadc7c
DOF_140721_ANAM.pdf,/home/elias/Documentos/Embeddings/SIEM/SIEM/ANAM/Tablas/DOF_140721_ANAM.pdf,SIEM/ANAM/Tablas/DOF_140721_ANAM.pdf,2020690,1.93,2025-10-09T16:29:16,2025-10-16T15:09:30.074362,.pdf,a1396bd6d75fa298b46bfa3691a07f5c
DOF_121121_Ley_Aduanera.pdf,/home/elias/Documentos/Embeddings/SIEM/SIEM/ANAM/Tablas/DOF_121121_Ley_Aduanera.pdf,SIEM/ANAM/Tablas/DOF_121121_Ley_Aduanera.pdf,1874040,1.79,2025-10-09T16:30:58,2025-10-16T15:09:30.023625,.pdf,0c8ebdfb1814ebf3b37c6794e4987363
DOF_211221_Reglamento_ANAM.pdf,/home/elias/Documentos/Embeddings/SIEM/SIEM/ANAM/Tablas/DOF_211221_Reglamento_ANAM.pdf,SIEM/ANAM/Tablas/DOF_211221_Reglamento_ANAM.pdf,29021546,27.68,2025-10-09T16:31:36,2025-10-16T15:09:32.263785,.pdf,ddbff3bd6e4bd6154c7bd1a7244c1d71
Poblalines_ANAM.pdf,/home/elias/Documentos/Embeddings/SIEM/SIEM/ANAM/Tablas/Poblalines_ANAM.pdf,SIEM/ANAM/Tablas/Poblalines_ANAM.pdf,6148064,5.86,2025-10-09T16:37:22,2025-10-16T15:09:43.911348,.pdf,6c439097277bbe65e86d2ec717555a63
DOF_241221_Reglas_Comercio_Exterior_2022.pdf,/home/elias/Documentos/Embeddings/SIEM/SIEM/ANAM/Tablas/DOF_241221_Reglas_Comercio_Exterior_2022.pdf,SIEM/ANAM/Tablas/DOF_241221_Reglas_Comercio_Exterior_2022.pdf,184541370,175.99,2025-10-09T17:07:38,2025-10-16T15:09:38.584268,.pdf,7c7da0d0b1b35111f35c0a0b482cb683
Reforma_sat21dic21.doc,/home/elias/Documentos/Embeddings/SIEM/SIEM/Marco_jurídico/04_Reglamentos_disposiciones/Reforma_sat21dic21.doc,SIEM/Marco_jurídico/04_Reglamentos_disposiciones/Reforma_sat21dic21.doc,737280,0.7,2025-10-15T12:25:16,2025-10-16T15:10:31.112328,.doc,38478867de85fd04ee923f915b5aaf1f
A9.doc,/home/elias/Documentos/Embeddings/SIEM/SIEM/Marco_jurídico/04_Reglamentos_disposiciones/Tablas/A9.doc,SIEM/Marco_jurídico/04_Reglamentos_disposiciones/Tablas/A9.doc,202240,0.19,2025-10-15T13:10:20,2025-10-16T15:10:31.832622,.doc,962636ff47cbd30c9f2546ed0a0c0de8
E6.doc,/home/elias/Documentos/Embeddings/SIEM/SIEM/Marco_jurídico/04_Reglamentos_disposiciones/Tablas/E6.doc,SIEM/Marco_jurídico/04_Reglamentos_disposiciones/Tablas/E6.doc,478208,0.46,2025-10-15T13:10:20,2025-10-16T15:10:35.864682,.doc,6a6a2c161e6313cdeab3c5480d30f85c
E4.doc,/home/elias/Documentos/Embeddings/SIEM/SIEM/Marco_jurídico/04_Reglamentos_disposiciones/Tablas/E4.doc,SIEM/Marco_jurídico/04_Reglamentos_disposiciones/Tablas/E4.doc,415744,0.4,2025-10-15T13:10:20,2025-10-16T15:10:35.835166,.doc,bff7932093667455919200b8cc7c63fc
B8.doc,/home/elias/Documentos/Embeddings/SIEM/SIEM/Marco_jurídico/04_Reglamentos_disposiciones/Tablas/B8.doc,SIEM/Marco_jurídico/04_Reglamentos_disposiciones/Tablas/B8.doc,192512,0.18,2025-10-15T13:10:20,2025-10-16T15:10:32.868029,.doc,75c218b371b413f749e6a575090619d7
F1.doc,/home/elias/Documentos/Embeddings/SIEM/SIEM/Marco_jurídico/04_Reglamentos_disposiciones/Tablas/F1.doc,SIEM/Marco_jurídico/04_Reglamentos_disposiciones/Tablas/F1.doc,254976,0.24,2025-10-15T13:10:20,2025-10-16T15:10:35.918211,.doc,f7b990af3dc274275e0448650ec4d0aa
B13.doc,/home/elias/Documentos/Embeddings/SIEM/SIEM/Marco_jurídico/04_Reglamentos_disposiciones/Tablas/B13.doc,SIEM/Marco_jurídico/04_Reglamentos_disposiciones/Tablas/B13.doc,199680,0.19,2025-10-15T13:10:20,2025-10-16T15:10:32.777504,.doc,d69d8caa815eaf7262cdcaadcaf965c1
B2.doc,/home/elias/Documentos/Embeddings/SIEM/SIEM/Marco_jurídico/04_Reglamentos_disposiciones/Tablas/B2.doc,SIEM/Marco_jurídico/04_Reglamentos_disposiciones/Tablas/B2.doc,185344,0.18,2025-10-15T13:10:20,2025-10-16T15:10:32.802760,.doc,d22467564935dcc6b412cd184c6e8858
A6.doc,/home/elias/Documentos/Embeddings/SIEM/SIEM/Marco_jurídico/04_Reglamentos_disposiciones/Tablas/A6.doc,SIEM/Marco_jurídico/04_Reglamentos_disposiciones/Tablas/A6.doc,208896,0.2,2025-10-15T13:10:20,2025-10-16T15:10:31.794438,.doc,6edfc2372950f59199bd79787d4abb73
C3.doc,/home/elias/Documentos/Embeddings/SIEM/SIEM/Marco_jurídico/04_Reglamentos_disposiciones/Tablas/C3.doc,SIEM/Marco_jurídico/04_Reglamentos_disposiciones/Tablas/C3.doc,265728,0.25,2025-10-15T13:10:20,2025-10-16T15:10:32.921317,.doc,0415b8e452cb78f2a995e3dc5bd651ee
E13.doc,/home/elias/Documentos/Embeddings/SIEM/SIEM/Marco_jurídico/04_Reglamentos_disposiciones/Tablas/E13.doc,SIEM/Marco_jurídico/04_Reglamentos_disposiciones/Tablas/E13.doc,214016,0.2,2025-10-15T13:10:20,2025-10-16T15:10:35.801360,.doc,2335be63bd187e93a036901fd28f8169
B4.doc,/home/elias/Documentos/Embeddings/SIEM/SIEM/Marco_jurídico/04_Reglamentos_disposiciones/Tablas/B4.doc,SIEM/Marco_jurídico/04_Reglamentos_disposiciones/Tablas/B4.doc,201728,0.19,2025-10-15T13:10:20,2025-10-16T15:10:32.828608,.doc,bd4678a07654448d58bef14e2966aefb
B11.doc,/home/elias/Documentos/Embeddings/SIEM/SIEM/Marco_jurídico/04_Reglamentos_disposiciones/Tablas/B11.doc,SIEM/Marco_jurídico/04_Reglamentos_disposiciones/Tablas/B11.doc,218624,0.21,2025-10-15T13:10:20,2025-10-16T15:10:32.751931,.doc,e3fbd47f089cad19c4d4fb1994fa2bf6
E7.doc,/home/elias/Documentos/Embeddings/SIEM/SIEM/Marco_jurídico/04_Reglamentos_disposiciones/Tablas/E7.doc,SIEM/Marco_jurídico/04_Reglamentos_disposiciones/Tablas/E7.doc,423424,0.4,2025-10-15T13:10:20,2025-10-16T15:10:35.879212,.doc,9713398dd471b12ed74b4107ae2c7230
E9.doc,/home/elias/Documentos/Embeddings/SIEM/SIEM/Marco_jurídico/04_Reglamentos_disposiciones/Tablas/E9.doc,SIEM/Marco_jurídico/04_Reglamentos_disposiciones/Tablas/E9.doc,471040,0.45,2025-10-15T13:10:20,2025-10-16T15:10:35.908708,.doc,4a51cc494f1c5043afb6a62082bf6fb3
D6.doc,/home/elias/Documentos/Embeddings/SIEM/SIEM/Marco_jurídico/04_Reglamentos_disposiciones/Tablas/D6.doc,SIEM/Marco_jurídico/04_Reglamentos_disposiciones/Tablas/D6.doc,193536,0.18,2025-10-15T13:10:20,2025-10-16T15:10:35.629472,.doc,32101861d874c40c3cd39662719508f9
E10.doc,/home/elias/Documentos/Embeddings/SIEM/SIEM/Marco_jurídico/04_Reglamentos_disposiciones/Tablas/E10.doc,SIEM/Marco_jurídico/04_Reglamentos_disposiciones/Tablas/E10.doc,388608,0.37,2025-10-15T13:10:20,2025-10-16T15:10:35.764931,.doc,aacd76bf4ceaa12edee0406792f2d786
B3.doc,/home/elias/Documentos/Embeddings/SIEM/SIEM/Marco_jurídico/04_Reglamentos_disposiciones/Tablas/B3.doc,SIEM/Marco_jurídico/04_Reglamentos_disposiciones/Tablas/B3.doc,198656,0.19,2025-10-15T13:10:20,2025-10-16T15:10:32.815788,.doc,d1b1a0b8e85bdc66f49cf7e3d319b87c
E5.doc,/home/elias/Documentos/Embeddings/SIEM/SIEM/Marco_jurídico/04_Reglamentos_disposiciones/Tablas/E5.doc,SIEM/Marco_jurídico/04_Reglamentos_disposiciones/Tablas/E5.doc,428544,0.41,2025-10-15T13:10:20,2025-10-16T15:10:35.849382,.doc,998e9194ebe9cff4fa682ef505faa4c9
E12.doc,/home/elias/Documentos/Embeddings/SIEM/SIEM/Marco_jurídico/04_Reglamentos_disposiciones/Tablas/E12.doc,SIEM/Marco_jurídico/04_Reglamentos_disposiciones/Tablas/E12.doc,188416,0.18,2025-10-15T13:10:20,2025-10-16T15:10:35.787993,.doc,39e94ab3c4ee5e9a166ce1b0c386e8fe
A4.doc,/home/elias/Documentos/Embeddings/SIEM/SIEM/Marco_jurídico/04_Reglamentos_disposiciones/Tablas/A4.doc,SIEM/Marco_jurídico/04_Reglamentos_disposiciones/Tablas/A4.doc,220672,0.21,2025-10-15T13:10:20,2025-10-16T15:10:31.767506,.doc,61e5d12b44b6ebc07424d2fdd0d94652
E8.doc,/home/elias/Documentos/Embeddings/SIEM/SIEM/Marco_jurídico/04_Reglamentos_disposiciones/Tablas/E8.doc,SIEM/Marco_jurídico/04_Reglamentos_disposiciones/Tablas/E8.doc,477696,0.46,2025-10-15T13:10:20,2025-10-16T15:10:35.894612,.doc,2b4c94c28044336103e675176bd489bd
B10.doc,/home/elias/Documentos/Embeddings/SIEM/SIEM/Marco_jurídico/04_Reglamentos_disposiciones/Tablas/B10.doc,SIEM/Marco_jurídico/04_Reglamentos_disposiciones/Tablas/B10.doc,228352,0.22,2025-10-15T13:10:20,2025-10-16T15:10:32.738200,.doc,699539515ce37f0443f5a937eec01c2f
B12.doc,/home/elias/Documentos/Embeddings/SIEM/SIEM/Marco_jurídico/04_Reglamentos_disposiciones/Tablas/B12.doc,SIEM/Marco_jurídico/04_Reglamentos_disposiciones/Tablas/B12.doc,206848,0.2,2025-10-15T13:10:20,2025-10-16T15:10:32.764856,.doc,74d4cde68fa0ef63bfb34c4882c766d2
A5.doc,/home/elias/Documentos/Embeddings/SIEM/SIEM/Marco_jurídico/04_Reglamentos_disposiciones/Tablas/A5.doc,SIEM/Marco_jurídico/04_Reglamentos_disposiciones/Tablas/A5.doc,198144,0.19,2025-10-15T13:10:20,2025-10-16T15:10:31.780465,.doc,d9a77f066e09d364b0f336c2f158cfab
A8.doc,/home/elias/Documentos/Embeddings/SIEM/SIEM/Marco_jurídico/04_Reglamentos_disposiciones/Tablas/A8.doc,SIEM/Marco_jurídico/04_Reglamentos_disposiciones/Tablas/A8.doc,215552,0.21,2025-10-15T13:10:20,2025-10-16T15:10:31.820055,.doc,3fb0d3dedc54e7baf596f40c60e37acd
B5.doc,/home/elias/Documentos/Embeddings/SIEM/SIEM/Marco_jurídico/04_Reglamentos_disposiciones/Tablas/B5.doc,SIEM/Marco_jurídico/04_Reglamentos_disposiciones/Tablas/B5.doc,186880,0.18,2025-10-15T13:10:20,2025-10-16T15:10:32.842543,.doc,06352664e5a7255bef8875636cf5cd0d
E11.doc,/home/elias/Documentos/Embeddings/SIEM/SIEM/Marco_jurídico/04_Reglamentos_disposiciones/Tablas/E11.doc,SIEM/Marco_jurídico/04_Reglamentos_disposiciones/Tablas/E11.doc,472576,0.45,2025-10-15T13:10:20,2025-10-16T15:10:35.780834,.doc,573e27184add5b1ca6c6f6694f10f730
B6.doc,/home/elias/Documentos/Embeddings/SIEM/SIEM/Marco_jurídico/04_Reglamentos_disposiciones/Tablas/B6.doc,SIEM/Marco_jurídico/04_Reglamentos_disposiciones/Tablas/B6.doc,188928,0.18,2025-10-15T13:10:20,2025-10-16T15:10:32.855327,.doc,43a2e48e877d917201c6136c84b660a6
D8.doc,/home/elias/Documentos/Embeddings/SIEM/SIEM/Marco_jurídico/04_Reglamentos_disposiciones/Tablas/D8.doc,SIEM/Marco_jurídico/04_Reglamentos_disposiciones/Tablas/D8.doc,212992,0.2,2025-10-15T13:10:20,2025-10-16T15:10:35.735012,.doc,1b19d265c069d8c221ab4f844f9c8825
B16.doc,/home/elias/Documentos/Embeddings/SIEM/SIEM/Marco_jurídico/04_Reglamentos_disposiciones/Tablas/B16.doc,SIEM/Marco_jurídico/04_Reglamentos_disposiciones/Tablas/B16.doc,222720,0.21,2025-10-15T13:10:20,2025-10-16T15:10:32.790800,.doc,1dd1d8ec950502b586723ae240af1bb7
F2.doc,/home/elias/Documentos/Embeddings/SIEM/SIEM/Marco_jurídico/04_Reglamentos_disposiciones/Tablas/F2.doc,SIEM/Marco_jurídico/04_Reglamentos_disposiciones/Tablas/F2.doc,214016,0.2,2025-10-15T13:10:20,2025-10-16T15:10:35.931138,.doc,4d564adaf7756fde161c4c85e10ae2dd
A2.doc,/home/elias/Documentos/Embeddings/SIEM/SIEM/Marco_jurídico/04_Reglamentos_disposiciones/Tablas/A2.doc,SIEM/Marco_jurídico/04_Reglamentos_disposiciones/Tablas/A2.doc,204288,0.19,2025-10-15T13:10:20,2025-10-16T15:10:31.741570,.doc,b39d6c43892660335b7d82ad7cebcd8f
A7.doc,/home/elias/Documentos/Embeddings/SIEM/SIEM/Marco_jurídico/04_Reglamentos_disposiciones/Tablas/A7.doc,SIEM/Marco_jurídico/04_Reglamentos_disposiciones/Tablas/A7.doc,200192,0.19,2025-10-15T13:10:20,2025-10-16T15:10:31.806935,.doc,b636e226630ce32919c14f20977a080c
A3.doc,/home/elias/Documentos/Embeddings/SIEM/SIEM/Marco_jurídico/04_Reglamentos_disposiciones/Tablas/A3.doc,SIEM/Marco_jurídico/04_Reglamentos_disposiciones/Tablas/A3.doc,198656,0.19,2025-10-15T13:10:20,2025-10-16T15:10:31.754217,.doc,e2d80f29cd3351edf9aca31c8f5486de
E3.doc,/home/elias/Documentos/Embeddings/SIEM/SIEM/Marco_jurídico/04_Reglamentos_disposiciones/Tablas/E3.doc,SIEM/Marco_jurídico/04_Reglamentos_disposiciones/Tablas/E3.doc,492544,0.47,2025-10-15T13:10:20,2025-10-16T15:10:35.822645,.doc,0c89111c19bdbfc26a54e4df72b50bdf
F3.doc,/home/elias/Documentos/Embeddings/SIEM/SIEM/Marco_jurídico/04_Reglamentos_disposiciones/Tablas/F3.doc,SIEM/Marco_jurídico/04_Reglamentos_disposiciones/Tablas/F3.doc,212480,0.2,2025-10-15T13:10:20,2025-10-16T15:10:35.943998,.doc,bbfddb13e00c793fd7940f6db269922f
C2.doc,/home/elias/Documentos/Embeddings/SIEM/SIEM/Marco_jurídico/04_Reglamentos_disposiciones/Tablas/C2.doc,SIEM/Marco_jurídico/04_Reglamentos_disposiciones/Tablas/C2.doc,192000,0.18,2025-10-15T13:10:20,2025-10-16T15:10:32.906786,.doc,55ce0614649d8dddc5dc382216b6c511
A1.doc,/home/elias/Documentos/Embeddings/SIEM/SIEM/Marco_jurídico/04_Reglamentos_disposiciones/Tablas/A1.doc,SIEM/Marco_jurídico/04_Reglamentos_disposiciones/Tablas/A1.doc,244224,0.23,2025-10-15T13:10:20,2025-10-16T15:10:31.729658,.doc,dd223378a169ef9ec3727421987d8506
A9.doc,/home/elias/Documentos/Embeddings/SIEM/SIEM/CP/FormatosRGCE2025/Formatos RGCE 2025/A9.doc,SIEM/CP/FormatosRGCE2025/Formatos RGCE 2025/A9.doc,202240,0.19,2025-10-15T16:49:18,2025-10-16T15:09:52.001622,.doc,962636ff47cbd30c9f2546ed0a0c0de8
E6.doc,/home/elias/Documentos/Embeddings/SIEM/SIEM/CP/FormatosRGCE2025/Formatos RGCE 2025/E6.doc,SIEM/CP/FormatosRGCE2025/Formatos RGCE 2025/E6.doc,478208,0.46,2025-10-15T16:49:18,2025-10-16T15:09:52.412844,.doc,6a6a2c161e6313cdeab3c5480d30f85c
E4.doc,/home/elias/Documentos/Embeddings/SIEM/SIEM/CP/FormatosRGCE2025/Formatos RGCE 2025/E4.doc,SIEM/CP/FormatosRGCE2025/Formatos RGCE 2025/E4.doc,415744,0.4,2025-10-15T16:49:18,2025-10-16T15:09:52.389099,.doc,bff7932093667455919200b8cc7c63fc
B8.doc,/home/elias/Documentos/Embeddings/SIEM/SIEM/CP/FormatosRGCE2025/Formatos RGCE 2025/B8.doc,SIEM/CP/FormatosRGCE2025/Formatos RGCE 2025/B8.doc,192512,0.18,2025-10-15T16:49:18,2025-10-16T15:09:52.072135,.doc,75c218b371b413f749e6a575090619d7
F1.doc,/home/elias/Documentos/Embeddings/SIEM/SIEM/CP/FormatosRGCE2025/Formatos RGCE 2025/F1.doc,SIEM/CP/FormatosRGCE2025/Formatos RGCE 2025/F1.doc,254976,0.24,2025-10-15T16:49:18,2025-10-16T15:09:52.455719,.doc,f7b990af3dc274275e0448650ec4d0aa
B13.doc,/home/elias/Documentos/Embeddings/SIEM/SIEM/CP/FormatosRGCE2025/Formatos RGCE 2025/B13.doc,SIEM/CP/FormatosRGCE2025/Formatos RGCE 2025/B13.doc,199680,0.19,2025-10-15T16:49:18,2025-10-16T15:09:52.035815,.doc,d69d8caa815eaf7262cdcaadcaf965c1
B2.doc,/home/elias/Documentos/Embeddings/SIEM/SIEM/CP/FormatosRGCE2025/Formatos RGCE 2025/B2.doc,SIEM/CP/FormatosRGCE2025/Formatos RGCE 2025/B2.doc,185344,0.18,2025-10-15T16:49:18,2025-10-16T15:09:52.046593,.doc,d22467564935dcc6b412cd184c6e8858
A6.doc,/home/elias/Documentos/Embeddings/SIEM/SIEM/CP/FormatosRGCE2025/Formatos RGCE 2025/A6.doc,SIEM/CP/FormatosRGCE2025/Formatos RGCE 2025/A6.doc,208896,0.2,2025-10-15T16:49:18,2025-10-16T15:09:51.985339,.doc,6edfc2372950f59199bd79787d4abb73
C3.doc,/home/elias/Documentos/Embeddings/SIEM/SIEM/CP/FormatosRGCE2025/Formatos RGCE 2025/C3.doc,SIEM/CP/FormatosRGCE2025/Formatos RGCE 2025/C3.doc,265728,0.25,2025-10-15T16:49:18,2025-10-16T15:09:52.099858,.doc,0415b8e452cb78f2a995e3dc5bd651ee
E13.doc,/home/elias/Documentos/Embeddings/SIEM/SIEM/CP/FormatosRGCE2025/Formatos RGCE 2025/E13.doc,SIEM/CP/FormatosRGCE2025/Formatos RGCE 2025/E13.doc,214016,0.2,2025-10-15T16:49:18,2025-10-16T15:09:52.364703,.doc,2335be63bd187e93a036901fd28f8169
B4.doc,/home/elias/Documentos/Embeddings/SIEM/SIEM/CP/FormatosRGCE2025/Formatos RGCE 2025/B4.doc,SIEM/CP/FormatosRGCE2025/Formatos RGCE 2025/B4.doc,201728,0.19,2025-10-15T16:49:18,2025-10-16T15:09:52.057164,.doc,bd4678a07654448d58bef14e2966aefb
B11.doc,/home/elias/Documentos/Embeddings/SIEM/SIEM/CP/FormatosRGCE2025/Formatos RGCE 2025/B11.doc,SIEM/CP/FormatosRGCE2025/Formatos RGCE 2025/B11.doc,218624,0.21,2025-10-15T16:49:18,2025-10-16T15:09:52.025124,.doc,e3fbd47f089cad19c4d4fb1994fa2bf6
E7.doc,/home/elias/Documentos/Embeddings/SIEM/SIEM/CP/FormatosRGCE2025/Formatos RGCE 2025/E7.doc,SIEM/CP/FormatosRGCE2025/Formatos RGCE 2025/E7.doc,423424,0.4,2025-10-15T16:49:18,2025-10-16T15:09:52.423931,.doc,9713398dd471b12ed74b4107ae2c7230
E9.doc,/home/elias/Documentos/Embeddings/SIEM/SIEM/CP/FormatosRGCE2025/Formatos RGCE 2025/E9.doc,SIEM/CP/FormatosRGCE2025/Formatos RGCE 2025/E9.doc,471040,0.45,2025-10-15T16:49:18,2025-10-16T15:09:52.448788,.doc,4a51cc494f1c5043afb6a62082bf6fb3
D6.doc,/home/elias/Documentos/Embeddings/SIEM/SIEM/CP/FormatosRGCE2025/Formatos RGCE 2025/D6.doc,SIEM/CP/FormatosRGCE2025/Formatos RGCE 2025/D6.doc,193536,0.18,2025-10-15T16:49:18,2025-10-16T15:09:52.258983,.doc,32101861d874c40c3cd39662719508f9
E10.doc,/home/elias/Documentos/Embeddings/SIEM/SIEM/CP/FormatosRGCE2025/Formatos RGCE 2025/E10.doc,SIEM/CP/FormatosRGCE2025/Formatos RGCE 2025/E10.doc,388608,0.37,2025-10-15T16:49:18,2025-10-16T15:09:52.342184,.doc,aacd76bf4ceaa12edee0406792f2d786
B3.doc,/home/elias/Documentos/Embeddings/SIEM/SIEM/CP/FormatosRGCE2025/Formatos RGCE 2025/B3.doc,SIEM/CP/FormatosRGCE2025/Formatos RGCE 2025/B3.doc,198656,0.19,2025-10-15T16:49:18,2025-10-16T15:09:52.051840,.doc,d1b1a0b8e85bdc66f49cf7e3d319b87c
E5.doc,/home/elias/Documentos/Embeddings/SIEM/SIEM/CP/FormatosRGCE2025/Formatos RGCE 2025/E5.doc,SIEM/CP/FormatosRGCE2025/Formatos RGCE 2025/E5.doc,428544,0.41,2025-10-15T16:49:18,2025-10-16T15:09:52.400501,.doc,998e9194ebe9cff4fa682ef505faa4c9
E12.doc,/home/elias/Documentos/Embeddings/SIEM/SIEM/CP/FormatosRGCE2025/Formatos RGCE 2025/E12.doc,SIEM/CP/FormatosRGCE2025/Formatos RGCE 2025/E12.doc,188416,0.18,2025-10-15T16:49:18,2025-10-16T15:09:52.359121,.doc,39e94ab3c4ee5e9a166ce1b0c386e8fe
A4.doc,/home/elias/Documentos/Embeddings/SIEM/SIEM/CP/FormatosRGCE2025/Formatos RGCE 2025/A4.doc,SIEM/CP/FormatosRGCE2025/Formatos RGCE 2025/A4.doc,220672,0.21,2025-10-15T16:49:18,2025-10-16T15:09:51.974600,.doc,61e5d12b44b6ebc07424d2fdd0d94652
E8.doc,/home/elias/Documentos/Embeddings/SIEM/SIEM/CP/FormatosRGCE2025/Formatos RGCE 2025/E8.doc,SIEM/CP/FormatosRGCE2025/Formatos RGCE 2025/E8.doc,477696,0.46,2025-10-15T16:49:18,2025-10-16T15:09:52.436512,.doc,2b4c94c28044336103e675176bd489bd
B10.doc,/home/elias/Documentos/Embeddings/SIEM/SIEM/CP/FormatosRGCE2025/Formatos RGCE 2025/B10.doc,SIEM/CP/FormatosRGCE2025/Formatos RGCE 2025/B10.doc,228352,0.22,2025-10-15T16:49:18,2025-10-16T15:09:52.019371,.doc,699539515ce37f0443f5a937eec01c2f
B12.doc,/home/elias/Documentos/Embeddings/SIEM/SIEM/CP/FormatosRGCE2025/Formatos RGCE 2025/B12.doc,SIEM/CP/FormatosRGCE2025/Formatos RGCE 2025/B12.doc,206848,0.2,2025-10-15T16:49:18,2025-10-16T15:09:52.030515,.doc,74d4cde68fa0ef63bfb34c4882c766d2
A5.doc,/home/elias/Documentos/Embeddings/SIEM/SIEM/CP/FormatosRGCE2025/Formatos RGCE 2025/A5.doc,SIEM/CP/FormatosRGCE2025/Formatos RGCE 2025/A5.doc,198144,0.19,2025-10-15T16:49:18,2025-10-16T15:09:51.979823,.doc,d9a77f066e09d364b0f336c2f158cfab
A8.doc,/home/elias/Documentos/Embeddings/SIEM/SIEM/CP/FormatosRGCE2025/Formatos RGCE 2025/A8.doc,SIEM/CP/FormatosRGCE2025/Formatos RGCE 2025/A8.doc,215552,0.21,2025-10-15T16:49:18,2025-10-16T15:09:51.996296,.doc,3fb0d3dedc54e7baf596f40c60e37acd
B5.doc,/home/elias/Documentos/Embeddings/SIEM/SIEM/CP/FormatosRGCE2025/Formatos RGCE 2025/B5.doc,SIEM/CP/FormatosRGCE2025/Formatos RGCE 2025/B5.doc,186880,0.18,2025-10-15T16:49:18,2025-10-16T15:09:52.062055,.doc,06352664e5a7255bef8875636cf5cd0d
E11.doc,/home/elias/Documentos/Embeddings/SIEM/SIEM/CP/FormatosRGCE2025/Formatos RGCE 2025/E11.doc,SIEM/CP/FormatosRGCE2025/Formatos RGCE 2025/E11.doc,472576,0.45,2025-10-15T16:49:18,2025-10-16T15:09:52.354208,.doc,573e27184add5b1ca6c6f6694f10f730
B6.doc,/home/elias/Documentos/Embeddings/SIEM/SIEM/CP/FormatosRGCE2025/Formatos RGCE 2025/B6.doc,SIEM/CP/FormatosRGCE2025/Formatos RGCE 2025/B6.doc,188928,0.18,2025-10-15T16:49:18,2025-10-16T15:09:52.067020,.doc,43a2e48e877d917201c6136c84b660a6
D8.doc,/home/elias/Documentos/Embeddings/SIEM/SIEM/CP/FormatosRGCE2025/Formatos RGCE 2025/D8.doc,SIEM/CP/FormatosRGCE2025/Formatos RGCE 2025/D8.doc,212992,0.2,2025-10-15T16:49:18,2025-10-16T15:09:52.330303,.doc,1b19d265c069d8c221ab4f844f9c8825
B16.doc,/home/elias/Documentos/Embeddings/SIEM/SIEM/CP/FormatosRGCE2025/Formatos RGCE 2025/B16.doc,SIEM/CP/FormatosRGCE2025/Formatos RGCE 2025/B16.doc,222720,0.21,2025-10-15T16:49:18,2025-10-16T15:09:52.041696,.doc,1dd1d8ec950502b586723ae240af1bb7
F2.doc,/home/elias/Documentos/Embeddings/SIEM/SIEM/CP/FormatosRGCE2025/Formatos RGCE 2025/F2.doc,SIEM/CP/FormatosRGCE2025/Formatos RGCE 2025/F2.doc,214016,0.2,2025-10-15T16:49:18,2025-10-16T15:09:52.461452,.doc,4d564adaf7756fde161c4c85e10ae2dd
A2.doc,/home/elias/Documentos/Embeddings/SIEM/SIEM/CP/FormatosRGCE2025/Formatos RGCE 2025/A2.doc,SIEM/CP/FormatosRGCE2025/Formatos RGCE 2025/A2.doc,204288,0.19,2025-10-15T16:49:18,2025-10-16T15:09:51.963591,.doc,b39d6c43892660335b7d82ad7cebcd8f
A7.doc,/home/elias/Documentos/Embeddings/SIEM/SIEM/CP/FormatosRGCE2025/Formatos RGCE 2025/A7.doc,SIEM/CP/FormatosRGCE2025/Formatos RGCE 2025/A7.doc,200192,0.19,2025-10-15T16:49:18,2025-10-16T15:09:51.990608,.doc,b636e226630ce32919c14f20977a080c
A3.doc,/home/elias/Documentos/Embeddings/SIEM/SIEM/CP/FormatosRGCE2025/Formatos RGCE 2025/A3.doc,SIEM/CP/FormatosRGCE2025/Formatos RGCE 2025/A3.doc,198656,0.19,2025-10-15T16:49:18,2025-10-16T15:09:51.968853,.doc,e2d80f29cd3351edf9aca31c8f5486de
E3.doc,/home/elias/Documentos/Embeddings/SIEM/SIEM/CP/FormatosRGCE2025/Formatos RGCE 2025/E3.doc,SIEM/CP/FormatosRGCE2025/Formatos RGCE 2025/E3.doc,492544,0.47,2025-10-15T16:49:18,2025-10-16T15:09:52.378197,.doc,0c89111c19bdbfc26a54e4df72b50bdf
F3.doc,/home/elias/Documentos/Embeddings/SIEM/SIEM/CP/FormatosRGCE2025/Formatos RGCE 2025/F3.doc,SIEM/CP/FormatosRGCE2025/Formatos RGCE 2025/F3.doc,212480,0.2,2025-10-15T16:49:18,2025-10-16T15:09:52.467211,.doc,bbfddb13e00c793fd7940f6db269922f
C2.doc,/home/elias/Documentos/Embeddings/SIEM/SIEM/CP/FormatosRGCE2025/Formatos RGCE 2025/C2.doc,SIEM/CP/FormatosRGCE2025/Formatos RGCE 2025/C2.doc,192000,0.18,2025-10-15T16:49:18,2025-10-16T15:09:52.092846,.doc,55ce0614649d8dddc5dc382216b6c511
A1.doc,/home/elias/Documentos/Embeddings/SIEM/SIEM/CP/FormatosRGCE2025/Formatos RGCE 2025/A1.doc,SIEM/CP/FormatosRGCE2025/Formatos RGCE 2025/A1.doc,244224,0.23,2025-10-15T16:49:18,2025-10-16T15:09:51.958211,.doc,dd223378a169ef9ec3727421987d8506
